	0	1	2	3	4	5	6	7	8	9	10	11	12	13	14	15	16	17	18	19	20	21	22	23	24	25	26	27	28	29	30	31	32	33	34	35	36	37	38	39	40	41	42	43	44	45	46	47	48	49	50	51	52	53	54	55	56	57	58	59	60	61	62	63	64	65	66	67	68	69	70	71	72	73	74	75	76	77	78	79	80	81	82	83	84	85	86	87	88	89	90	91	92	93	94	95	96	97	98	99	100	101	102	103	104	105	106	107	108	109	110	111	112	113	114	115	116	117	118	119	120	121	122	123	124	125	126	127	128	129	130	131	132	133	134	135	136	137	138	139	140	141	142	143	144	145	146	147	148	149	150	151	152	153	154	155	156	157	158	159	160	161	162	163	164	165	166	167	168	169	170	171	172	173	174	175	176	177	178	179	180	181	182	183	184	185	186	187	188	189	190	191	192	193	194	195	196	197	198	199	200	201	202	203	204	205	206	207	208	209	210	211	212	213	214	215	216	217	218	219	220	221	222	223	224	225	226	227
2022	1.0	1.0	1.0	1.0	1.0	1.0	1.0	1.0	1.0	1.0	1.0	1.0	1.0	1.0	1.0	1.0	1.0	1.0	1.0	1.0	1.0	1.0	1.0	1.0	1.0	1.0	1.0	1.0	1.0	1.0	1.0	1.0	1.0	1.0	1.0	1.0	1.0	1.0	1.0	1.0	1.0	1.0	1.0	0.9999200319872051	0.9998973305954826	0.9998785818358427	0.9998779147845196	0.9998776459072556	0.9998771649674487	0.9998766802318412	0.9998766802318412	0.9998764516926119	0.9998759612999256	0.9998757763975156	0.9998742928975487	0.9998724489795918	0.9998695368558382	0.9998691955526487	0.9998691955526487	0.9998688008396747	0.999868195597733	0.9998679867986798	0.9998655010087424	0.9998644619137977	0.9998637416541764	0.9998629385964912	0.9998592936541438	0.9998548199767712	0.9997834794846812	0.9997537552327013	0.9997427321842037	0.999740428293316	0.9997358689910195	0.9997226459575649	0.9997225690109586	0.9996656636576395	0.999639379733141	0.9995761514552134	0.9995065992352288	0.9994991861775385	0.9994871794871795	0.9994286530495643	0.9993488735512437	0.9993465653843012	0.9992422328870927	0.9991353754940712	0.9991308666501117	0.9982660964050398	0.9955697760275658	0.9935111751982696	0.9929647000740558	0.9874122167748774	0.9856246732880293	0.9697073226284022	0.9518831447801804	0.9517786561264822	0.9409448818897638	0.8943764568764568	0.8923792350763975	0.8571220506845325	0.8397117296222664	0.7642988278491738	0.616034339518139	0.592578022554419	0.5923107203779031	0.5717573565674832	0.5661534268973974	0.5567023445463812	0.5478892419428053	0.5375707329911831	0.5304254173397954	0.5295293960805226	0.49646294792995477	0.4901804670912951	0.4795092024539877	0.47015893610120013	0.44895266369783937	0.424265962404847	0.3867980884109916	0.3658931462493254	0.35397849462365594	0.3465792707906596	0.3424776205602079	0.3328225132348844	0.32969160558705574	0.26430113329735566	0.2616227420787681	0.2476617046502437	0.24562875926703034	0.2417551704863052	0.21699610445823114	0.19745710784313725	0.1887882368386504	0.18339738662567256	0.15380056304637724	0.15254237288135594	0.14696247766527695	0.13240314680124685	0.1280305093979842	0.12578273890552683	0.1155011013215859	0.1063501849568434	0.1044308518573773	0.10345855694692904	0.1016831269995827	0.0881766600214691	0.08575924468922108	0.08479049818541735	0.08462553612669087	0.08446057406796437	0.08446057406796437	0.08444664357578756	0.08440487965710518	0.08429561200923788	0.08424002637652489	0.08413064995051138	0.08393799472295514	0.08393799472295514	0.08377308707124011	0.08377308707124011	0.08377308707124011	0.08377308707124011	0.08377308707124011	0.08311345646437995	0.083072358661612	0.083072358661612	0.08296222991918192	0.0829348722176422	0.08264599142197294	0.08255066732575383	0.08248102936324646	0.08239947264337508	0.08131288141184233	0.08056069008009858	0.07977251767599139	0.07905414859381558	0.07802705377763114	0.0769104892816233	0.07644072857569424	0.07614213197969544	0.07586618876941457	0.07586618876941457	0.07586618876941457	0.07571684587813621	0.07571684587813621	0.07571684587813621	0.07571684587813621	0.0755336617405583	0.07541816009557945	0.07526881720430108	0.0751194743130227	0.07509704389369962	0.07498132935026139	0.0749667307407955	0.07437275985663082	0.07422619920786269	0.07400775887794687	0.07376437210691354	0.07334761826273281	0.06932314410480349	0.06905021834061136	0.06865629816449488	0.06704824202780049	0.0670382866363503	0.0668716372021522	0.06634852216748768	0.06623899746382217	0.06579314190131029	0.06324874404225171	0.06151905829596412	0.05985968054933572	0.05937654626422563	0.05922137908281095	0.05867248684041597	0.054708520179372194	0.05345863503312279	0.048450889914304546	0.048153034300791556	0.04377054078279056	0.032497525569119105	0.03239773066587041	0.03206412825651302	0.02943813508667065	0.028853341306622815	0.013621353880022015	0.011103400416377515	0.008103727714748784	0.004710086080883547
2021	1.0001202067556196	1.0	1.0	1.0	1.0	1.0	1.0	1.0	1.0	1.0	1.0	1.0	1.0	0.9998973305954826	0.9998779147845196	0.9998776459072556	0.9998769836388239	0.9998766802318412	0.9998766802318412	0.9998764516926119	0.9998759612999256	0.9998757763975156	0.9998742928975487	0.9998724489795918	0.9998695368558382	0.9998691955526487	0.9998691955526487	0.9998688008396747	0.999868195597733	0.9998679867986798	0.9998655010087424	0.9998644619137977	0.9998637416541764	0.9998629385964912	0.9998592936541438	0.9998548199767712	0.9997742663656884	0.9997543299348974	0.9997537552327013	0.9997358689910195	0.9997226459575649	0.9995838535164377	0.9995761514552134	0.9995065992352288	0.9994991861775385	0.9994871794871795	0.9994286530495643	0.9993568304605094	0.9993488735512437	0.9991353754940712	0.9991308666501117	0.996502653159672	0.9955697760275658	0.995284729778745	0.9950933460986118	0.9950634696755994	0.9949964260185847	0.9949183303085299	0.9942505947660587	0.9941062557884988	0.9935111751982696	0.993088126388546	0.9930522280785817	0.9929824561403509	0.9874122167748774	0.9865843523685148	0.9856246732880293	0.9837013062073748	0.9795580763322699	0.9771323290343557	0.9757106491302503	0.9687325069972011	0.9683603857915785	0.9676508646041642	0.9671037497124454	0.9614129823377208	0.954235201969341	0.9518831447801804	0.9517786561264822	0.9492898357745229	0.9488716502115656	0.9456781687734882	0.9452394859813084	0.9441377070477428	0.9435770750988143	0.9433366238894373	0.9409448818897638	0.9378181013498562	0.9369218767413351	0.9288658805483655	0.9240143369175627	0.9019784172661871	0.9017630176301763	0.8942307692307693	0.8923792350763975	0.8643113577023499	0.8642408419678551	0.8572676958928052	0.8435840888671078	0.8397117296222664	0.7642988278491738	0.616034339518139	0.592578022554419	0.5923107203779031	0.5710997862896597	0.5661534268973974	0.5567023445463812	0.5475866243001967	0.5375707329911831	0.5304254173397954	0.5295293960805226	0.49646294792995477	0.4901804670912951	0.4795092024539877	0.47015893610120013	0.44895266369783937	0.424265962404847	0.3867980884109916	0.3658931462493254	0.35397849462365594	0.3465792707906596	0.3424776205602079	0.3328225132348844	0.32969160558705574	0.26430113329735566	0.2616227420787681	0.2476617046502437	0.21699610445823114	0.21303678836200868	0.21282839575181667	0.19745710784313725	0.1887882368386504	0.18324365872405843	0.1535042228478293	0.15254237288135594	0.14696247766527695	0.13240314680124685	0.12775810405883956	0.12578273890552683	0.1155011013215859	0.1063501849568434	0.1044308518573773	0.10345855694692904	0.10154402559465851	0.0881766600214691	0.08575924468922108	0.08479049818541735	0.08462553612669087	0.08446057406796437	0.08446057406796437	0.08444664357578756	0.08440487965710518	0.08429561200923788	0.08424002637652489	0.08413064995051138	0.08393799472295514	0.08393799472295514	0.08377308707124011	0.08377308707124011	0.08377308707124011	0.08377308707124011	0.08377308707124011	0.08311345646437995	0.083072358661612	0.083072358661612	0.08296222991918192	0.0829348722176422	0.08264599142197294	0.08255066732575383	0.08248102936324646	0.08239947264337508	0.08131288141184233	0.08040665434380777	0.07977251767599139	0.07905414859381558	0.07802705377763114	0.0769104892816233	0.07644072857569424	0.07614213197969544	0.07586618876941457	0.07586618876941457	0.07586618876941457	0.07571684587813621	0.07571684587813621	0.07571684587813621	0.07571684587813621	0.0755336617405583	0.07541816009557945	0.07526881720430108	0.0751194743130227	0.07509704389369962	0.07498132935026139	0.0749667307407955	0.07437275985663082	0.07422619920786269	0.07400775887794687	0.07376437210691354	0.07334761826273281	0.06932314410480349	0.06905021834061136	0.06865629816449488	0.06704824202780049	0.0670382866363503	0.0668716372021522	0.06634852216748768	0.06623899746382217	0.06324874404225171	0.06151905829596412	0.05985968054933572	0.05937654626422563	0.05922137908281095	0.058544100654769546	0.054708520179372194	0.05345863503312279	0.048450889914304546	0.048153034300791556	0.04377054078279056	0.032497525569119105	0.03239773066587041	0.03175581933096963	0.02943813508667065	0.028853341306622815	0.013621353880022015	0.011103400416377515	0.008103727714748784	0.004710086080883547
2020	0.9948089401586158	0.9868717948717949	0.9865622961513373	0.9860871869617066	0.9859356687068629	0.9859154929577465	0.9858731196860693	0.9857423152387181	0.9847412956027188	0.9839207615127348	0.9828314844162704	0.98170019467878	0.9815621370499419	0.9783840780282062	0.9765747750321383	0.9742286751361161	0.9730789336121275	0.9726732673267326	0.9723214285714286	0.9712467882050655	0.9698314108251996	0.9677875105962136	0.964542000844238	0.9637910085054678	0.9626893702266183	0.96162933560155	0.9586000272368241	0.9556546838100236	0.9533991228070176	0.9516586508817363	0.9509881422924901	0.9494236650199953	0.9483523873570948	0.9465979940363242	0.9444785652868198	0.9442703365581142	0.9441038586368554	0.9393331005586593	0.938646652370741	0.9373179864096519	0.9368950345694532	0.936031492188461	0.9349534518196106	0.9344181459566075	0.9341534008683068	0.9321559074299635	0.9312084666502585	0.9309409298310519	0.9305658512478379	0.9294713438735178	0.9291969902553349	0.9251617629105116	0.9250837721397798	0.9247722235902487	0.9240928165884966	0.9236942980354576	0.9232298136645962	0.9230006199628022	0.9218101102677932	0.921193497224425	0.9207501512401693	0.9154654817383765	0.9142148174406239	0.9081087498515968	0.9074095480291295	0.9066165584785332	0.9050699917656746	0.9017453798767967	0.895343942072914	0.8929195804195804	0.890670968966499	0.8894815182336889	0.8887356809503606	0.8872538172161982	0.8860915295960613	0.8713910761154856	0.8699720111955218	0.8682999769956292	0.8681715575620768	0.8675891551355608	0.8648468708388815	0.8559568890183513	0.8423143779488453	0.8379072063178677	0.837846873955199	0.8360835280373832	0.8236440402728159	0.816501976284585	0.7981018119068162	0.7847414234511009	0.7834706698213266	0.7642988278491738	0.754161227154047	0.747039124397615	0.745879458794588	0.7307063440156966	0.616034339518139	0.5709353937202039	0.5555555555555556	0.5475866243001967	0.529617662897146	0.5277962938274897	0.49646294792995477	0.48845541401273884	0.4795092024539877	0.46999675640609795	0.44895266369783937	0.4313939228777763	0.430582971443611	0.42552738120605155	0.42317849930091656	0.4215748363943424	0.3867980884109916	0.3658931462493254	0.35397849462365594	0.3465792707906596	0.3424776205602079	0.3328225132348844	0.32125570460517217	0.26430113329735566	0.2616227420787681	0.2476617046502437	0.21699610445823114	0.21303678836200868	0.21282839575181667	0.19745710784313725	0.1887882368386504	0.18308993082244426	0.1535042228478293	0.15254237288135594	0.14696247766527695	0.13240314680124685	0.12775810405883956	0.12578273890552683	0.1155011013215859	0.1063501849568434	0.1044308518573773	0.10345855694692904	0.10154402559465851	0.0944138473642801	0.0881766600214691	0.08479049818541735	0.08462553612669087	0.08446057406796437	0.08446057406796437	0.08444664357578756	0.08440487965710518	0.08429561200923788	0.08424002637652489	0.08413064995051138	0.08393799472295514	0.08393799472295514	0.08377308707124011	0.08377308707124011	0.08377308707124011	0.08377308707124011	0.08377308707124011	0.08311345646437995	0.083072358661612	0.083072358661612	0.08296222991918192	0.0829348722176422	0.08264599142197294	0.08255066732575383	0.08248102936324646	0.08239947264337508	0.08131288141184233	0.08040665434380777	0.07977251767599139	0.07802705377763114	0.07751504127605989	0.07644072857569424	0.07614213197969544	0.07609229258713794	0.07586618876941457	0.07586618876941457	0.07586618876941457	0.07571684587813621	0.07571684587813621	0.07571684587813621	0.07571684587813621	0.0755336617405583	0.07541816009557945	0.07526881720430108	0.0751194743130227	0.07509704389369962	0.07498132935026139	0.0749667307407955	0.07437275985663082	0.07422619920786269	0.07400775887794687	0.07376437210691354	0.07334761826273281	0.06932314410480349	0.06905021834061136	0.06865629816449488	0.06704824202780049	0.0670382866363503	0.06671790930053804	0.06623899746382217	0.06573275862068965	0.06324874404225171	0.06137892376681614	0.05985968054933572	0.05937654626422563	0.05922137908281095	0.05803055591218385	0.054708520179372194	0.05345863503312279	0.048450889914304546	0.048153034300791556	0.04377054078279056	0.032497525569119105	0.03239773066587041	0.03175581933096963	0.02943813508667065	0.028853341306622815	0.013621353880022015	0.011103400416377515	0.008103727714748784	0.004710086080883547
2019	0.9319394376351838	0.9232903315300319	0.9205625732517255	0.9197031933218497	0.9190320470896011	0.9187033702083869	0.9186666666666666	0.9184453227931488	0.9179856115107914	0.9158987670343932	0.9158512720156555	0.9157769869513642	0.914924506387921	0.9138932910723719	0.9137953795379538	0.9128332462101412	0.908808784912867	0.9072242393890071	0.9061562633909441	0.9053111928001014	0.9036902601330914	0.9036452004860267	0.9021683673469387	0.9014270862867404	0.8996763754045307	0.8974286521616276	0.8970086591445815	0.894729674519951	0.8929550438596491	0.8914786040202245	0.8897108271687962	0.8858769314177284	0.8828153789460754	0.88268156424581	0.8820771727371078	0.8792772346368715	0.8753293579253918	0.873767258382643	0.8735391807110345	0.873206304398965	0.8722815839094908	0.871619975639464	0.8699070764832023	0.8679245283018868	0.8676797627872498	0.867316711922982	0.8670932808269751	0.8657949919822375	0.8657361660079052	0.8639970699548285	0.862841399137518	0.8625954198473282	0.8622368609480167	0.8621930042173158	0.8607091172214182	0.8602603843769374	0.8597343378271214	0.8589231699939504	0.856270943034945	0.8559612430580172	0.8543446076756633	0.8529802925885624	0.8486479872751743	0.8391170431211499	0.8387747833313546	0.8348429596518057	0.8337964132356656	0.8296967662526575	0.8293870325293207	0.8282774713619008	0.8237198011790544	0.8103289625028756	0.8103273709078637	0.8085885486018641	0.8031602708803611	0.788988837108486	0.7848963474827246	0.7833500501504513	0.7688643498971528	0.7611660079051383	0.7462371776435625	0.7323092677931388	0.7272468444528803	0.7226890756302521	0.7035737597911227	0.6974989749897499	0.6904353508127093	0.6811641595814257	0.6605357856857257	0.6219334112149533	0.5484199796126402	0.5250807052396325	0.5238287560581584	0.5192475940507436	0.4792638036809816	0.44261578794057677	0.4379324954102528	0.4372086247086247	0.42518752467429927	0.42030683997443	0.41650833861093517	0.38263166071151156	0.36916135881104034	0.36562331354560174	0.35268817204301073	0.34630615867813735	0.31613127681781283	0.2992245915258931	0.26322180248246085	0.2602901984009476	0.24621262020814122	0.21656326648391286	0.21275702895509863	0.2125489100055897	0.20874778580188036	0.19745710784313725	0.18747538400945254	0.18503664776656065	0.15276337235145948	0.15254237288135594	0.14726027397260275	0.14117113027689515	0.13545947723162913	0.1325515808223245	0.1312836279784781	0.12775810405883956	0.12768853797985297	0.1155011013215859	0.10650431565967941	0.10638987998702562	0.10458003878860211	0.10360763267740011	0.1016831269995827	0.0945449777078416	0.08848336144763073	0.08495546024414384	0.08479049818541735	0.08462553612669087	0.08461157842652152	0.08446057406796437	0.08440487965710518	0.08429561200923788	0.08424002637652489	0.08413064995051138	0.08410290237467019	0.08393799472295514	0.08393799472295514	0.08393799472295514	0.08377308707124011	0.08377308707124011	0.08377308707124011	0.08327836411609499	0.08323718477006758	0.08312716476991588	0.0830997526793075	0.083072358661612	0.08264599142197294	0.08264599142197294	0.08256427158866184	0.08255066732575383	0.08147781626257629	0.08056069008009858	0.07819201583635764	0.07644072857569424	0.07614213197969544	0.07601553166069296	0.07601553166069296	0.07601553166069296	0.07586618876941457	0.07586618876941457	0.07586618876941457	0.07571684587813621	0.07556750298685783	0.0755336617405583	0.07549035767265534	0.07541816009557945	0.07526881720430108	0.07513069454817027	0.07511459411503771	0.07509704389369962	0.0745221027479092	0.07437289130115887	0.07415696806923307	0.07376437210691354	0.07290120402441036	0.06945960698689957	0.06905021834061136	0.06865629816449488	0.06718497872964647	0.06718451894249114	0.06623899746382217	0.06337756022156382	0.05985968054933572	0.05954148111495959	0.05922137908281095	0.054708520179372194	0.05345863503312279	0.048450889914304546	0.048153034300791556	0.046296296296296294	0.04377054078279056	0.032497525569119105	0.03239773066587041	0.031764366156511695	0.03175581933096963	0.02943813508667065	0.028853341306622815	0.015463917525773196	0.013621353880022015	0.011103400416377515	0.008103727714748784	0.004710086080883547
2018	0.8729632299927902	0.8590209089770877	0.8574033077223597	0.8554455445544554	0.8544146500981034	0.8520601700457816	0.8518518518518519	0.8517938682322244	0.8517291639061879	0.8504866969500324	0.8488203505997101	0.8476359487894537	0.8470218540208542	0.8457919498170413	0.845351294241944	0.8431794871794872	0.8413265306122449	0.8413122721749696	0.8403653202984307	0.8392401474340799	0.8383724215880192	0.8381475292432562	0.8373130411965364	0.8363585197692416	0.8346724771891597	0.8346037507562009	0.8337649525218893	0.8324749254540526	0.8297697368421053	0.8239408204438466	0.8238179588499795	0.8231175531261515	0.8225748287053732	0.8208826429980276	0.8202898550724638	0.8153442935430069	0.8149413506434346	0.8142458100558659	0.8131381473736007	0.810515172900494	0.8095583787053842	0.8092388702728578	0.8082966687617851	0.8073881887818137	0.80722744475644	0.8071278825995807	0.804983347724189	0.8045778981048486	0.8029891304347826	0.8012804727899532	0.8010130246020261	0.8009516256938938	0.7986851897792111	0.7984166371263145	0.7979156684235745	0.7977042705504813	0.7972721636701798	0.7968331303288673	0.7938580582759037	0.781669238988484	0.7788495471121044	0.7737166324435318	0.7723330807442957	0.7710012728044124	0.765545474662536	0.764651485377413	0.7575620767494357	0.7555405557430532	0.7529330572808833	0.7471187199283876	0.7372927278638778	0.7341322680869952	0.7319842053307009	0.7265128719491809	0.7165746454476561	0.7071146245059289	0.6968651136036813	0.6819252432155658	0.6736558701150364	0.654210182767624	0.648380483804838	0.6475637671680837	0.6418361512701135	0.6240703718512595	0.5846066242763595	0.5776869158878505	0.5485474006116208	0.5249057619816909	0.456537304883288	0.43736760344584097	0.4204133816322182	0.41650833861093517	0.4059708797259268	0.39634146341463417	0.3657582298974636	0.35268817204301073	0.3465792707906596	0.3157833700568248	0.29908612572694543	0.2934596861892186	0.2905521472392638	0.2858270825108567	0.26308688613059905	0.2602901984009476	0.24634435515742326	0.22470107903178768	0.22396338926639855	0.21656326648391286	0.21289690865855365	0.2126886528787032	0.20874778580188036	0.19761029411764705	0.18826309570697125	0.17978149633522333	0.15254237288135594	0.14726027397260275	0.13562386980108498	0.1325515808223245	0.1292043265668988	0.12882398155265182	0.12775810405883956	0.12728015246392593	0.12361930700559842	0.1155011013215859	0.10734051849694146	0.10681257706535142	0.10517678651350142	0.10420393559928444	0.1016831269995827	0.0981187155368148	0.09546289011277209	0.0881766600214691	0.08654084926744475	0.08495546024414384	0.08495546024414384	0.08462553612669087	0.08462553612669087	0.08461157842652152	0.08456973293768547	0.08446057406796437	0.08440487965710518	0.08429561200923788	0.08410290237467019	0.08410290237467019	0.08393799472295514	0.08393799472295514	0.08393799472295514	0.08393799472295514	0.08393799472295514	0.08327836411609499	0.08323718477006758	0.08323718477006758	0.08312716476991588	0.0830997526793075	0.08281095348069945	0.0827154391168232	0.08264599142197294	0.08256427158866184	0.08147781626257629	0.08056069008009858	0.07819201583635764	0.07659002687369364	0.07629143027769483	0.07601553166069296	0.07601553166069296	0.07601553166069296	0.07586618876941457	0.07586618876941457	0.07586618876941457	0.07586618876941457	0.07568293775190327	0.07556750298685783	0.07549035767265534	0.07541816009557945	0.07526881720430108	0.07524634219169901	0.07513069454817027	0.07511459411503771	0.0745221027479092	0.07437289130115887	0.07415696806923307	0.07391369269822308	0.0727362691736764	0.06945960698689957	0.06918668122270742	0.06865629816449488	0.06718451894249114	0.0670382866363503	0.06623899746382217	0.06337756022156382	0.06308275058275058	0.06045678459471563	0.05954148111495959	0.05922137908281095	0.054708520179372194	0.05345863503312279	0.048153034300791556	0.04713249835201055	0.04659498207885305	0.04377054078279056	0.032497525569119105	0.03239773066587041	0.03175581933096963	0.0316199826739821	0.02943813508667065	0.028853341306622815	0.015463917525773196	0.013621353880022015	0.011103400416377515	0.008103727714748784	0.004710086080883547
2017	0.8389329488103822	0.8245865347050397	0.8233663366336633	0.8214598722924753	0.82053629823414	0.8196206671026814	0.8195694716242662	0.8171317326411421	0.8167325428194994	0.8144958261560885	0.8139181138293827	0.8139048614741244	0.8137603795966786	0.812883873732324	0.8123050751346753	0.812202852614897	0.8114871794871795	0.810514634484672	0.8082068433239001	0.8063977082835999	0.805956441878772	0.8058323207776428	0.805029669398135	0.8029350104821803	0.8028704094554664	0.8022988505747126	0.8022606564074629	0.7988614800759013	0.7974232456140351	0.7913210722442602	0.7909796975064722	0.7909347745977152	0.7900470746469401	0.7867493016759777	0.7839653797972896	0.7837771203155819	0.7832975935191804	0.7821380243572396	0.779189352692075	0.7788755586920725	0.7776448061273337	0.7767061408863387	0.7766678998643483	0.7761479591836735	0.775512725475661	0.7740585774058577	0.7738990995436043	0.772850790513834	0.772501982553529	0.769416304872166	0.7691455306574735	0.7681673165544133	0.7679683756588405	0.766504263093788	0.7646621202727837	0.7639543537583726	0.7629065409261274	0.7599430131782026	0.7488274500123426	0.7480296435713445	0.7471583733265976	0.745687885010267	0.7393932965634281	0.7357822527107767	0.735521904982083	0.7291196388261851	0.7273034087073912	0.7219921785139176	0.7180261832829808	0.7101983309851523	0.7049489569462938	0.7041461006910168	0.69887440098072	0.6894013207751435	0.6802371541501976	0.6718435432844406	0.6563236047107015	0.6513012972179163	0.6304667101827677	0.625010250102501	0.6232014388489209	0.6184758637588826	0.6019992003198721	0.5575350467289719	0.5458715596330275	0.5219439956919764	0.4571509917433805	0.4360965965259144	0.41881525676539527	0.41492505805362045	0.40555635113847915	0.35469508904479224	0.3513978494623656	0.3452137102280486	0.3171590194846009	0.2978399335364165	0.29237222308528815	0.2889570552147239	0.2797170358343964	0.26187263896384244	0.2592537755404205	0.245553945461731	0.215264752560958	0.21247726954818855	0.21240916713247623	0.20874778580188036	0.19745710784313725	0.18826309570697125	0.17936661595906514	0.17804024496937884	0.16516433227014285	0.15254237288135594	0.14726027397260275	0.13562386980108498	0.1325515808223245	0.12851652574942352	0.12775810405883956	0.12361930700559842	0.1155011013215859	0.10704922808039616	0.10650431565967941	0.10487841265105177	0.10390578413834228	0.1016831269995827	0.093111897631364	0.08629252545319097	0.08462553612669087	0.08462553612669087	0.08429561200923788	0.08429561200923788	0.0842817087250536	0.08424002637652489	0.08413064995051138	0.0840751730959446	0.0839656878917849	0.08377308707124011	0.08377308707124011	0.08360817941952507	0.08360817941952507	0.08360817941952507	0.08360817941952507	0.08360817941952507	0.0829485488126649	0.08290753255315642	0.08290753255315642	0.08279729506844796	0.08276999175597692	0.08248102936324646	0.08238589553468446	0.08231606730451996	0.08223467369808833	0.08173593007207483	0.08114794656110837	0.08025261860751694	0.07819201583635764	0.07683837024348464	0.07629143027769483	0.07599283368169603	0.07571684587813621	0.07571684587813621	0.07571684587813621	0.07556750298685783	0.07556750298685783	0.07556750298685783	0.07556750298685783	0.07538438572921331	0.07526881720430108	0.07516070545574419	0.0751194743130227	0.07497013142174433	0.07494774559570021	0.0748319641523525	0.0748188673665533	0.07422341696535245	0.07407950711456653	0.0738585496866607	0.073615051515604	0.0727362691736764	0.06918668122270742	0.06891375545851529	0.06865629816449488	0.0670382866363503	0.06691196511310984	0.06623899746382217	0.06311992786293959	0.06308275058275058	0.06215578284815106	0.06045678459471563	0.05954148111495959	0.059056417024084464	0.054708520179372194	0.05345863503312279	0.048153034300791556	0.04713249835201055	0.04377054078279056	0.032497525569119105	0.03239773066587041	0.03175581933096963	0.0316199826739821	0.02943813508667065	0.028853341306622815	0.015463917525773196	0.013621353880022015	0.011103400416377515	0.009184224743381956	0.004710086080883547
2016	0.803490037765334	0.8002616088947024	0.7967298888162198	0.7964774951076321	0.7929134844121698	0.7928617780661907	0.7914270778881338	0.7896014855020711	0.786100707449022	0.7857483886369062	0.784795472086442	0.7818592822831308	0.7794059405940594	0.7785524147547218	0.777683973547207	0.7732685297691373	0.7732149463559008	0.7706022187004754	0.7696142744686434	0.7692912011173184	0.7665894536040333	0.7664442326024785	0.764394758985455	0.7635813672111312	0.7626728110599078	0.7624747814391392	0.7617427464322842	0.7616444596287438	0.7580569277816984	0.7550669450927404	0.7547169811320755	0.7537930183791784	0.7524910813138147	0.7522233201581028	0.7508629191321499	0.7499694786961298	0.749225637360019	0.7485840925880325	0.7480943738656988	0.7468619246861925	0.7451198418581666	0.743605359317905	0.7426444523218717	0.7417424605074198	0.7408345393150024	0.7390478451858008	0.736942980354576	0.7347343378271214	0.7343731108693023	0.7270020533880903	0.7266107134040978	0.7228561345724033	0.7160876300066387	0.7132123453935961	0.7093542140271112	0.7086338565973695	0.7027835288704853	0.7021037237034538	0.69627539503386	0.6877591312931886	0.6855966186192696	0.6816466932978251	0.6789256658865486	0.667002349781806	0.6646097217711379	0.6608695652173913	0.6404946793212539	0.6313127192624622	0.6299027137736816	0.6076207571801566	0.6036080360803608	0.5942987829780283	0.5935251798561151	0.5817672930827669	0.538098878695209	0.5357948717948718	0.530008761682243	0.5072463768115942	0.47370379558422226	0.47299890350877194	0.4570560880706083	0.43595537353481145	0.4187087151076071	0.4148195060164661	0.3952455964485178	0.35125448028673834	0.335671883432272	0.3206447613143211	0.29742453613957354	0.29221687121329815	0.28687116564417176	0.2807592516728117	0.2791371912327496	0.2617377226119806	0.2592537755404205	0.24542221051244895	0.21233738984473352	0.21226942425936277	0.20184677535709133	0.19715073529411764	0.18813181042405147	0.17922832250034573	0.15238967781340662	0.14711137581893985	0.13240314680124685	0.12762190138926724	0.11536343612334801	0.10690358287212351	0.1063501849568434	0.10472922571982694	0.1037567084078712	0.10154402559465851	0.09243125510481895	0.08616836354606407	0.08606827468037433	0.08603091280256635	0.08446057406796437	0.08446057406796437	0.08424002637652489	0.08413064995051138	0.08413064995051138	0.08411677387431965	0.0840751730959446	0.0839656878917849	0.08380072583305839	0.08377308707124011	0.08377308707124011	0.08360817941952507	0.08360817941952507	0.08360817941952507	0.08360817941952507	0.08360817941952507	0.0829485488126649	0.08274270644470084	0.08274270644470084	0.082632360217714	0.08260511129431163	0.08238589553468446	0.08231606730451996	0.08215110524579347	0.08206987475280159	0.08127587793283239	0.0809830117103744	0.07802705377763114	0.07671601615074024	0.07629143027769483	0.07599283368169603	0.07571684587813621	0.07571684587813621	0.07571684587813621	0.07556750298685783	0.07556750298685783	0.07556750298685783	0.07556750298685783	0.07526881720430108	0.07523510971786834	0.0751194743130227	0.07499587934728862	0.07497013142174433	0.07494774559570021	0.0748319641523525	0.0745231406180689	0.07422341696535245	0.07393281502127036	0.07370934049537452	0.07301776915036584	0.07257133432294244	0.0696241528034504	0.06918668122270742	0.06891375545851529	0.06851618327028162	0.06689159454305413	0.06677568819841918	0.06622082349855757	0.06608981053259734	0.06415816326530613	0.06299111168362746	0.06293706293706294	0.06030750858337065	0.06022618885406731	0.05937654626422563	0.05889145496535797	0.05455904334828102	0.05330457556616854	0.047988126649076514	0.046967699406723795	0.04362115327158649	0.03239773066587041	0.03233256351039261	0.03160166486819793	0.030609298296274907	0.029288702928870293	0.02870384212886829	0.027596727222299264	0.01759899434318039	0.015324602953468934	0.013483764446890478	0.010293777469349988	0.009184224743381956	0.004547669319473769
2015	0.5346543296089385	0.532	0.5161137888668368	0.5086301254525554	0.507262996941896	0.4950544635031927	0.4807692307692308	0.47896861570516996	0.4786345189782764	0.47800729040097206	0.4776978417266187	0.47684279191128504	0.47670343932511355	0.4761281883584042	0.4741765480895916	0.4732539968746243	0.47307893361212755	0.4728299223712068	0.47158637968340733	0.47157190635451507	0.47132815390307065	0.4709013914095584	0.4695145138800862	0.46560574948665295	0.464950495049505	0.4608053371455802	0.4594594594594595	0.4552934059286146	0.4540533891007504	0.45381674682451595	0.45311674590596934	0.4530308401276143	0.4526952016775626	0.4522785898538263	0.45193970842599457	0.45189085686931546	0.4515932120620193	0.4500785602056849	0.44995844710910604	0.44958996623251324	0.44843176038428934	0.44700154901526884	0.4463864613677348	0.4460162011848628	0.44590581247348327	0.4449226630800269	0.44452662721893493	0.4432001518458764	0.4428605654048874	0.4427345771483045	0.4426309378806334	0.4419896991054486	0.44155972359328727	0.4383156857916769	0.4377132102105635	0.43589044828995777	0.434401920632679	0.43393827303201943	0.4276071549105636	0.42567068668471575	0.4248333744754382	0.4248184710777515	0.424775707384403	0.42428359683794464	0.4224604966139955	0.42234745854557276	0.4168975069252078	0.4130251213848427	0.41278295605858856	0.4126917123962291	0.4091897233201581	0.4061765693185633	0.40102806788511747	0.4006327293643946	0.4001299123091913	0.3963000111445448	0.3962279622796228	0.3899470141772877	0.3867724002616089	0.3865065751858205	0.38218125960061444	0.3785685725709716	0.34810035842293907	0.3455753504672897	0.33499730167296277	0.319280843149411	0.28552147239263803	0.28537801163112714	0.2816529439179742	0.2792571350539396	0.25806929227124664	0.24001618996222343	0.2339612699249111	0.2121296813862493	0.21191775073436844	0.20112537873322753	0.19684436274509803	0.16003675987921753	0.15917577098603236	0.14666468135795116	0.13240314680124685	0.10126582278481013	0.09671807955467934	0.08567286147357321	0.08413064995051138	0.08413064995051138	0.08391031981536433	0.08380072583305839	0.08380072583305839	0.08378690417285173	0.08377308707124011	0.08374546653478404	0.0836357637743319	0.0834708017156054	0.08344327176781002	0.08327836411609499	0.08327836411609499	0.08327836411609499	0.08327836411609499	0.08327836411609499	0.08261873350923483	0.08230249051624608	0.0822482281193341	0.0822482281193341	0.0822211237436151	0.08211046990931574	0.08198614318706697	0.08190507580751483	0.08182118112834048	0.08096917650667075	0.08065314200890648	0.07821147684241188	0.07769712966017817	0.07599283368169603	0.07569423708569722	0.07541816009557945	0.07541816009557945	0.07541816009557945	0.07526881720430108	0.07526881720430108	0.07526881720430108	0.07526881720430108	0.0751194743130227	0.07499587934728862	0.07497013142174433	0.07497013142174433	0.07494774559570021	0.0748319641523525	0.0747872816838334	0.07474265254363718	0.07444512946979039	0.0743752772438267	0.0742397137745975	0.0739247311827957	0.07370934049537452	0.07363943083467801	0.07271912796774675	0.0696241528034504	0.06891375545851529	0.06864082969432314	0.06823595348185513	0.06659821035646178	0.06636685745434723	0.06582743246787306	0.06512031753907219	0.0627017630990812	0.0626046631456911	0.060950714494021584	0.05904667656275771	0.05889145496535797	0.05469227945674783	0.054260089686098655	0.04765831134564644	0.0466381015161503	0.044128874637349214	0.04332237824917837	0.03461136804415933	0.0343064489526637	0.03248834498834499	0.0320991340698716	0.032002639392939625	0.03129335594265454	0.030609298296274907	0.029976836081209973	0.028989838613269574	0.02870384212886829	0.028057749931898666	0.027933673469387754	0.027319373179864097	0.026272577996715927	0.022184563241411184	0.021780560849441872	0.01913546255506608	0.017347580138277814	0.015324602953468934	0.013483764446890478	0.010062456627342124	0.00896812533765532
2014	0.48785559020886493	0.4867692307692308	0.47326766018354804	0.4678853136346563	0.46025304368584385	0.4571768437747819	0.45513738768068757	0.45074592870971414	0.4495748855461086	0.4479951397326853	0.4460739779364049	0.44345788629917376	0.4401693889897157	0.4381322041872501	0.43731245923026746	0.43656765676567655	0.4357096141268803	0.434401920632679	0.4337622111031689	0.43164523747048017	0.42788461538461536	0.42743059956902013	0.42551359330790994	0.42526369951119114	0.42513204765999263	0.42419440042260964	0.42376735280038297	0.42370169825252274	0.423608649415101	0.4230911557912915	0.42241484556220243	0.4223073122529644	0.42141767235400196	0.42138364779874216	0.41991938905388204	0.4192448233861145	0.4190905853021489	0.41775205016883743	0.4172261105556349	0.41699915366944745	0.41679096526741954	0.4163339382940109	0.4161895360315893	0.4159074119674957	0.414947725346143	0.4147948890383322	0.4144754676063974	0.414029652578004	0.4137517968375659	0.4130251213848427	0.41209314993871715	0.40972884589181086	0.408738874118599	0.40806963886601577	0.405114899925871	0.40088866946432977	0.39901081205429034	0.3985477686220119	0.3981325233434582	0.3947111737292728	0.39300225733634314	0.39110671936758895	0.3873061666065633	0.3872664204990489	0.3841544607190413	0.3820707432335672	0.38058620305360524	0.3792541462946985	0.37761096605744127	0.3747970120168886	0.37367773677736776	0.36949486421837624	0.36396308094421304	0.36314984709480125	0.3630640941792021	0.35586277521761395	0.3558576569372251	0.34810035842293907	0.3409566126502875	0.3249853971962617	0.323411312849162	0.29201860111986333	0.28552147239263803	0.28537801163112714	0.27823520273419294	0.2552232691519869	0.23974635725849974	0.2339612699249111	0.2121296813862493	0.2107987131067282	0.200836820083682	0.19684436274509803	0.16003675987921753	0.15917577098603236	0.14666468135795116	0.1458498023715415	0.1325515808223245	0.09648614171402065	0.09278063708443456	0.08567286147357321	0.08413064995051138	0.08413064995051138	0.08391031981536433	0.08380072583305839	0.08380072583305839	0.08378690417285173	0.08377308707124011	0.08374546653478404	0.0836357637743319	0.0834708017156054	0.08344327176781002	0.08327836411609499	0.08327836411609499	0.08327836411609499	0.08327836411609499	0.08327836411609499	0.08261873350923483	0.08230249051624608	0.0822482281193341	0.0822482281193341	0.0822211237436151	0.08211046990931574	0.08198614318706697	0.08190507580751483	0.08182118112834048	0.08065314200890648	0.07821147684241188	0.07769712966017817	0.07638603696098563	0.07599283368169603	0.07569423708569722	0.07541816009557945	0.07541816009557945	0.07541816009557945	0.07526881720430108	0.07526881720430108	0.07526881720430108	0.07526881720430108	0.0751194743130227	0.0750616522811344	0.07499587934728862	0.07497013142174433	0.07497013142174433	0.07494774559570021	0.0748319641523525	0.0747872816838334	0.07474265254363718	0.0743752772438267	0.0742397137745975	0.07422619920786269	0.0739247311827957	0.07370934049537452	0.07271912796774675	0.06947011706715958	0.06864082969432314	0.06864082969432314	0.06823595348185513	0.06691196511310984	0.06659821035646178	0.06582743246787306	0.06425204663855123	0.06311992786293959	0.0627017630990812	0.06065908428113152	0.05904667656275771	0.05889145496535797	0.05469227945674783	0.05366218236173393	0.04732849604221636	0.0466381015161503	0.043976179569399906	0.04332237824917837	0.03461136804415933	0.0343064489526637	0.03248834498834499	0.032002639392939625	0.0318005374738728	0.029976836081209973	0.028989838613269574	0.02870384212886829	0.02801039561074213	0.027376736584037047	0.027319373179864097	0.02691326530612245	0.026272577996715927	0.023893941729613073	0.021568325373594207	0.018997797356828192	0.017096165933375235	0.014906659236556144	0.013483764446890478	0.010062456627342124	0.00896812533765532	0.005132254243979471
2013	0.36809815950920244	0.33546034639927075	0.3338129496402878	0.3322768092974115	0.33223878083691166	0.3310891089108911	0.3227658186562296	0.3184116413861142	0.3169342899441977	0.3166687139172092	0.31584684561929416	0.31565998277770946	0.3146136002930045	0.3092722307966283	0.3089601046435579	0.3081768774703557	0.30620737486995725	0.30578206078576725	0.3043820519548675	0.3043819832402235	0.30193236714975846	0.3015336991698326	0.3003673354054818	0.2993148214929679	0.2985465808911127	0.2979608822305452	0.2944582299421009	0.2919805589307412	0.2911084043848965	0.2905455443100469	0.2892532312111058	0.2886730467076132	0.2873589164785553	0.2871442354076218	0.28695652173913044	0.28552147239263803	0.2833635813672111	0.2827909270216962	0.28215366001209924	0.2811260904044409	0.27940998670051986	0.27906236741620705	0.2786663052317701	0.2778169842390026	0.27753810756399194	0.2767190460269698	0.27483406457419285	0.2747564434578863	0.27430599569020153	0.27108289410637276	0.27073590942653214	0.2680861075167627	0.2668463611859838	0.2656006560065601	0.26554019457245265	0.26398135818908125	0.26258637709772953	0.26067714096038946	0.25931405514458644	0.25452812202097236	0.2525455969564731	0.25230302373469166	0.25044380718284853	0.2466345761605613	0.2455342643715492	0.2445421831267493	0.23974635725849974	0.23668639053254437	0.23559886517824102	0.23205710577547048	0.23048510219157842	0.22093578419670565	0.22078981723237598	0.21582943925233644	0.2156299006795609	0.2121296813862493	0.2107987131067282	0.20040398210936372	0.19684436274509803	0.1922007848266841	0.17070027208935987	0.15473046450209724	0.1515696307564652	0.12679130682357406	0.08413064995051138	0.08413064995051138	0.08391031981536433	0.08380072583305839	0.08380072583305839	0.08378690417285173	0.08377308707124011	0.08374546653478404	0.0836357637743319	0.0834708017156054	0.08344327176781002	0.08327836411609499	0.08327836411609499	0.08327836411609499	0.08327836411609499	0.08327836411609499	0.08261873350923483	0.08230249051624608	0.0822482281193341	0.0822482281193341	0.0822211237436151	0.08211046990931574	0.08198614318706697	0.08190507580751483	0.08182118112834048	0.08065314200890648	0.08040068538289179	0.07821147684241188	0.07769712966017817	0.07746723878000696	0.07599283368169603	0.07587268993839835	0.07569423708569722	0.07541816009557945	0.07541816009557945	0.07541816009557945	0.07526881720430108	0.07526881720430108	0.07526881720430108	0.07526881720430108	0.0751194743130227	0.0750616522811344	0.07499587934728862	0.07497013142174433	0.07497013142174433	0.07494774559570021	0.0748319641523525	0.0747872816838334	0.07474265254363718	0.0743752772438267	0.0742397137745975	0.07422619920786269	0.0739247311827957	0.07370934049537452	0.07271912796774675	0.06947011706715958	0.06864082969432314	0.06864082969432314	0.06691196511310984	0.06582743246787306	0.06527798151679624	0.06375589183825353	0.06311992786293959	0.0627017630990812	0.05916265003307816	0.05904667656275771	0.05889145496535797	0.05469227945674783	0.05366218236173393	0.04732849604221636	0.0463085036255768	0.04332237824917837	0.03461136804415933	0.0343064489526637	0.03248834498834499	0.032002639392939625	0.03188405797101449	0.0318005374738728	0.029976836081209973	0.02869097429766886	0.027866012128212533	0.027319373179864097	0.026873929653537083	0.02614795918367347	0.02421886679623262	0.023739787266841374	0.021645021645021644	0.021568325373594207	0.01886013215859031	0.018248654325850072	0.017096165933375235	0.014906659236556144	0.011316259678379988	0.010077874484654145	0.010066258919469929	0.010062456627342124	0.009499777348968383	0.00896812533765532	0.008406893652795292	0.008117776554760594	0.008102564102564103	0.0076164874551971325	0.007262823422605538	0.005132254243979471
2012	0.2942281206961312	0.26730058108821975	0.26331288343558285	0.2608412553717932	0.2537100795441054	0.252013201320132	0.25003406458645594	0.24583215597626448	0.244421440073614	0.24210827024710754	0.24004378209985686	0.2382654276864427	0.23615848858567307	0.23332131265777137	0.23290331530031905	0.22886795029359552	0.22606510292005744	0.22534516765285997	0.22381422924901187	0.222686230248307	0.22238301977809938	0.21972171808832425	0.21810800836511257	0.21794871794871795	0.21762055411753428	0.21713201409596097	0.21694542790868027	0.21472615161407327	0.2119750617574403	0.21066208082545143	0.20911912150871328	0.20834255366231466	0.2078913873568095	0.20726568727935316	0.20310532941670165	0.20234768026830632	0.2014519056261343	0.201126018207954	0.20058499268759142	0.19858975840943244	0.1970649895178197	0.1969220765145768	0.19659781287970837	0.19526159921026653	0.1934095494283793	0.19242816287620865	0.19099804305283757	0.1901268834258525	0.1850167803399372	0.18222478718799595	0.1801470588235294	0.17982590885816693	0.17909454061251665	0.17900779007790077	0.1768892443022791	0.17479556074766356	0.17089386850529426	0.1697595399895452	0.16896381983755845	0.1684751570531125	0.16668779312967422	0.1663854639844257	0.16188842603936943	0.1613516840102943	0.16121869988898482	0.15168331483536812	0.14246083550913838	0.13872922168712132	0.13746369796708616	0.13032886723507917	0.12303793328973185	0.11787036158299326	0.11746239372138653	0.1086925390233424	0.10623329112142958	0.07908264136022143	0.07736720554272518	0.07736720554272518	0.07720224348399868	0.07720224348399868	0.07701187335092348	0.07698648203099241	0.07687231936654569	0.0768596404420254	0.07682162875041214	0.0767073573078192	0.07668205804749341	0.07668205804749341	0.07651715039577836	0.07651715039577836	0.07651715039577836	0.07651715039577836	0.07633965375103051	0.07614966210647767	0.07614966210647767	0.07595979568297907	0.0758575197889182	0.07554016163615372	0.07547791694133157	0.07522269877928077	0.07522269877928077	0.07389081312881411	0.07194873288668803	0.07093368525239195	0.06972230516572112	0.06944444444444445	0.06944444444444445	0.06944444444444445	0.06944444444444445	0.06944444444444445	0.06944444444444445	0.06942370856972231	0.06929510155316607	0.0691457586618877	0.0691147932527243	0.0690067214339059	0.06899641577060932	0.06899641577060932	0.06882651537772469	0.06877517529464419	0.06876956975530558	0.06857483601669648	0.06856766111752101	0.06835851547601585	0.06833780960907192	0.06780167264038232	0.0669821085317167	0.066447663132746	0.06519507186858316	0.06469121314361156	0.06361675908810845	0.0634552401746725	0.06318231441048035	0.06214227309893704	0.06084447941253606	0.05869010490501843	0.058611361587015326	0.057735286814005464	0.05321260233192756	0.053117782909930716	0.052779152234867226	0.04979811574697174	0.04648729446935725	0.04184152061219452	0.040897097625329816	0.040418574231523875	0.03495667762175082	0.03364670954972786	0.033268685663135907	0.032430625208960215	0.028750510968796838	0.028722002635046113	0.027319373179864097	0.02666083916083916	0.02609986033519553	0.026001195457262403	0.02597790385189609	0.0255691191026064	0.025	0.022574375840932876	0.02137385717815666	0.021119161399722523	0.019496632399858205	0.019256605463502014	0.018949314435372053	0.018574627848768278	0.015969162995594713	0.01559341611319665	0.015587680703959774	0.013120658605608439	0.012398996935079409	0.00994679620633819	0.00896812533765532	0.007980187121629059	0.0076164874551971325	0.007262823422605538	0.00671858298976943	0.005645267165550741	0.005396654074473826	0.005132254243979471	0.004764740917212627	0.004483676614824156	0.003265548463707882	0.0028032619775739042	0.0020512820512820513
2011	0.22809956917185256	0.22609614368726888	0.2227369475397521	0.22204014748054077	0.21995051438989452	0.21708974892495492	0.21480947229234282	0.21425742574257425	0.21229449606862044	0.2109095249462879	0.2080106218189865	0.206194314806958	0.20611916264090177	0.20146726862302483	0.2012595119391236	0.20089390731592566	0.20054663477963786	0.20049407114624507	0.1996184766316937	0.19443278780248985	0.19307766521948866	0.1875228909779026	0.18489359084758272	0.1843098091433644	0.18304920807641156	0.18080225855781673	0.1766227922150973	0.1762855414398064	0.17307456086475864	0.17071688942891858	0.16702862783810463	0.16633346661335466	0.16301277740416947	0.16191611574726347	0.16077828981054787	0.15986591145532308	0.1597172125234454	0.15727757277572776	0.1570699275792473	0.15656382335148214	0.15646904205607476	0.1541160153381741	0.1529005641155174	0.1519381946326918	0.15117393387637756	0.15051289425750167	0.1471256901591426	0.14363600317208564	0.13819033530571992	0.13663393721476974	0.1333006616025484	0.13182883216179553	0.1300558354895819	0.1300172371337109	0.12984165651644336	0.1263287456640931	0.12447712004056281	0.12323575535807632	0.12303698896820246	0.11915628469224128	0.11789318237755353	0.10961412688031393	0.10237688364144788	0.10201210074574363	0.09838178433338107	0.09813039764638891	0.09660574412532637	0.09491497710922171	0.07829181494661921	0.07775603392041748	0.07668205804749341	0.07665677546983185	0.0765423952490927	0.0765423952490927	0.07649192218925156	0.07637743319036622	0.07635224274406333	0.07635224274406333	0.07619990103908957	0.07618733509234829	0.07618733509234829	0.07618733509234829	0.07618733509234829	0.07604750907291323	0.07604750907291323	0.07600989282769992	0.07588254701418674	0.07582000988956651	0.07582000988956651	0.07563025210084033	0.07552770448548812	0.07531311799604483	0.07471548738248392	0.0745628505443748	0.0745628505443748	0.07306613887514432	0.07165744247014273	0.07010887495875949	0.06942370856972231	0.0691457586618877	0.0691457586618877	0.0691457586618877	0.0691457586618877	0.0691457586618877	0.0691457586618877	0.0691457586618877	0.0691251119737235	0.06884707287933095	0.06881624123003434	0.06870799103808813	0.06869772998805257	0.06869772998805257	0.0686772170797253	0.06862598836341936	0.0686086056483809	0.06827668455575432	0.0680651312894235	0.06803939122649955	0.06795778731300012	0.06757870446678754	0.06750298685782556	0.06646935503761253	0.06599970135881739	0.06469121314361156	0.06318231441048035	0.06304585152838428	0.06284658040665435	0.06098562628336756	0.06058221872541306	0.05963519516113789	0.05848254540770321	0.057114477278371	0.05313526639051564	0.05229297261629825	0.05211941283193139	0.04967576165422733	0.040483831152801776	0.04007255936675462	0.03662524525833878	0.03364670954972786	0.03267193793823661	0.03153906162933244	0.02927313321756388	0.028458498023715414	0.02820547758550211	0.02676466509499376	0.026369463869463868	0.025679307255897284	0.024744897959183672	0.024744308808973936	0.02278282122905028	0.01926030958289023	0.019107329452157037	0.018949314435372053	0.01726529983043009	0.015280837004405287	0.01508485229415462	0.013120658605608439	0.012259682362775146	0.011261911637308691	0.009831135785334259	0.008860075634792004	0.007842597688497523	0.007287549407114625	0.0071115146013012555	0.007019115890083632	0.006893382352941176	0.00671858298976943	0.006424511984185817	0.0060751624752755015	0.005451076587626056	0.005396654074473826	0.005132254243979471	0.005120126033871603	0.004741443176766928	0.003735585512424882	0.003265548463707882	0.0029779630732578916	0.002766433934922935
2010	0.21015397419891801	0.20768679875865362	0.19952169456781688	0.19532488114104596	0.1931738704713946	0.1893069306930693	0.18930188229687872	0.18795577511173842	0.18102766798418973	0.17360131640808651	0.1729119638826185	0.17163693189217347	0.17017711823839157	0.1700341117816846	0.16840008851515822	0.16777263052460248	0.1674615070173048	0.16620657925005752	0.15991316931982633	0.15870725725003607	0.15353901996370237	0.15209975297023878	0.14620746207462074	0.14605120807789398	0.14422507403751234	0.1441016333938294	0.14228432563791008	0.13615179760319573	0.13566588300373392	0.1313355530891602	0.12825822168087697	0.12394054784424517	0.12214154112929446	0.12127312817563034	0.11709800593975392	0.11437552895659533	0.11279585798816567	0.10806174957118353	0.10621413746795264	0.10308771066551851	0.10173068805403124	0.10045081493468963	0.0982385794071316	0.09813084112149532	0.09686128923388458	0.09548724656638326	0.09248612212529739	0.0899640143942423	0.08941651932306138	0.08704557091653865	0.0868300324493678	0.08660883708322038	0.08027579413937454	0.07962340282447881	0.07913669064748201	0.07802820614208515	0.07736464448793216	0.07651715039577836	0.07618733509234829	0.07618733509234829	0.07618733509234829	0.07618733509234829	0.076162215628091	0.07602242744063324	0.07602242744063324	0.07599736234751071	0.07568013190436933	0.07565518378111093	0.07565518378111093	0.07536279683377309	0.0753007085187016	0.07514831905075807	0.07177256485940656	0.07151179726187008	0.06899641577060932	0.06899641577060932	0.06899641577060932	0.06899641577060932	0.06899641577060932	0.06899641577060932	0.06899641577060932	0.0689758136757241	0.06870799103808813	0.0686772170797253	0.06862598836341936	0.06854838709677419	0.06854838709677419	0.06854838709677419	0.06851768920734438	0.06822932218572708	0.06812760882528325	0.06777174710283115	0.0677258494723414	0.06744255446135482	0.0673536439665472	0.06633485639686684	0.0657010601761983	0.06469772374969406	0.06398181227671322	0.06322429221064985	0.06304585152838428	0.06290938864628821	0.06266189712594054	0.0625667814317939	0.061859893486276116	0.060574948665297744	0.06018882769472856	0.05996106424399741	0.05972970418674983	0.0591249881370409	0.058946591188776765	0.058224913049078966	0.056741991556990314	0.05297562304235326	0.05284959291529782	0.04943105346873853	0.049055647103561924	0.04011355220933103	0.033316839848259935	0.03252275100701178	0.0313161707344255	0.028194993412384718	0.02806921923967843	0.027908707516745224	0.02676466509499376	0.026223776223776224	0.025380710659898477	0.024107142857142858	0.023718255869669382	0.023306564245810055	0.019107329452157037	0.018641195501463564	0.018621284991984215	0.017511761630946157	0.016648681979343303	0.0163062743707905	0.01508485229415462	0.013215859030837005	0.012259682362775146	0.011510791366906475	0.010973144672249495	0.009831135785334259	0.009370376458984054	0.008860075634792004	0.007984622209078812	0.00716403162055336	0.007154650522839846	0.0071115146013012555	0.007070396557024286	0.006973726889393448	0.006740196078431373	0.006571087216248507	0.006424511984185817	0.006302843966179862	0.00593387962701328	0.00592680397095866	0.005917159763313609	0.005807027992852889	0.005538631957906397	0.005451076587626056	0.005396654074473826	0.005132254243979471	0.005120126033871603	0.004936530324400564	0.003735585512424882	0.0034251086813331575
2009	0.1984967543559959	0.19572756276876127	0.18792921288959324	0.181915654038599	0.1792490118577075	0.1737020316027088	0.17029651010233535	0.1686213499281953	0.16802303743583322	0.16773017319963537	0.1670192759755524	0.16582640686742062	0.1656080922135968	0.1652864044168392	0.15957293319867263	0.15762180414857693	0.1525780039831821	0.14773139745916516	0.14328645269864165	0.14168179068360556	0.14138613861386137	0.13821903305493471	0.13693803159173754	0.13282290279627162	0.13129318854886476	0.1299634591961023	0.12541456823486058	0.12073263249160074	0.11646160373355961	0.11244105912223432	0.11197434948822296	0.10650984235889896	0.10391862212460987	0.0999589995899959	0.09674357476635514	0.09615568977087527	0.09561805101373447	0.09149484536082474	0.08950071566893997	0.08852459016393442	0.08740138067061144	0.087053821192794	0.08064516129032258	0.0781439139206456	0.077500988533017	0.07697325505544683	0.07532657795141008	0.07405584942797393	0.0713241084486444	0.07047089601046436	0.06749391163168271	0.06560571614160442	0.06551892950391645	0.06307760011735368	0.06306600310026923	0.06216077828981055	0.060574948665297744	0.060314448359989156	0.05906814100746621	0.05771597341865616	0.05256391944007999	0.050388124744654775	0.0485486119913804	0.03974327326586028	0.03846610471328505	0.03170099913654866	0.031093279839518557	0.028458498023715414	0.0281514353071696	0.023718255869669382	0.023491985806925242	0.02321927374301676	0.02295918367346939	0.022193380921479558	0.01879525496841781	0.017381076842655514	0.01618621859102821	0.01606995155382252	0.015908250092489827	0.01576856220511547	0.015076877145842663	0.014079195474544311	0.013253713952810952	0.012233328360435626	0.011839445567427087	0.011510791366906475	0.011288546255506607	0.010900667665894537	0.010727222067428254	0.009599814943326394	0.00896812533765532	0.007984622209078812	0.007287549407114625	0.00728097397947004	0.0071115146013012555	0.006916692284045497	0.006904487917146145	0.006604292790313704	0.006597394029358403	0.006596306068601583	0.006587009803921569	0.006571087216248507	0.006555944055944056	0.006424511984185817	0.006302843966179862	0.005972823652381664	0.00592680397095866	0.005917159763313609	0.005807027992852889	0.00579259677875106	0.005735354362965997	0.005645267165550741	0.005538631957906397	0.005396654074473826	0.005155377344980667	0.005132254243979471	0.004936530324400564	0.004080484029829745	0.003735585512424882
2008	0.20155361353863227	0.18951399894347595	0.1809255079006772	0.17633167147730255	0.1759214935375778	0.1746485584941625	0.16639539251283336	0.16460008175500748	0.1548480463096961	0.15338504936530326	0.15196612220205685	0.14775212636695018	0.14584803575629263	0.14496934727731697	0.14236573457612073	0.14217821782178217	0.13951299847076815	0.13069427527405603	0.12831906361764386	0.12514650345097017	0.12430905294189903	0.11960610754591725	0.11945351227179302	0.11709224752703014	0.11271747120803724	0.10273072429906542	0.09574885546108568	0.09516193522590964	0.09354369475215396	0.09249011857707509	0.09212807767888105	0.08931403647898493	0.08752465483234714	0.08541168431841475	0.08150638870208474	0.08124734832414086	0.08116527742695967	0.08101681016810168	0.08064516129032258	0.07888687235329704	0.07838104639684107	0.07684279191128507	0.06983764379538224	0.06749391163168271	0.06662886305642189	0.0663460352694537	0.06339751958224543	0.06307760011735368	0.060574948665297744	0.059907834101382486	0.05199257248964434	0.05119355766465344	0.05052430886558627	0.048802129547471165	0.04601192485093936	0.04136690647482014	0.03850901012095779	0.03846610471328505	0.031093279839518557	0.030960897989391882	0.028458498023715414	0.0281514353071696	0.024362244897959184	0.023736693992414046	0.023718255869669382	0.02350479940930347	0.023306564245810055	0.02245295262816353	0.021505376344086023	0.01879525496841781	0.01775468225614377	0.017381076842655514	0.01578493032433099	0.015644400297988578	0.015623077869356624	0.015076877145842663	0.014079195474544311	0.013399359161083601	0.013234077750206782	0.012574777194481749	0.012531702222885275	0.011839445567427087	0.011510791366906475	0.011466982997232108	0.011150881057268722	0.010900667665894537	0.01058790749512399	0.009599814943326394	0.00896812533765532	0.00783675883483661	0.007287549407114625	0.00728097397947004	0.0071115146013012555	0.006904487917146145	0.006720430107526882	0.006701631701631702	0.0066092837380879186	0.006596306068601583	0.006466703357182168	0.006433823529411764	0.006432459178624443	0.006302843966179862	0.006300963676797628	0.005972823652381664	0.00592680397095866	0.005917159763313609	0.005807027992852889	0.00579259677875106	0.005735354362965997	0.005645267165550741	0.005538631957906397	0.005396654074473826	0.005155377344980667	0.005132254243979471	0.004936530324400564	0.003939777683973547
2007	0.15165553890175773	0.1512150026413101	0.15074496056091147	0.14814814814814814	0.1376670716889429	0.13670952505903963	0.12397447584320875	0.12008939073159257	0.1160352632832976	0.11541244573082489	0.1133696309739867	0.1100990099009901	0.10962182862613691	0.10858063031976076	0.10763439595341724	0.10651674525450369	0.10164225477141589	0.09809687168177735	0.096766438273831	0.095707014826289	0.09439687872547957	0.09331191588785047	0.08777120315581854	0.08598109554720419	0.08116753298680528	0.07933814170555792	0.07638339920948617	0.07575248964977062	0.07345360824742268	0.06749391163168271	0.06662886305642189	0.0663460352694537	0.06564659427443238	0.06445296565228033	0.06356824113833459	0.06234413965087282	0.05950121984277582	0.05352480417754569	0.05297741273100616	0.05289052890528905	0.05199257248964434	0.05045372050816697	0.048888342955410884	0.048086926366894	0.04411566913248151	0.0437151028190113	0.041174485318933515	0.03846610471328505	0.03729268526507526	0.03531720078482668	0.034929647000740555	0.034009156311314584	0.030981834392065085	0.028590250329380763	0.0281514353071696	0.02800049340076477	0.02437923250564334	0.024362244897959184	0.023736693992414046	0.02350479940930347	0.022323166774821546	0.021505376344086023	0.0204839482510781	0.01973177123477725	0.01879525496841781	0.015500061508180589	0.015076877145842663	0.012761432116270826	0.012675877804537964	0.012531702222885275	0.011839445567427087	0.011720180686118912	0.011510791366906475	0.010900667665894537	0.010685103708359522	0.010649441340782122	0.010309278350515464	0.009726668308298448	0.009635162931687778	0.009599814943326394	0.00896812533765532	0.008535242290748899	0.00783675883483661	0.007308160779537149	0.007287549407114625	0.00728097397947004	0.0071115146013012555	0.0066092837380879186	0.006596306068601583	0.006575702778234424	0.006571087216248507	0.006466703357182168	0.006433823529411764	0.006432459178624443	0.006302843966179862	0.006300963676797628	0.006253722453841573	0.006074974070232627	0.005973193473193473	0.005972823652381664	0.005971453539178561	0.005917159763313609	0.0059096665259603205	0.005880815473078934	0.0057993936997495716	0.00579259677875106	0.005735354362965997	0.005538631957906397	0.005479452054794521	0.005396654074473826	0.00529858227123013	0.005132254243979471	0.005120126033871603	0.004966476285075739
2006	0.14385877050206586	0.1259027115410819	0.12071884359942701	0.11463285789751716	0.11263698155083923	0.10296430732002419	0.10274963820549927	0.09927075982121854	0.09926248337564986	0.096045197740113	0.0959902794653706	0.09554443650226352	0.09544554455445545	0.09367620047231698	0.09140101164568874	0.09043497558810475	0.08700335088559119	0.08663421110865235	0.0862663906142167	0.08215021133629566	0.07784039859511557	0.0751930177912051	0.07381717289719626	0.0667159945739302	0.06544916090819348	0.06449440094299907	0.0633923472301542	0.06331903049982604	0.06275399300633211	0.06263752383746517	0.06153429113580916	0.06061575369852059	0.059873116574147504	0.05546065368409065	0.05393276762402089	0.05184973575203542	0.05069570477918935	0.04871541501976285	0.04519708704196047	0.044922663080026896	0.04400887573964497	0.0438512869399428	0.04338141705557912	0.041286983912701095	0.03858482725869643	0.03632636326363264	0.0355624591236102	0.03517649962972106	0.03432077461413095	0.031785480706344016	0.030981834392065085	0.028722002635046113	0.028012758285952018	0.02775379301837918	0.024872448979591837	0.02436623184838789	0.023584326249846455	0.023247277621436437	0.022063595068137574	0.021095750128008194	0.015623077869356624	0.015076877145842663	0.014476386036960985	0.0126808891541101	0.011839445567427087	0.011510791366906475	0.0114760102551581	0.011036926011718217	0.010824022346368716	0.010559396605908234	0.010169963778211201	0.010043719721139077	0.009972913075597143	0.009851683447006604	0.009599814943326394	0.00896812533765532	0.008259911894273128	0.007534584980237154	0.007262823422605538	0.006869772998805257	0.006762328880092363	0.006596306068601583	0.006577344701583435	0.006466703357182168	0.00645557946510913	0.006433823529411764	0.00632609214609692	0.006302843966179862	0.006300963676797628	0.0062714648350007465	0.006253722453841573	0.006210261718172409	0.006142185049660219	0.006117098747451209	0.0060751624752755015	0.006074974070232627	0.005973193473193473	0.0057403783431180695	0.005735354362965997	0.005659891947517366	0.0055357848952155	0.005396654074473826	0.005395446769311751	0.005390512697652132	0.0052514113167913875	0.005214800099329526	0.005079006772009029
2005	0.14223112557906598	0.11876546425315797	0.11859482303222399	0.10958524067138299	0.10102843315184513	0.09797694660079981	0.09671972986010613	0.09531353135313532	0.09526123936816525	0.09482964021920419	0.09418450006045219	0.09341380215166623	0.09294091613188758	0.09043497558810475	0.09034231266909776	0.08640497845859263	0.08546123763515068	0.08318307488880874	0.08298133260662216	0.08139156822369134	0.07966879265972922	0.07816711590296496	0.0774070996082156	0.07082359813084112	0.06548279689234185	0.06426456071076012	0.0642082075548666	0.06249083174416899	0.06153429113580916	0.061115621013568364	0.06095832151970513	0.05941623350659736	0.05736083639446171	0.05477736020954333	0.05352480417754569	0.05199257248964434	0.051249008723235526	0.05085459291066768	0.04972776769509982	0.04851778656126482	0.044922663080026896	0.044229953330504876	0.044123655181805804	0.04400887573964497	0.0427696220090163	0.041511981100236246	0.03572596468279921	0.03569240196078431	0.035053073315230804	0.03413058659217877	0.03403317035758796	0.03230832308323083	0.030981834392065085	0.030608240680183127	0.02863085770219014	0.027874081264734434	0.02727272727272727	0.026520291106451214	0.02362786118631553	0.02346938775510204	0.023461491217295172	0.021804023361453602	0.02078853046594982	0.020140235715351337	0.017494211474144584	0.016853241481116988	0.015669709769723397	0.014927601134497686	0.014476386036960985	0.012933406714364337	0.011839445567427087	0.011598095470638505	0.011379986919555265	0.011240118577075098	0.010962241169305725	0.010503700167104321	0.010433689503456946	0.010176464219984844	0.010161881129623065	0.010096035459246491	0.009599814943326394	0.009480812641083521	0.009094503756425464	0.00896812533765532	0.008535242290748899	0.006762988011066708	0.0066102997694081475	0.0054361255250803065	0.005396654074473826	0.005390512697652132
2004	0.13321647677475898	0.1129144125398807	0.11053882725832012	0.11046969299396484	0.102843315184513	0.10238784370477569	0.10204328376254383	0.10197760304979747	0.10118505013673655	0.10064624222115845	0.09962361797224183	0.09669450652864368	0.09234507897934387	0.09150254481079885	0.08995339763736859	0.08533067021748779	0.08339084426040948	0.07787848271231958	0.07471947194719472	0.07078554692317178	0.0664869721473495	0.06615631792836216	0.06445296565228033	0.0631786771964462	0.06249083174416899	0.061669829222011384	0.059798481308411214	0.05793965620867893	0.05773690523790484	0.05707827069793727	0.05695598855429895	0.05682477096138235	0.05425913838120104	0.051421225539208686	0.04839685420447671	0.04680560300649129	0.044922663080026896	0.0441699604743083	0.04400887573964497	0.0438512869399428	0.0427696220090163	0.04232751784298176	0.041286983912701095	0.03956300381841324	0.038940994894930546	0.03662541045718616	0.03569240196078431	0.03384143418655929	0.03147482014388489	0.030981834392065085	0.030739045127534337	0.030116020735620835	0.02894628946289463	0.027874081264734434	0.02740447957839262	0.026520291106451214	0.023584326249846455	0.023491985806925242	0.02346938775510204	0.02313561407826729	0.021674237508111614	0.020583717357910907	0.014927601134497686	0.012830076085334924	0.011983829049956684	0.011510791366906475	0.011353925039677694	0.011036926011718217	0.010433689503456946	0.010333374338787059	0.010096035459246491	0.009959943704666017	0.009925558312655087	0.009599814943326394	0.009480812641083521	0.009342915811088296	0.009094503756425464	0.00896812533765532	0.00715782122905028	0.006762988011066708	0.0066102997694081475	0.005917159763313609	0.005559673832468495	0.005510301868711069	0.005434782608695652	0.00535931790499391
2003	
