	0	1	2	3	4	5	6	7	8	9	10	11	12	13	14	15	16	17	18	19	20	21	22	23	24	25	26	27	28	29	30	31	32	33	34	35	36	37	38	39	40	41	42	43	44	45	46	47	48	49	50	51	52	53	54	55	56	57	58	59	60	61	62	63	64	65	66	67	68	69	70	71	72	73	74	75	76	77	78	79	80	81	82	83	84	85	86	87	88	89	90	91	92	93	94	95	96	97	98	99	100	101	102	103	104	105	106	107	108	109	110	111	112	113	114	115	116	117	118	119	120	121	122	123	124	125	126	127	128	129	130	131	132	133	134	135	136	137	138	139	140	141	142	143	144	145	146	147	148	149	150	151	152	153	154	155	156	157	158	159	160	161	162	163	164	165	166	167	168	169	170	171	172	173	174	175	176	177	178	179	180	181	182	183	184	185	186	187	188	189	190	191	192	193	194	195	196	197	198	199	200	201	202	203	204	205	206	207	208	209	210	211	212	213	214	215	216	217	218	219	220	221	222
2020	1.0	1.0	1.0	1.0	1.0	1.0	1.0	1.0	1.0	1.0	1.0	1.0	1.0	1.0	1.0	1.0	1.0	1.0	1.0	1.0	1.0	1.0	1.0	1.0	1.0	1.0	1.0	1.0	1.0	1.0	1.0	1.0	1.0	1.0	1.0	1.0	1.0	1.0	1.0	1.0	1.0	1.0	1.0	1.0	1.0	1.0	0.9998864281658149	0.9998862990335418	0.9998687319506432	0.9998669150918286	0.9998668619358274	0.999866844207723	0.9998666666666667	0.9998664351542674	0.9998659697091543	0.9998658258419428	0.9998656094610939	0.9998536085492608	0.9998532433225712	0.9998522458628841	0.999733155436958	0.9997138769670959	0.9997091755125782	0.9997065297138664	0.999607072691552	0.9996053150901197	0.9996053150901197	0.9996009046162033	0.9994695663705079	0.9994677312042581	0.9994675186368477	0.9994627266621894	0.9993320865615816	0.9992682569881458	0.9992003198720512	0.9991147831218649	0.9989831657439837	0.998943810730883	0.9982634250601122	0.9975996799573277	0.9972332015810277	0.9971951382396154	0.9971874200971619	0.9958467309753484	0.9935535858178888	0.992137526652452	0.9898572000533832	0.9890197116020638	0.9712150906418422	0.9652488930631961	0.9618013671089666	0.951428135023675	0.9118120805369128	0.9057244024786073	0.9008264462809917	0.8834564254062038	0.8681221419088361	0.7697206542191345	0.6384668989547039	0.5744331252053895	0.5505142165759226	0.5394754539340955	0.534466477809254	0.5166312809624911	0.49798688600023006	0.49691026329930144	0.48130841121495327	0.4771981028821598	0.4771981028821598	0.47711571675302245	0.47463122061922514	0.44922518958127267	0.4370105783761506	0.42960515966650936	0.3876245723635282	0.3746794439195573	0.37299174989144596	0.3652114597544338	0.3558645170832717	0.347210657785179	0.3251987170548041	0.308839190628328	0.2838279335692894	0.27583798882681565	0.27186364906398436	0.2690536324468875	0.23781109008877893	0.22336191059399876	0.20018809619776973	0.18635735135965587	0.17010232834050126	0.16983445738810546	0.15584223013048637	0.15035481963335304	0.12863519545516028	0.1282336578581363	0.12288261515601782	0.12160356347438753	0.11905088465231106	0.11860751694393099	0.11277823577906018	0.11277823577906018	0.11242993735575338	0.11228359439406431	0.11211871393239901	0.11211871393239901	0.11211871393239901	0.1118800461361015	0.11175210153288281	0.11175210153288281	0.11175210153288281	0.11175210153288281	0.11171527434503213	0.11158727542442723	0.11158727542442723	0.11158727542442723	0.11125762320751607	0.11090969017798286	0.11070840197693575	0.11070840197693575	0.11029513648330332	0.10901651322519362	0.10896801846356742	0.10887827376050074	0.10869888475836431	0.10869565217391304	0.10865622423742786	0.10840148698884758	0.10816158285243199	0.1081362486984977	0.10798750557786703	0.10779066309842403	0.10769001933660569	0.10769001933660569	0.10769001933660569	0.10769001933660569	0.10769001933660569	0.10739253309534434	0.10651499482936919	0.10635133125092965	0.10620258813029898	0.10583580613254204	0.10557620817843866	0.10532579589407914	0.10516330126033338	0.10475674210597642	0.10471515692399226	0.10276621058893516	0.10268984990340319	0.10190824198132359	0.09942291838417147	0.09839080459770115	0.09645827743493426	0.09636699507389163	0.09622520793346129	0.09077429983525535	0.0851063829787234	0.0846390168970814	0.0837404047452896	0.0820655966503838	0.07947238252267107	0.07741828986464179	0.07731618859215299	0.07446153846153847	0.07420494699646643	0.07301211942063257	0.07131159743933303	0.07028231797919762	0.06797878280290341	0.06741387835833196	0.06393044367727913	0.06297151655119322	0.05995239512049985	0.05683678024103556	0.052267106347897774	0.048475836431226764	0.041692307692307695	0.0357355568790947	0.033933621074564664	0.020973269362577106	0.01863922241280732	0.014608658562593304	0.0021221025138752855
2019	0.9447433473898502	0.9423485653560042	0.9370122630992196	0.9361920093663105	0.936	0.9347703419478615	0.9342969776609724	0.9321333333333334	0.9313248256808314	0.9310968033434994	0.9304553208240388	0.9302561787608622	0.9299203304809678	0.9296808120337532	0.9295671313279531	0.9289238565142018	0.9288231949971575	0.9286717214265656	0.9285714285714286	0.9284006376195537	0.9280853902601734	0.9280257338158424	0.9278952146284528	0.9265708895661007	0.9264040457812084	0.9261673539976054	0.9260700389105059	0.9254823685961411	0.9254176610978521	0.9250532481363152	0.9249160510409671	0.9249101318066836	0.9248846597462514	0.9246639158791429	0.9245721271393643	0.9245208716198478	0.9244022973153466	0.923600908240951	0.9234872946792082	0.923363987738238	0.9232991857105333	0.9232254400908575	0.9229641476742636	0.9229325827637046	0.9229048809367189	0.9228514323784144	0.9228228962818004	0.922266139657444	0.9222614840989399	0.9221038615179761	0.9220037204358225	0.9219933554817276	0.9215251607182443	0.9213739433785053	0.9205739464467292	0.9196487960622589	0.9191636702623518	0.9188936397648316	0.9186139139670738	0.9183512140033879	0.9173123163238044	0.9171226478046176	0.9163772375100186	0.9163400293973543	0.9163118680149015	0.9161739587439233	0.9150171549221431	0.9145476772616137	0.9141211146838156	0.9140005870267097	0.9131981032665965	0.9110197586526986	0.9107850330154071	0.908863426840511	0.9086595492289442	0.9084633086167221	0.9080368906455863	0.9040593705293276	0.9031474440219688	0.9003537735849056	0.8987206823027718	0.8921839989455648	0.8856938483547926	0.8833053306858103	0.8794724630602027	0.8794326241134752	0.8779661016949153	0.876882776686313	0.8366350317884456	0.8149226088106892	0.692095783004874	0.5344989912575656	0.5198764437281762	0.5113941967445153	0.47172564757387814	0.47172564757387814	0.470782959124928	0.4365320596323636	0.3985228951255539	0.3791195277914412	0.37494938588203536	0.3718338399189463	0.365075034106412	0.36164857637250275	0.31986062717770036	0.3192223628206603	0.3181085437936593	0.3077742279020234	0.28301116253743536	0.2755586592178771	0.2715842414082146	0.26816223443767645	0.23752001164313782	0.2247943104169572	0.22336191059399876	0.21692540184091222	0.21583892617449665	0.19911326078194277	0.1923587549786104	0.1705472341687676	0.16983445738810546	0.16051932723517262	0.15035481963335304	0.14976275207591933	0.1442831215970962	0.14147223135064083	0.13489015209709632	0.1297635605006954	0.12863519545516028	0.12288261515601782	0.12160356347438753	0.11918804004937594	0.11860751694393099	0.11277823577906018	0.11277823577906018	0.11242993735575338	0.11228359439406431	0.11228359439406431	0.11211871393239901	0.11211871393239901	0.1118800461361015	0.11175210153288281	0.11175210153288281	0.11175210153288281	0.11175210153288281	0.11171527434503213	0.11158727542442723	0.11158727542442723	0.11158727542442723	0.11125762320751607	0.11090969017798286	0.11070840197693575	0.11070840197693575	0.11029513648330332	0.10901651322519362	0.10896801846356742	0.10887827376050074	0.10869888475836431	0.10869565217391304	0.10865622423742786	0.10840148698884758	0.10816158285243199	0.1081362486984977	0.10798750557786703	0.10779066309842403	0.10769001933660569	0.10769001933660569	0.10769001933660569	0.10769001933660569	0.10769001933660569	0.10739253309534434	0.10651499482936919	0.10635133125092965	0.10620258813029898	0.10583580613254204	0.10557620817843866	0.10532579589407914	0.10516330126033338	0.10475674210597642	0.10471515692399226	0.10291493158834028	0.10268984990340319	0.10190824198132359	0.10147511752309937	0.09942291838417147	0.09869731800766283	0.0986820428336079	0.09739737053930775	0.09636699507389163	0.09622520793346129	0.0837404047452896	0.07947238252267107	0.07741828986464179	0.07731618859215299	0.07335970985822618	0.07301211942063257	0.07131159743933303	0.07028231797919762	0.06741387835833196	0.06297151655119322	0.05995239512049985	0.05683678024103556	0.052267106347897774	0.04849025732559869	0.048475836431226764	0.041692307692307695	0.03786422126904304	0.0357355568790947	0.033933621074564664	0.031085206772134333	0.021110349554489375	0.01863922241280732	0.014608658562593304	0.0021221025138752855
2018	0.8934643995749203	0.8839610295186855	0.8809921962095875	0.8805110923897782	0.8784220131966868	0.8767744768037465	0.8765859284890427	0.8762677484787018	0.8761087267525036	0.875213226610681	0.8747262374069207	0.8741837178929038	0.8732	0.8729841396774624	0.8728531487152177	0.8728239202657807	0.8727079457879352	0.8724930464060899	0.8724850099933378	0.8724717625426845	0.8724707135250266	0.8724307121071476	0.8713621912448031	0.8712161444503452	0.871093243418493	0.8709591592390581	0.8709248170326015	0.8708904565419939	0.8705796038151137	0.8702299412915852	0.8701436934539649	0.8701091296247006	0.8700519792083167	0.870039946737683	0.8699521785334751	0.8699132755170114	0.8698792461347478	0.869826827120634	0.8697910784867307	0.8693882908899974	0.8692861820563196	0.8692	0.8691817736403724	0.8691801958942708	0.8690524058437207	0.8689710610932476	0.8689553833823137	0.8688760806916427	0.8687109596819989	0.8686366689053056	0.8686321021122784	0.8682522715125601	0.8682482240986463	0.8681157487665022	0.8680324597578821	0.8680250366227193	0.8677708027247228	0.8675036730332576	0.8674859738177932	0.867481662591687	0.867481662591687	0.8670257710181665	0.8666044776119403	0.8664936237444983	0.8657778782058524	0.8649603667271512	0.8648781446540881	0.8647979139504564	0.864131099425217	0.8640802322512536	0.8640316205533597	0.8638424821002386	0.8630443362715432	0.8628766344513928	0.8627812129982897	0.8626366390096141	0.8610781600105444	0.8608145512060102	0.8596266939401688	0.8591512284850874	0.8586670179135932	0.857333511277192	0.854316766393943	0.8376251788268956	0.8375150945927814	0.8300930618262231	0.6253443526170799	0.5346334902488231	0.5198764437281762	0.5122434536447276	0.47184725769183994	0.47184725769183994	0.4580723995723232	0.4532345548352957	0.43595310464611375	0.4111997635933806	0.3750843568632744	0.37197857866550876	0.36534788540245566	0.32144613871126415	0.3197212543554007	0.3192223628206603	0.3182210708117444	0.31445650464055375	0.3079073482428115	0.28301116253743536	0.27569832402234634	0.2717239452360995	0.26831080077254493	0.2460902921215698	0.23766555086595836	0.231314623338257	0.22351500306184935	0.22214474968623624	0.21692540184091222	0.20005374177079135	0.17069553611152305	0.17014101778050275	0.15050266114725014	0.14163654288531055	0.13489015209709632	0.13419335705812574	0.13324258923169993	0.1297635605006954	0.12863519545516028	0.1236255572065379	0.12234595397178916	0.1199291930963269	0.11918804004937594	0.11906962415280345	0.11294311624072548	0.11294311624072548	0.11259479063633367	0.11244847485572959	0.11244847485572959	0.11228359439406431	0.11228359439406431	0.11204481792717087	0.11191692764133838	0.11191692764133838	0.11191692764133838	0.11191692764133838	0.1118800461361015	0.11175210153288281	0.11175210153288281	0.11175210153288281	0.11142244931597164	0.11140939597315436	0.11107448912326962	0.11087314662273476	0.11087314662273476	0.1104336982125537	0.10916264796142043	0.10913287174414771	0.109042991269972	0.10886034255599474	0.10884758364312268	0.10882110469909316	0.10855018587360594	0.10832646331409727	0.10828499181912836	0.1081362486984977	0.1079393398751115	0.10783876245723635	0.10783876245723635	0.10783876245723635	0.10783876245723635	0.10783876245723635	0.107541276215975	0.10666272713842517	0.10650007437156031	0.10635133125092965	0.10600065941312233	0.10572490706319702	0.1054745611425171	0.10529882097845236	0.1048922618240954	0.10486390004462294	0.10455503323066948	0.10306365258774539	0.10283846039530391	0.10204357829205576	0.09958779884583677	0.09884678747940692	0.09869731800766283	0.09793399517037832	0.09652093596059114	0.09635316698656429	0.0837404047452896	0.07947238252267107	0.07748104187273326	0.0760977220204688	0.07319485657764589	0.07301211942063257	0.07131159743933303	0.07028231797919762	0.06860430805547359	0.06741387835833196	0.06297151655119322	0.06054745611425171	0.05683678024103556	0.052267106347897774	0.04878774356686003	0.048475836431226764	0.041692307692307695	0.03771631415471084	0.0357355568790947	0.033933621074564664	0.031085206772134333	0.021110349554489375	0.01863922241280732	0.014608658562593304	0.0021221025138752855
2017	0.85201912858661	0.8460144927536232	0.8435832631283348	0.8430436613786326	0.8404800234157764	0.8400465319179875	0.8400463633729354	0.8396535887678782	0.8391003460207612	0.8385165717623011	0.838483547925608	0.8383503514122795	0.8382666666666667	0.8379709759020104	0.8379301287102705	0.8376029793477034	0.8374691626759542	0.8372093023255814	0.8369550902146714	0.836839530332681	0.8364312267657993	0.8363266689257879	0.8363008238107893	0.8362507058159232	0.8362425049966689	0.836104829054144	0.8359281437125748	0.8359011983370017	0.8358951837212707	0.8358189599273764	0.8357513643018768	0.8357348703170029	0.8356569497253908	0.8354632587859425	0.8352592875561073	0.8351298383145517	0.8350199733688416	0.8350159404888416	0.8349960619585193	0.8348660535785686	0.8346666666666667	0.8341892883345561	0.8339579784213516	0.8338211814795103	0.8337769496939047	0.8335330936209882	0.8334963325183374	0.8334441931621658	0.8332221480987325	0.8331556503198294	0.833043942834246	0.8329909010859994	0.8329759620810292	0.8329110548073076	0.8329103779885134	0.8328880577077211	0.8328880577077211	0.8327437106918238	0.8325183374083129	0.8322823024285523	0.8322823024285523	0.8321093661733138	0.8320416889363976	0.8318595927116827	0.8312674930027989	0.8306245802552048	0.8305001834413599	0.8304718590108016	0.8299155609167672	0.8295942720763723	0.8293745051464766	0.8288135593220339	0.8285751874753322	0.8284436258387055	0.8277997364953886	0.8262817978120469	0.8256200460240348	0.8249637537893766	0.8240252897787145	0.8231507029299698	0.8215899377213335	0.8095493562231759	0.8047511010276258	0.8013452501612457	0.8007858546168959	0.5301950235373235	0.5182648401826484	0.5085633404104741	0.47531256622165713	0.4695366654505655	0.4695366654505655	0.4340715009408019	0.40247441576294485	0.37009697496019683	0.36343792633015004	0.36158725873937103	0.3433856051467632	0.3196015740285293	0.31790940766550524	0.3128834355828221	0.30577742279020237	0.2860922581387323	0.2813776204737272	0.2744413407821229	0.27088572226879015	0.26667657108899123	0.23606461941493231	0.22259644825474587	0.22088969460326313	0.21692540184091222	0.19951632406287786	0.1829448214812629	0.18050221565731167	0.17039893222601216	0.16952789699570817	0.15020697811945594	0.14097929674663162	0.13396835151328929	0.132637628554144	0.12863519545516028	0.12273402674591381	0.1214550853749072	0.11933913556571765	0.11918804004937594	0.11845348120764017	0.11228359439406431	0.11228359439406431	0.11193537751401253	0.11178895300906842	0.11178895300906842	0.11162407254740313	0.11162407254740313	0.11138573076289339	0.11125762320751607	0.11125762320751607	0.11125762320751607	0.11125762320751607	0.11122095897182402	0.11109279709906049	0.11109279709906049	0.11109279709906049	0.11076314488214933	0.11060402684563758	0.1104152933421226	0.11021416803953872	0.11021416803953872	0.10987945129555217	0.10847345862182657	0.10838412123208697	0.10828583954405963	0.10820158102766798	0.10816158285243199	0.10795539033457249	0.1076669414674361	0.10765799256505576	0.10739253309534434	0.10724378997471366	0.10704727921498662	0.10694630373345233	0.10694630373345233	0.10694630373345233	0.10694630373345233	0.10694630373345233	0.10664881749219099	0.1063672625203132	0.10560761564777629	0.10545887252714561	0.10534124629080119	0.10483271375464684	0.10458196965188932	0.10421466323350047	0.10397144132083891	0.10380810407914351	0.1021713265913147	0.10194679744389953	0.1009608878061984	0.09958779884583677	0.09908718084402698	0.09818780889621087	0.09590517241379311	0.09532949456174024	0.09485396383866482	0.08950191570881226	0.083182135380321	0.07914262159934048	0.07748104187273326	0.0760977220204688	0.07319485657764589	0.07301211942063257	0.07071609349411939	0.07028231797919762	0.06860430805547359	0.06741387835833196	0.06385833109739737	0.06297151655119322	0.06054745611425171	0.05683678024103556	0.052267106347897774	0.048475836431226764	0.041692307692307695	0.03771631415471084	0.03528886241810601	0.033933621074564664	0.031085206772134333	0.021110349554489375	0.01863922241280732	0.015674984005118364	0.0021221025138752855
2016	0.8277098831030818	0.8190115136197698	0.8183349712199915	0.8180044593088072	0.8174780212570529	0.8167249746078321	0.8166007905138339	0.8156028368794326	0.814031902476981	0.814	0.8138723280500219	0.8138696655132641	0.8137885169585458	0.8137641187286577	0.8136441459238772	0.8136067101584343	0.8135548172757475	0.813326800587947	0.8132861635220126	0.8132746901239504	0.812952767313822	0.8123639529821506	0.8122108114208328	0.8117359413202934	0.8117022478255959	0.811696061530301	0.8116438356164384	0.8115517700292787	0.8115467178849848	0.8115015974440895	0.8114688664183076	0.8114437791084498	0.8113308391234634	0.8112055231014339	0.8111878820090354	0.8111748233097746	0.8109723698193412	0.8109618198749501	0.8109406270847231	0.8109333333333333	0.810880195599022	0.8105797488645472	0.8104230712926365	0.8102345415778252	0.8101247248716068	0.8101198402130493	0.8099613796777201	0.8097782831154064	0.8096700948310405	0.8096565893748165	0.8094655741714565	0.8092694002938426	0.8091559370529328	0.8088646346333023	0.8083433293349327	0.8072454583861428	0.8070405727923627	0.8070359674455237	0.8058854579044603	0.8054018445322794	0.8048239895697523	0.804630969609262	0.8041771983504058	0.8037100381528747	0.8030842230130486	0.8021601685985248	0.8020966504730248	0.8005518328734726	0.8000267165375368	0.799975576993528	0.7975484381178332	0.7927609588386973	0.7903254649499285	0.7877415056628914	0.7843914125126693	0.780728680101428	0.5306076093128904	0.5209145931405514	0.5171072051522877	0.5162846803377563	0.4929186742590159	0.47435897435897434	0.46844217438890917	0.46844217438890917	0.4327688522217398	0.3914770123720788	0.36879432624113473	0.3520729907419831	0.3460655958968822	0.31689621249385147	0.31637630662020905	0.3114676734308636	0.3045793397231097	0.30163710777626196	0.28482687219601976	0.2801524639259461	0.27318435754189946	0.2696283878178262	0.2654880404100431	0.22106552357624004	0.21963463952029005	0.21874545189928685	0.21622347569164652	0.19830713422007254	0.1690642147412131	0.1681483752299203	0.14887640449438203	0.12849993236845664	0.12169390787518573	0.12071269487750556	0.11905088465231106	0.11801150612184688	0.1170671595810228	0.11079967023907666	0.11079967023907666	0.11063478977741138	0.11046990931574609	0.11046990931574609	0.11045169798878998	0.11039710001647718	0.11030502885408079	0.11023232822540781	0.10993901433987144	0.10993901433987144	0.10993901433987144	0.10993901433987144	0.10977418823141585	0.10977418823141585	0.10977418823141585	0.10977418823141585	0.10939597315436242	0.10906095551894564	0.10906095551894564	0.10893210283454186	0.1089095191907995	0.10721343873517787	0.10698977909660402	0.10697062691801841	0.10690166364684565	0.10676579925650558	0.10667765869744435	0.10651277823577907	0.10646840148698884	0.10620258813029898	0.1060538450096683	0.1060538450096683	0.1060538450096683	0.1060538450096683	0.1060538450096683	0.1060538450096683	0.10570918822479929	0.10545887252714561	0.10488993942975329	0.10441767068273092	0.10426892756210025	0.10398690865813746	0.10394052044609665	0.10385756676557864	0.10313050548854859	0.10278149635579355	0.10272394633419163	0.10179818695199881	0.1003866745984533	0.09974286100960887	0.09810387469084914	0.09789654716232306	0.09769357495881384	0.09551918433056077	0.09472132904608789	0.09417786308381318	0.09401947148817802	0.09067118226600986	0.08781609195402298	0.08729689807976367	0.08192602930914165	0.07831821929101401	0.07665677546983185	0.07560250907890392	0.07303000329706562	0.0728643216080402	0.07056721750781599	0.07013372956909361	0.06727648273827087	0.06692861820563195	0.06658974781605406	0.06333287539497184	0.061585835257890686	0.060398690865813745	0.055497693795566135	0.051112943116240726	0.04788104089219331	0.041310120979640014	0.04123076923076923	0.03668096435438545	0.03513996426444312	0.03318946271766632	0.03163114863959255	0.030391340549542047	0.020973269362577106	0.01783876500857633	0.015674984005118364	0.0019588638589618022
2015	0.5639384968006876	0.5589234620886981	0.5483490566037735	0.5461162812125679	0.5329531051964512	0.5307527367114321	0.529983060417843	0.5280425626246952	0.5267461669505963	0.526012865365083	0.5251327233706088	0.5247994576883968	0.519613416714042	0.512472487160675	0.5123538788522848	0.5109785202863962	0.5084352078239609	0.5056262230919765	0.5023812431310294	0.5003674669279765	0.4994164181040073	0.4993887530562347	0.49914709355727593	0.49527186761229314	0.4951693775223187	0.4926906361122086	0.49182724252491694	0.4916901048325237	0.4909163240949476	0.4898453261600538	0.4895114179500797	0.4893730074388948	0.4893560404470463	0.48888297164159233	0.4885267275097784	0.48815496098104794	0.4881333333333333	0.4880873153201118	0.48796062258879874	0.4879252835223482	0.48769128409846974	0.48695652173913045	0.48642172523961663	0.4864080232251254	0.4862168548175374	0.485890776358276	0.4854860186418109	0.4853411513859275	0.48528432547609535	0.4852647019602614	0.4852	0.484985384002126	0.4841468227864755	0.48385396072228815	0.48371244032575117	0.4835693294149078	0.48314014752370915	0.48302696900576947	0.4828369173233605	0.4827223755091315	0.48266772110188483	0.48167399706783953	0.4812934259754142	0.4794106038679121	0.4781740750598882	0.4780812791472352	0.476609356257497	0.47246251441753173	0.47241885935621747	0.47081545064377683	0.4684149521877717	0.46515870120394015	0.46515870120394015	0.46353631694790903	0.46226552275701616	0.4619068350021768	0.46164441618987073	0.46008218373936016	0.4569642144472529	0.4555169650013358	0.4538902976111037	0.43156199677938806	0.4297293385439282	0.3865892775316939	0.36532059632363584	0.35032872668724	0.34566068295316504	0.31431382193802265	0.31261324041811844	0.29935504168633004	0.296043656207367	0.2928647497337593	0.2713687150837989	0.2692092763341716	0.2640023770613579	0.25850803158181324	0.21922841396203308	0.21685344200261972	0.2114070561985776	0.19970453934998658	0.18003493215101438	0.16683968559988135	0.14858072146658782	0.10993901433987144	0.10915086562242374	0.10915086562242374	0.10898598516075846	0.10882110469909316	0.10882110469909316	0.10880316518298715	0.10874938210578348	0.10865622423742786	0.10858461031471413	0.10829075325531565	0.10829075325531565	0.10829075325531565	0.10812592714686006	0.10812592714686006	0.10812592714686006	0.10812592714686006	0.1072487644151565	0.1072487644151565	0.10711931443638761	0.10704874835309618	0.10696965498129417	0.1067369461373744	0.1055092795557504	0.10534124629080119	0.10527881040892194	0.10502885408079142	0.1049814126394052	0.10486397361912614	0.10471515692399226	0.10456689290233522	0.1045664138033616	0.1045664138033616	0.1045664138033616	0.1045664138033616	0.1045664138033616	0.1045664138033616	0.10441767068273092	0.10426892756210025	0.104073743681237	0.10398690865813746	0.10397144132083891	0.10394052044609665	0.10386329866270431	0.10356034864824937	0.10348923533778767	0.1022090339597758	0.10179818695199881	0.10177530830735872	0.10136874915300176	0.10129406514948684	0.09889946460440215	0.09853960761174214	0.09825416159155502	0.09769357495881384	0.09704251386321626	0.09645507007419621	0.09436241610738255	0.09404346659511671	0.0935155412647374	0.0927703134996801	0.09067118226600986	0.08577938614126793	0.08567049808429118	0.07997208653175157	0.07831821929101401	0.07580367773515015	0.07500824266402902	0.07461208319577418	0.07168193910730121	0.07090103397341212	0.06848295369956826	0.06494148673149827	0.06407112201103618	0.054009819967266774	0.0494641384995878	0.04858841010401189	0.04639405204460967	0.045883741516671586	0.04453176162409954	0.044015825914935705	0.04341255666987223	0.03983475951608144	0.03969230769230769	0.03668096435438545	0.03602771362586605	0.034693269803454434	0.033620946146980066	0.03313945624239145	0.03209436291318064	0.031701146003869626	0.030391340549542047	0.030290845731135236	0.02141863699582754	0.020973269362577106	0.01669525443110349	0.014608658562593304
2014	0.5325464949928469	0.5317543692101996	0.5186584354556344	0.5042247570764681	0.5028818443804035	0.5002823263692829	0.5000564270398374	0.4973310618966496	0.49509084753413835	0.49497231951191956	0.49406980684513724	0.4876461211477152	0.4831254585473221	0.4815035799522673	0.47954434100930915	0.4792074363992172	0.47897310513447433	0.4786063569682152	0.4759691818515348	0.47417267065575774	0.46988584175305076	0.46613158214763467	0.46600997202967287	0.4646703441029682	0.4639478394272565	0.4631897800605821	0.46253333333333335	0.46219269102990035	0.46070234113712377	0.4606157536985206	0.46041639039915133	0.4600400266844563	0.46000266205244245	0.4598802395209581	0.45981607357057175	0.45975788213383	0.4593733404142326	0.4593263213952869	0.45932203389830506	0.4592080786606431	0.45915380521554017	0.4588940706195869	0.4576405384006334	0.4572421165152325	0.45691699604743086	0.45682998736487435	0.4567275636751567	0.45661431993611923	0.4565502756629036	0.45619174434087884	0.4560329918850605	0.4551162169382848	0.45478829971951384	0.4547879809042404	0.45426666666666665	0.45415076963557427	0.453934361407671	0.4535036880927292	0.4534226777033241	0.4527481217872677	0.452577045696068	0.4515195369030391	0.44909869018285564	0.44797649258715105	0.4475962178718871	0.44635250266240684	0.4447808535178777	0.44377682403433477	0.4403071573456969	0.43958121273811257	0.4382527934987665	0.43694897141330485	0.43536316947909026	0.4317581449955973	0.43088724851642785	0.429600960896837	0.4055043185477968	0.396906523201076	0.388726012793177	0.381854284405071	0.3779481132075472	0.36561007381676075	0.34000847637211273	0.31505164781111655	0.3137282229965157	0.2980965864401447	0.29233226837060705	0.27694406548431105	0.27108938547486033	0.2692092763341716	0.2591886741083583	0.22045315370483773	0.2165623635569786	0.21224375958722633	0.19997313994090787	0.17949751444310091	0.16772949725641406	0.16704682678116195	0.14887640449438203	0.1101401483924155	0.1101401483924155	0.1099752679307502	0.10981038746908492	0.10981038746908492	0.10979228486646884	0.10973801285219971	0.10964550700741962	0.10957324106113034	0.10927970990604911	0.10927970990604911	0.10927970990604911	0.10927970990604911	0.10911488379759354	0.10911488379759354	0.10911488379759354	0.10911488379759354	0.10823723228995058	0.10823723228995058	0.10810810810810811	0.10704874835309618	0.10697062691801841	0.1067369461373744	0.10633036597428289	0.10617100371747212	0.10601813685078318	0.10587360594795539	0.10585325638911788	0.10560761564777629	0.10545887252714561	0.10545887252714561	0.10545887252714561	0.10545887252714561	0.10545887252714561	0.10545887252714561	0.10496580434136188	0.10486390004462294	0.10456689290233522	0.10444674250258532	0.10441767068273092	0.10426892756210025	0.10398690865813746	0.10394052044609665	0.10386329866270431	0.10348923533778767	0.1031981536432575	0.10218652387327086	0.10218186746171568	0.10179818695199881	0.10177530830735872	0.09979179060083283	0.09960752469887671	0.099424693907656	0.09891984081864696	0.09858287122612445	0.09769357495881384	0.09744435284418797	0.09630040182901482	0.09484840354172257	0.09458735262593783	0.09436241610738255	0.09404990403071017	0.09051724137931035	0.08604744672295939	0.08080949057920446	0.07831821929101401	0.07659743352295277	0.07599736234751071	0.07461208319577418	0.07256872598285545	0.07149187592319055	0.06848295369956826	0.06560079116532058	0.06499080318822809	0.05490254426424639	0.05045342126957955	0.049479940564635956	0.04676895839480673	0.04639405204460967	0.044269810085134254	0.04423684572056601	0.044015825914935705	0.04071997639421658	0.0363356428021555	0.03490607898239905	0.034693269803454434	0.034	0.033620946146980066	0.03259413603214764	0.03246314080887326	0.03195720751611576	0.0305589063128267	0.02941992783791285	0.020973269362577106	0.01738136077758719	0.01524845382810834	0.004317789291882556
2013	0.3894792773645058	0.38401298825327096	0.36954112170250497	0.36409155937052934	0.3587165292057395	0.35494747762936063	0.3543756967670011	0.35369847543760585	0.35355237292895253	0.35167766390565774	0.34682151589242055	0.34626370588777294	0.3455234833659491	0.3444963308872582	0.34411881713300624	0.34313474814625416	0.34292093511951666	0.3403134465955485	0.34	0.3393641080218172	0.3393213572854291	0.33909115067765083	0.33887927592173567	0.3384227296866702	0.3379981340797015	0.335515766969535	0.33551008561892326	0.33386651156027336	0.3328957731688107	0.33268005879470847	0.331474688187821	0.3296467667306173	0.3288510185061909	0.3287589498806683	0.328006392329205	0.3276783328880577	0.3275353773584906	0.327501001736343	0.32671256065906784	0.3258081752604862	0.324	0.3237611860558301	0.3189869711608842	0.31887495764147744	0.31707018831010025	0.3168476665688289	0.3164938984385251	0.31285357189843443	0.3128361858190709	0.3110697179350718	0.30938722294654497	0.30868810890164156	0.30731835501248195	0.30591362126245847	0.3056539259982904	0.30499468650371947	0.30434782608695654	0.30090998524348256	0.3006070203219847	0.3000526870389884	0.2998800479808077	0.2984051667325689	0.296280276816609	0.29447035309793473	0.2940556214577567	0.2896386184824643	0.28748170812824264	0.2826144834930777	0.2822902796271638	0.2818738355070535	0.2751376412634019	0.2739628040057225	0.26885474860335196	0.2664151997764739	0.2622601279317697	0.2534788540245566	0.24286278121299829	0.24135583991287776	0.24006359300476948	0.21321496143210594	0.2131047152480098	0.20987309998605494	0.1899006177813591	0.18075863530408984	0.1794715136703834	0.1725656756331603	0.1476552598225602	0.10750206100577081	0.10750206100577081	0.10733718054410553	0.10717230008244023	0.10717230008244023	0.10715463237718431	0.1071016641950898	0.10700741962077494	0.10693689240402043	0.10664249217075984	0.10664249217075984	0.10664249217075984	0.10664249217075984	0.10647766606230427	0.10647766606230427	0.10647766606230427	0.10647766606230427	0.10560131795716639	0.10560131795716639	0.1054713249835201	0.1046324711383896	0.10379182156133829	0.10375494071146245	0.10369271348499835	0.10360731345742052	0.10349442379182155	0.1033800494641385	0.10322772571768556	0.10321516900247321	0.10307898259705489	0.10307898259705489	0.10307898259705489	0.10307898259705489	0.10307898259705489	0.10307898259705489	0.10258697591436218	0.1024840101145322	0.10208302555768947	0.10144280827011751	0.10129406514948684	0.10101160368937816	0.10096654275092937	0.10089153046062407	0.10066815144766147	0.10056050115397297	0.10014907168993088	0.1000135519718119	0.09980663394318012	0.0991231980977857	0.09744214372716199	0.09726353361094586	0.09706446378521906	0.09653212052302444	0.09611829944547134	0.09525723472668811	0.09480626545754328	0.09439868204283361	0.0927019050174403	0.09200255918106207	0.09167785234899328	0.0874384236453202	0.08478085816173933	0.0839029620694277	0.07600989282769992	0.0756724800472953	0.07448075142214579	0.07335970985822618	0.06296357343003131	0.06163465832961143	0.05727963024100363	0.05007429420505201	0.04781533388293487	0.04657045082576997	0.04478637175436186	0.04475836431226766	0.04440838005311301	0.04418067919551599	0.04400785854616896	0.041310120979640014	0.03756876425600429	0.03387220939183987	0.03195720751611576	0.03169230769230769	0.030956987646971277	0.029332936271590233	0.029306753942279083	0.028682482240986462	0.027893422148209824	0.026623280579795888	0.02356230031948882	0.01783876500857633	0.015674984005118364	0.014107214832728738	0.01090289608177172	0.010894418291862811	0.009963212752912324	0.009343022393593355	0.008498971898560657	0.008094905792044662	0.007835600236546423	0.007734642272794883	0.007259528130671506	0.004317789291882556
2012	0.3461742826780021	0.3110081437798371	0.30899901726800505	0.2962002334327584	0.29366822653041735	0.2931995540691193	0.29212015672616454	0.2865797445015146	0.2864109953447129	0.28525683789192796	0.28131115459882583	0.2799627956417752	0.2798037395570879	0.27944111776447106	0.2793667686577092	0.27923697725605284	0.2788104089219331	0.2787286063569682	0.2785552445688391	0.2775189671236523	0.2768584187023903	0.27604931024361606	0.27579417169860854	0.2754549926217413	0.2744322675403909	0.27409869598568143	0.26911349520045175	0.265086520285008	0.26408114558472556	0.264007348117045	0.2606145251396648	0.25784992017030334	0.2567762399077278	0.2560771165129925	0.25572734454350526	0.253156146179402	0.2528	0.25095256865063725	0.2499348109517601	0.24835309617918314	0.24755872261810505	0.24750099960015995	0.245683331452432	0.2446865037194474	0.2443140132061629	0.24150005647803005	0.241320293398533	0.24067483853960722	0.23856596810333466	0.2351765489673551	0.23447782546494994	0.2340764331210191	0.23028649386084585	0.23007823819182846	0.22903912696300238	0.22542434973745268	0.22453222453222454	0.2244467860906217	0.22256300840112014	0.22256219236397498	0.22231096911608095	0.22094882729211088	0.2207723035952064	0.21530758226037197	0.20565742191099234	0.20122519643094952	0.20093333333333332	0.1976422645903071	0.19687691365584814	0.19327848277785525	0.1791693155329519	0.17177007789417137	0.16958294961189319	0.15683498505584395	0.15245857830037413	0.14649345162653146	0.13424096032791685	0.11837482816557202	0.10041220115416323	0.10041220115416323	0.10041220115416323	0.10024732069249793	0.10024732069249793	0.10001647717910693	0.09991755976916736	0.09990108803165183	0.09985170538803757	0.09971979561562551	0.09971979561562551	0.09971979561562551	0.09955496950716994	0.09955496950716994	0.09955496950716994	0.09955496950716994	0.09955496950716994	0.09937376400791036	0.09917627677100495	0.09917627677100495	0.09834867748063715	0.09733201581027667	0.0971003717472119	0.096853895569099	0.09683177153056671	0.09683177153056671	0.09683177153056671	0.09683177153056671	0.09683177153056671	0.09683177153056671	0.09680297397769516	0.09668302840993603	0.09660402242004616	0.09649122807017543	0.09629018961253091	0.09629018961253091	0.09608805592741336	0.09504685408299866	0.0949122285034216	0.09489811096236798	0.09465081723625557	0.09459276324705244	0.09443207126948774	0.09442379182156134	0.09425321317772196	0.09418620409269549	0.09378349410503752	0.09347181008902077	0.09341067975606128	0.0933273889136573	0.0921640276086074	0.0907213453311698	0.09057108863771565	0.08804616652926628	0.08797364085667216	0.087201502548967	0.08701215611004479	0.08604026845637584	0.08482092097782831	0.08158866995073892	0.07960427930518808	0.0750812887969258	0.07264441763838628	0.07007419620774938	0.06905675353882788	0.0670952851961754	0.059121847057253436	0.056535355200263725	0.054761586750367304	0.05255322316510347	0.04858841010401189	0.04781621477227194	0.043521266073194856	0.04327517516142327	0.0426981008513425	0.041220115416323165	0.04116258483328415	0.03881040892193308	0.03865447034523458	0.03823835738729356	0.03488528109486113	0.0346158966848622	0.033903301886792456	0.031254811393379524	0.029076923076923077	0.02827801756213722	0.02770539020710465	0.02694008845999196	0.026926509967271646	0.02635497319833234	0.025256730502359145	0.025113545284531125	0.022365478226549138	0.019523739091850317	0.01761006289308176	0.017172523961661343	0.015568351460865857	0.008361891706648389	0.007585899152164213	0.007259528130671506	0.006437768240343348	0.005445140212360468	0.004568050517264544	0.004317789291882556	0.003349616189811584	0.003114340797864452	0.0016262566528681254	0.0014794889038332213	0.0010221465076660989
2011	0.2718194786668396	0.2703241232731137	0.2666385846672283	0.26126632037063036	0.25838211814795103	0.25792335234053837	0.25788787483702735	0.2578239608801956	0.2536916323001197	0.2527264795695798	0.25238980350504514	0.2506312292358804	0.2494413407821229	0.2491638795986622	0.24809561334384028	0.24743777452415813	0.24630071599045347	0.24336090552895082	0.24315068493150685	0.2409606404269513	0.23977075836332135	0.23936430317848412	0.23919308357348704	0.2391708743024183	0.2360185289797763	0.23444381705251272	0.23206919494344644	0.2320378419841473	0.23157657149305946	0.22752919564361632	0.22714097496706193	0.2253797158255757	0.22465451877216583	0.2233287858117326	0.22231002238904254	0.2204703718302457	0.21724862168548176	0.21628397994193718	0.21522655426765017	0.2111506524317912	0.2087307410124725	0.2048240411229735	0.20457796852646637	0.2026431718061674	0.19940788845382484	0.1960549113687858	0.19500531349628056	0.19402718168812588	0.19400399733510992	0.19362745098039216	0.19358702662858196	0.19331903848324117	0.19313054868287002	0.19123214067651728	0.1904894714823595	0.18764568764568765	0.18485493745009315	0.18346666666666667	0.1786474973375932	0.17855714095212696	0.17603195739014646	0.17560196887056007	0.1724413646055437	0.16841257050765512	0.16748768472906403	0.1672148401526115	0.1477819347942277	0.14628221377270806	0.12721417069243157	0.1166946693141897	0.1157778826490483	0.09738012852199704	0.09727947238252267	0.09727947238252267	0.09727947238252267	0.09721535673092767	0.09711459192085738	0.09708257788033625	0.09708257788033625	0.09708257788033625	0.09693372898120672	0.09691775177188067	0.09691775177188067	0.09691775177188067	0.09691775177188067	0.09691775177188067	0.0967848309975268	0.09673698088332235	0.09654036243822076	0.09654036243822076	0.09586438696478153	0.09513602638087387	0.09472118959107807	0.0946969696969697	0.09445188160047598	0.09445188160047598	0.09445188160047598	0.09445188160047598	0.09445188160047598	0.09445188160047598	0.09445188160047598	0.09442379182156134	0.09438313292703014	0.09411239964317573	0.09395774855960999	0.09370816599732262	0.09347181008902077	0.09332234130255565	0.09332234130255565	0.09266696415290793	0.09253198452841416	0.09251822103227726	0.09242444775714867	0.0924219910846954	0.09219330855018587	0.09215340832091069	0.09205642167780252	0.09103078982597054	0.09096998928188639	0.09094962104324565	0.09033959775799538	0.08909308829404715	0.08836111520873285	0.08804283164782867	0.08509277031349968	0.08505500402468473	0.08491343775762572	0.08467874794069193	0.08348993288590605	0.08231949971574759	0.07973333333333334	0.07866379310344827	0.07764868284826872	0.07301211942063257	0.06694146743610882	0.0669400714380209	0.0625183445846786	0.06247939333992746	0.05578539970639263	0.05340365913960771	0.045913818722139677	0.04501135301188727	0.04490014743331993	0.043542139708828635	0.041213320145070884	0.04080230800934194	0.040471512770137524	0.03808738664468261	0.038064325759811155	0.036431226765799254	0.03629389200354087	0.03461693277874681	0.034296383647798745	0.03142058314472108	0.029099307159353348	0.025384615384615384	0.025099437662872034	0.024695031240702173	0.024125452352231604	0.023175131834582294	0.020523615313774505	0.01656559680520633	0.0158947970268725	0.013968863297078268	0.00822481151473612	0.007881378573336895	0.007108287961282517	0.0069909266696415295	0.006812717071867486	0.006437768240343348	0.005970606246172688	0.005445140212360468	0.005413452429286778	0.00510546822517802	0.004842259721203228	0.004317789291882556	0.003262158956109134	0.0016262566528681254	0.001334717484799051	0.0011426705843943846	0.0010649627263045794
2010	0.24748603351955306	0.24618292860258834	0.2396798652064027	0.2347325565070897	0.23398533007334962	0.22924901185770752	0.22541766109785202	0.22390984811366976	0.2228119706380576	0.21993355481727575	0.2195181606946313	0.21627647714604237	0.21363214427794722	0.2130712008501594	0.21158032215933828	0.21037181996086105	0.2098190526875998	0.20743418822731896	0.20548484450859467	0.20360523926857735	0.20308788598574823	0.20231822971549	0.20200133422281522	0.20063066614111155	0.1988928430209569	0.19504563233376793	0.1921117741231262	0.1915233906437425	0.189513317528936	0.18696502812423577	0.1862875365399947	0.18293333333333334	0.18061674008810572	0.17812015074262913	0.17569742489270387	0.17418748321246308	0.1716259298618491	0.1712139185448794	0.1649782923299566	0.1647921760391198	0.1638011462081834	0.1629014531688851	0.16081706353684685	0.15968852274009707	0.15838938542338524	0.14638783269961977	0.14459217591408846	0.14388641661368934	0.1329780146568954	0.1304555438831057	0.1272047033671833	0.1266462684581615	0.12662860488947444	0.12604818314920804	0.1253319171534785	0.12385080115576569	0.1166946693141897	0.10308535178777394	0.1011444921316166	0.10101144530210274	0.09691775177188067	0.09691775177188067	0.09691775177188067	0.09691775177188067	0.09691775177188067	0.09688581314878893	0.09675292566342508	0.09675292566342508	0.09675292566342508	0.09672104135771956	0.09640738299274884	0.09637561779242175	0.09637561779242175	0.09557211749232793	0.09436758893280632	0.09430313847984531	0.09430313847984531	0.09430313847984531	0.09430313847984531	0.09430313847984531	0.09430313847984531	0.09430313847984531	0.09427509293680297	0.09421841541755889	0.09397769516728624	0.09381504608980078	0.09355942287669196	0.09253198452841416	0.0924964605946201	0.0924219910846954	0.09236947791164658	0.09236947791164658	0.09215340832091069	0.09201788860279171	0.0919079435783222	0.09174721189591079	0.09088204670533988	0.09081210828110414	0.09075182967398536	0.0906097721585671	0.09043408360128617	0.09005795809184128	0.08829404714342788	0.08806608644342824	0.08774538964901844	0.08483685220729367	0.0846525355513818	0.08415446071904129	0.08390177353342429	0.08295302013422819	0.08186469584991472	0.07741861267686645	0.07157110549421311	0.07123854566952409	0.07028753993610223	0.06667548617542003	0.062224831229820955	0.06172124022022602	0.05538502602428934	0.04576523031203566	0.04541874507744815	0.044744223320422064	0.04342581423401689	0.04088361358391032	0.04066492650089298	0.0398166339227243	0.03821186190616701	0.03613382899628253	0.035998819710829154	0.0358687106918239	0.034348584462632496	0.031553721208893624	0.03133333333333333	0.028791377983063894	0.025384615384615384	0.024695031240702173	0.024259482643077337	0.023853944562899788	0.023175131834582294	0.022630640515704292	0.01722986509950581	0.016269782576541932	0.0158947970268725	0.013968863297078268	0.009201445941505093	0.007614213197969543	0.007402330363262509	0.007219662058371736	0.007108287961282517	0.007091150834687547	0.006970335548711298	0.006812717071867486	0.006395954187118846	0.006298970656014749	0.005817513778322106	0.005657150374950665	0.005574912891986063	0.0054863582443653615	0.005445140212360468	0.005413452429286778	0.00510546822517802	0.004548789435069699	0.004317789291882556	0.0034109446833753524	0.0011980830670926517	0.0011426705843943846
2009	0.22298288508557457	0.2214265655714687	0.21374326310632044	0.21331976152392032	0.21184047000338946	0.20536992840095467	0.20474738098395437	0.20220178372352285	0.1991232731137088	0.19895515890291685	0.19538866930171278	0.19531665779670038	0.19415282392026578	0.1937888198757764	0.19279493269992082	0.19226150767178118	0.18749178820128762	0.18737698464768404	0.18409387222946544	0.18367049919953427	0.18071654373024237	0.1793541693684347	0.17849298061312197	0.17752898840463815	0.17539197448844007	0.17503624621062344	0.17392367906066536	0.17069027181688126	0.17029341569563386	0.16492076282567822	0.16423811137467526	0.16385424309122035	0.16315672799822656	0.16246014877789586	0.16172400158165282	0.1594527035916327	0.1545976309683722	0.15440097799511002	0.15224015348154835	0.15213333333333334	0.15167588308317345	0.15009674744310328	0.13825517532741868	0.1318077218102787	0.12858094603597603	0.12701586032253764	0.12680384820951363	0.09276018099547512	0.09098712446351931	0.08431836091410559	0.08305603620391322	0.0829671061392995	0.08287880803512039	0.08151885289431758	0.08103792415169661	0.07931404072883172	0.07367822626492325	0.06856091107787875	0.06518557935346547	0.06370085722731303	0.06314878892733564	0.0617678381256656	0.054740240680950986	0.05346276441611127	0.04550914186574136	0.04188067957329119	0.037531721650861494	0.03640485398053074	0.035573641375689156	0.030244910002950723	0.02997248427672956	0.02817657319200322	0.02513559994708295	0.02409954158480681	0.022769640479360854	0.019861431870669747	0.01863932898415657	0.0184	0.017723880597014924	0.017181208053691274	0.015846153846153847	0.015145422865567618	0.015025290092234455	0.013423808821360083	0.01235081876214266	0.012276290489572548	0.01215440096166689	0.01188707280832095	0.011521053353449459	0.011127902184365985	0.009719839908519153	0.009063766261462998	0.007826831356243121	0.007747795885653219	0.007108287961282517	0.007091150834687547	0.00706605222734255	0.0069010844561288205	0.006854009595613434	0.006812717071867486	0.0067866627323694305	0.006594131223211342	0.0065930443382231745	0.006395954187118846	0.006298970656014749	0.00594883997620464	0.005782918149466192	0.00572987721691678	0.005664421310471525	0.005657150374950665	0.005574912891986063	0.005445140212360468	0.005239822652156389	0.00473499312662288	0.004402054292002935	0.004317789291882556	0.0034109446833753524	0.002635046113306983	0.0011426705843943846
2008	0.23004216955067616	0.22777087334764434	0.2235327155293457	0.21973213101710648	0.2136774880255455	0.21153338611770917	0.21112040133779264	0.20614092638761317	0.20325844172907634	0.2004063270933101	0.1998696219035202	0.19856801909307875	0.1972635494155154	0.18866930171277999	0.188216686437327	0.1824928469241774	0.17998665777184789	0.17829566194019375	0.17779795097912074	0.17358639778568605	0.17313313845336167	0.172197787551646	0.16912931981926976	0.16728134878819811	0.16722376086333685	0.1669111838392958	0.16589497459062677	0.1647840531561462	0.16271998525753248	0.16155768977766083	0.15506150547342287	0.15198563582594002	0.14636830520909758	0.14453557969408112	0.14177215189873418	0.14009779951100246	0.12946210268948655	0.12741570038651207	0.12707108498129344	0.11659422142674508	0.10706666666666667	0.10656540911317981	0.10394842868654311	0.09484978540772532	0.09276018099547512	0.08913390010626993	0.0828339326141963	0.0740193291642979	0.06856091107787875	0.06592465753424658	0.06370085722731303	0.06286043829296424	0.06230031948881789	0.06065740426973907	0.054242185447859206	0.054153213971235695	0.0537525354969574	0.04417456292539704	0.04188067957329119	0.037531721650861494	0.03573809841312175	0.035573641375689156	0.030244910002950723	0.030169025157232705	0.028713269824231853	0.028146574614976102	0.025540275049115914	0.02540018520968382	0.023945723027803643	0.02303595206391478	0.021823020625415836	0.01996539331824837	0.019861431870669747	0.018266666666666667	0.017857142857142856	0.017181208053691274	0.01517773931567035	0.015145422865567618	0.015025290092234455	0.01396833843288546	0.0137188375866647	0.012276290489572548	0.012212045517624202	0.012191854233654877	0.012184249628528975	0.01215440096166689	0.011127902184365985	0.011109587162254835	0.009719839908519153	0.009063766261462998	0.007826831356243121	0.007747795885653219	0.007108287961282517	0.007081735025081145	0.0069434185256315555	0.0069010844561288205	0.006716929403701165	0.006693440428380187	0.0066791343841838095	0.006605222734254993	0.0065930443382231745	0.006298970656014749	0.006264424662050775	0.00594883997620464	0.005782918149466192	0.00572987721691678	0.005657150374950665	0.005574912891986063	0.005511328842620943	0.005445140212360468	0.005374177079134758	0.00473499312662288	0.004402054292002935	0.004317789291882556	0.0034109446833753524	0.002342263211828429
2007	0.2153555329358732	0.20494859337927918	0.19472510169269125	0.1845885938180235	0.18197135636057288	0.18012752391073325	0.17984189723320157	0.17315035799522674	0.17167381974248927	0.1714623571147024	0.17086498733839797	0.16997998665777184	0.16811823700184744	0.16666666666666666	0.16564662054284193	0.1652827204428628	0.15856069592724398	0.15723598435462843	0.1566414625888726	0.15588039867109635	0.15198563582594002	0.15121180189673342	0.15046530913111583	0.1467863623340655	0.14238612773232384	0.14084189143437537	0.1380195599022005	0.13589779587252562	0.12781554045048646	0.12735535358013744	0.1252139887503057	0.1195203197868088	0.1168460640643237	0.1100244498777506	0.10717785399314061	0.10706666666666667	0.08259468170829976	0.07634105025409373	0.06856091107787875	0.0633314383172257	0.06296186816435116	0.06242791234140715	0.056854410201912856	0.056251598056762976	0.054153213971235695	0.052218974222694656	0.052185699762792276	0.048332019963225635	0.04794520547945205	0.04636337293538105	0.04592274678111588	0.04188067957329119	0.040304283998398506	0.03713102711366369	0.03367183324425441	0.03142819254740751	0.031373063796271985	0.030244910002950723	0.029870649419922655	0.029115792298403328	0.028146574614976102	0.025540275049115914	0.02540018520968382	0.023945723027803643	0.022902796271637816	0.019861431870669747	0.019832290696126714	0.019692307692307693	0.015625	0.015025290092234455	0.014645187058980163	0.012904084076094186	0.012276290489572548	0.012184249628528975	0.01215440096166689	0.011934499028587288	0.01157684630738523	0.011526605012732878	0.011127902184365985	0.01104898828541001	0.009719839908519153	0.009063766261462998	0.008517434122970456	0.00850363461802222	0.007893698197605579	0.007826831356243121	0.007747795885653219	0.007108287961282517	0.007091150834687547	0.006716929403701165	0.0066791343841838095	0.006605222734254993	0.0065930443382231745	0.006572461386789352	0.006544697307749516	0.006298970656014749	0.006264424662050775	0.006148440931049627	0.006079478054567023	0.006048982000590145	0.00594883997620464	0.005900575306092344	0.005894962486602358	0.005863539445628998	0.00572987721691678	0.005657150374950665	0.005574912891986063	0.005511328842620943	0.0054601145292315885	0.005445140212360468	0.00523489932885906	0.004887734840384909	0.004402054292002935	0.004317789291882556	0.004152454397152602	0.004030632809351068
2006	0.17670319737882725	0.17667587610876836	0.17255579171094582	0.1680661068905771	0.15730663183863008	0.1570335180786487	0.1567468138220996	0.1554000677124478	0.15503161222339304	0.15428194993412384	0.15207557211282596	0.15025701858442073	0.14812338840607392	0.14774963915496653	0.1475496408956485	0.1467780429594272	0.14511664689600634	0.14332975679542204	0.14312292358803988	0.142761841227485	0.14223532715529347	0.14219614039047512	0.13142112125162972	0.12748809378434486	0.1265087994103013	0.12533626803619466	0.12059525480836726	0.11956521739130435	0.1189873417721519	0.11606795486966671	0.10773333333333333	0.1011970738195522	0.08098307816277196	0.06797066014669927	0.06651151396374326	0.06531141868512111	0.06372943747843092	0.06325746378953591	0.05791710945802338	0.05400645729380687	0.053980801806888766	0.05343901815392483	0.05297639218344064	0.050244498777506114	0.04846335697399527	0.04821173104434907	0.04771424763427962	0.04694291509707331	0.04390900195694716	0.04201237982352166	0.0407046576805018	0.037264591959396284	0.03193479422768573	0.030097373856594865	0.030004000533404455	0.029384140614517645	0.027615507169410514	0.02634029533058401	0.02619515389652914	0.02577730534148286	0.02513559994708295	0.022902796271637816	0.020125071063104037	0.01996539331824837	0.015919811320754717	0.015025290092234455	0.012904084076094186	0.012481426448737	0.012276290489572548	0.01215440096166689	0.01210911510312708	0.011795725784068832	0.01171614964718413	0.01140266520126391	0.011392574721887146	0.010779877561884482	0.009719839908519153	0.009063766261462998	0.008148543948704248	0.008092168426827596	0.007259528130671506	0.00710432837784502	0.0069909266696415295	0.006812717071867486	0.006758984503791626	0.006716929403701165	0.0065930443382231745	0.006481594716888834	0.0064516129032258064	0.006396588486140725	0.006298970656014749	0.006246281975014872	0.006195604071396961	0.006079478054567023	0.006048982000590145	0.005909292362239622	0.005907062221055395	0.00590097869890616	0.005859635104541217	0.00572987721691678	0.005637583892617449	0.005627009646302251	0.005511328842620943	0.005445140212360468	0.0053940271016971455	0.005374177079134758	0.004695524578136464	0.004641294258055961	0.004152454397152602
2005	0.1776070500508417	0.17245892104115165	0.17109458023379384	0.16593362654938024	0.15652860850919761	0.15627906976744185	0.15465822116653472	0.1530961791831357	0.15260777009047366	0.1491262646170017	0.14712855637513172	0.14700926705981465	0.14696234090014434	0.1458233890214797	0.14575411913814956	0.14445762488467115	0.143930407275603	0.14169446297531688	0.1416318699921002	0.13868025751072963	0.13102998696219034	0.12663328855782147	0.12512669308025431	0.1251165889407062	0.12350207874786011	0.12087603537835181	0.11928651059085842	0.1064	0.09856049798988457	0.09490639965171964	0.08876596865534045	0.0678484107579462	0.06602155805977462	0.06580078311527075	0.0655997693194925	0.06310966597694354	0.06218133451562846	0.06085356033590245	0.06030814380044021	0.05698724760892667	0.054525919957023904	0.05427872860635697	0.054153213971235695	0.05354117248390376	0.04925137903861308	0.04849785407725322	0.0484472049689441	0.04798080767692923	0.04781385834824853	0.047812228339611705	0.04403131115459882	0.04323899371069182	0.04057119978646737	0.03739815680512889	0.03582363747703613	0.03413149887551263	0.03140032068412613	0.02994983771023901	0.029337244965995466	0.027908224875888905	0.02748274030801912	0.025910178049428648	0.025542104562990556	0.0243614931237721	0.023169107856191744	0.023031203566121844	0.021429522161586584	0.020260492040520984	0.020125071063104037	0.01895864816595686	0.01487652484379649	0.013303179459890914	0.013173652694610778	0.013159698423577794	0.012823938017632914	0.012381839968046865	0.012366793842915405	0.012276290489572548	0.012020836115934286	0.011495658554482084	0.011404323034080361	0.011258544431041415	0.010912962470055895	0.009719839908519153	0.009512325830653805	0.009063766261462998	0.00850363461802222	0.0069124423963133645	0.006606237517283761	0.006038330270412182	0.005877638258081752	0.005445140212360468
2004	0.18031118220154138	0.1714930924548353	0.16529205739464467	0.1613365155131265	0.16086038532594352	0.16070420945717187	0.16003153330705558	0.1597469355476473	0.1592885375494071	0.15880398671096346	0.1583245521601686	0.1576271186440678	0.15599915504858472	0.15552919467510215	0.1520725043316007	0.15074507716870675	0.14939623701207527	0.14869007803790413	0.14840572103398503	0.14727457397584923	0.14629380876785933	0.14422948632421614	0.12705650929899856	0.1265087994103013	0.12551632245169886	0.1243580337490829	0.11613333333333334	0.09911554120454864	0.0658881199538639	0.06310966597694354	0.0628971599014395	0.061384414453635176	0.06136919315403423	0.05972120322817315	0.05636719199355804	0.05326780021253985	0.052979160551805106	0.05147550377232356	0.05083292503674669	0.04872603099553454	0.04849785407725322	0.0482154732875194	0.04798080767692923	0.04781385834824853	0.047232686177919446	0.045965770171149146	0.04499059897931775	0.0438269513159381	0.04354207436399217	0.04332938232582642	0.040203274985883684	0.03739815680512889	0.03582363747703613	0.033364473508608036	0.03180117584179583	0.02994983771023901	0.029337244965995466	0.028310747350060377	0.02695167286245353	0.02630879617326601	0.025929355734885567	0.025009977384594918	0.0243614931237721	0.02303595206391478	0.01487652484379649	0.01337295690936107	0.012771052281495278	0.012720011832569147	0.012641383898868928	0.012421530653132095	0.011849287711356677	0.011579928124584055	0.011404323034080361	0.01140266520126391	0.011258544431041415	0.010912962470055895	0.010801591813530414	0.009719839908519153	0.009512325830653805	0.009063766261462998	0.00805817610062893	0.0069124423963133645	0.006606237517283761	0.006432134418482541	0.006314958558084462	0.006278386321132781	0.005877638258081752	0.005788712011577424
2003	0.17754834957103388	0.168836344314559	0.16106497957031765	0.1607398568019093	0.1598671096345515	0.15968379446640316	0.1588005215123859	0.15808920559514383	0.15766653527788727	0.15684410646387834	0.15658362989323843	0.1558219178082192	0.14967705700645886	0.14534559643255296	0.1442178532177311	0.13294959988768776	0.0655997693194925	0.06325746378953591	0.0628971599014395	0.060973982655103405	0.05960617349654071	0.05949789580612393	0.05799763810523553	0.05659726216496031	0.05649079200090385	0.05620133167814016	0.05300212539851222	0.0500122279285889	0.04859469398476491	0.04849785407725322	0.04798080767692923	0.04768601380721043	0.04744768759163002	0.04694291509707331	0.04621026894865526	0.045936395759717315	0.04577698958102416	0.0446173104434907	0.04451160873746394	0.04364303178484107	0.04354207436399217	0.04306598182536547	0.040212357392974137	0.040203274985883684	0.04017605236429297	0.037961853865290704	0.0376652864965941	0.0328306419324703	0.032378414390406396	0.03180117584179583	0.02994983771023901	0.02907054273903187	0.02884744398228901	0.027262959978511952	0.027084439723844927	0.0264416688812118	0.025664770472284694	0.025009977384594918	0.02409954158480681	0.022769640479360854	0.01487652484379649	0.013075780089153046	0.012904084076094186	0.0128	0.01277445109780439	0.012720011832569147	0.012688660344597301	0.01171303074670571	0.011583011583011582	0.010912962470055895	0.010346787947697555	0.009491137793024585	0.008850501172957987	0.00805817610062893	0.007219662058371736	0.006606237517283761	0.006432134418482541	0.006314958558084462	0.006278386321132781	0.005877638258081752	0.005788712011577424
