# Section	Page	Header	Code	Old	New
#Section	Page	Header	Code	Old	New
BCP47	u_Extension	cu-cnx	_deprecated	…	true
BCP47	u_Extension	hc-c12	_deprecated	…	false
BCP47	u_Extension	hc-c24	_deprecated	…	false
#Section	Page	Header	Code	Old	New
Supplemental	Alias	language	fat-reason	macrolanguage	▷removed◁
Supplemental	Alias	language	fat-replacement	ak	▷removed◁
Supplemental	Alias	language	yol-reason	▷missing◁	deprecated
Supplemental	Alias	language	yol-replacement	▷missing◁	enm
Supplemental	IdValidity	currency	deprecated	…	…
Supplemental	IdValidity	language	deprecated	…	… • bih • … • yol • …
Supplemental	IdValidity	language	regular	…	… • dyl~o • … • fat~u • … • lfa~b • … • ola~b • … • osc~d • … • scz • … • tvg • … • yok • yom~n • … • zhk • …
Supplemental	IdValidity	script	regular	…	… • Jurc • … • Pcun • … • Seal • …
Supplemental	IdValidity	unit	regular	…	… • force-dyne • … • force-poundal • … • length-milliinch • …
Supplemental	IdValidity	variant	regular	…	… • moderat • … • radikalt • … • slepe • … • stadi • … • taglish • …
Supplemental	Locale	Parent (collations)	sr_ME	sr_Cyrl_ME	▷removed◁
Supplemental	Locale	DefaultContent	plain	…	… • ady_RU • … • ary_MA • … • brh_PK • … • hrx_BR • … • isv_Cyrl_001 • isv_Latn • isv_Latn_001 • … • kbd_RU • … • mrh_IN • … • sus_GN • … • xdq_RU • …
Supplemental	Units	force/default	001	▷missing◁	newton
Supplemental	Units	Convert	dyne-baseUnit	▷missing◁	kilogram-meter-per-square-second
Supplemental	Units	Convert	poundal-baseUnit	▷missing◁	kilogram-meter-per-square-second
Supplemental	Units	Convert	dyne-factor	▷missing◁	1/1000*100
Supplemental	Units	Convert	poundal-factor	▷missing◁	lb_to_kg*ft_to_m
Supplemental	Units	Convert	dyne-systems	▷missing◁	metric_adjacent
Supplemental	Units	Convert	poundal-systems	▷missing◁	uksystem
Supplemental	Units	Convert	poundal-systems	▷missing◁	ussystem
Supplemental	Likely	Subtag	bqv	…	bqv_Latn_NG
Supplemental	Likely	Subtag	cpx	…	cpx_Hans_CN
Supplemental	Likely	Subtag	gun	…	gun_Latn_PY
Supplemental	Likely	Subtag	isv	▷missing◁	isv_Latn_001
Supplemental	Likely	Subtag	juc	▷missing◁	juc_Jurc_CN
Supplemental	Likely	Subtag	mnp	…	mnp_Hans_CN
Supplemental	Likely	Subtag	och	▷missing◁	och_Seal_CN
Supplemental	Likely	Subtag	und_Cyrl_JO	▷missing◁	ady_Cyrl_JO
Supplemental	Likely	Subtag	und_Jurc	▷missing◁	juc_Jurc_CN
Supplemental	Likely	Subtag	und_Latn_RU	…	en_Latn_RU
Supplemental	Likely	Subtag	und_Pcun	▷missing◁	und_Pcun_IQ
Supplemental	Likely	Subtag	und_Seal	▷missing◁	och_Seal_CN
Supplemental	Likely	Subtag	wsg	…	wsg_Telu_IN
Supplemental	Likely	Subtag	yol	yol_Latn_IE	▷removed◁
Supplemental	LanguageMatch	written_new	rn-en-distance	…	35
Supplemental	LanguageMatch	written_new	rn-fr-distance	▷missing◁	30
Supplemental	LanguageMatch	written_new	rn-fr-oneway	▷missing◁	true
Supplemental	LanguageMatch	written_new	rn-rw-distance	▷missing◁	10
Supplemental	LanguageMatch	written_new	rw-en-distance	▷missing◁	30
Supplemental	LanguageMatch	written_new	rw-en-oneway	▷missing◁	true
Supplemental	LanguageMatch	written_new	rw-fr-distance	…	35
Supplemental	LanguageInfo	BR/hrx	populationPercent	▷missing◁	0.59
Supplemental	LanguageInfo	CI/bqv	literacyPercent	10	▷removed◁
Supplemental	LanguageInfo	CI/bqv	populationPercent	0.17	▷removed◁
Supplemental	LanguageInfo	GN/sus	populationPercent	…	24
Supplemental	LanguageInfo	IN/mrh	populationPercent	▷missing◁	0.0034
Supplemental	LanguageInfo	IN/wsg	populationPercent	▷missing◁	0.021
Supplemental	LanguageInfo	JO/ady	populationPercent	▷missing◁	1
Supplemental	LanguageInfo	MM/mrh	populationPercent	▷missing◁	0.036
Supplemental	LanguageInfo	PK/brh	populationPercent	…	1.2
Supplemental	LanguageInfo	PY/aqt	populationPercent	▷missing◁	0.017
Supplemental	LanguageInfo	PY/ayo	populationPercent	▷missing◁	0.036
Supplemental	LanguageInfo	PY/cag	populationPercent	▷missing◁	0.23
Supplemental	LanguageInfo	PY/ceg	populationPercent	▷missing◁	0.03
Supplemental	LanguageInfo	PY/enl	populationPercent	▷missing◁	0.13
Supplemental	LanguageInfo	PY/enx	populationPercent	▷missing◁	0.075
Supplemental	LanguageInfo	PY/es	populationPercent	…	67
Supplemental	LanguageInfo	PY/gn	populationPercent	…	69
Supplemental	LanguageInfo	PY/gun	populationPercent	▷missing◁	0.16
Supplemental	LanguageInfo	PY/guq	populationPercent	▷missing◁	0.024
Supplemental	LanguageInfo	PY/gva	populationPercent	▷missing◁	0.0003
Supplemental	LanguageInfo	PY/mca	populationPercent	▷missing◁	0.027
Supplemental	LanguageInfo	PY/nhd	populationPercent	▷missing◁	0.016
Supplemental	LanguageInfo	PY/pta	populationPercent	▷missing◁	0.13
Supplemental	LanguageInfo	PY/spn	populationPercent	▷missing◁	0.025
Supplemental	LanguageInfo	PY/tmf	populationPercent	▷missing◁	0.027
Supplemental	LanguageInfo	RU/ady	populationPercent	…	0.081
Supplemental	LanguageInfo	RU/alt	populationPercent	…	0.047
Supplemental	LanguageInfo	RU/av	populationPercent	…	0.48
Supplemental	LanguageInfo	RU/az_Cyrl	populationPercent	…	0.22
Supplemental	LanguageInfo	RU/ba	populationPercent	…	0.8
Supplemental	LanguageInfo	RU/be	populationPercent	▷missing◁	0.045
Supplemental	LanguageInfo	RU/bua	populationPercent	…	0.23
Supplemental	LanguageInfo	RU/ce	populationPercent	…	1.1
Supplemental	LanguageInfo	RU/chm	populationPercent	…	0.19
Supplemental	LanguageInfo	RU/cu	populationPercent	…	0.001
Supplemental	LanguageInfo	RU/dar	populationPercent	…	0.27
Supplemental	LanguageInfo	RU/de	populationPercent	▷missing◁	0.79
Supplemental	LanguageInfo	RU/en	populationPercent	▷missing◁	3.8
Supplemental	LanguageInfo	RU/fi	populationPercent	…	0.01
Supplemental	LanguageInfo	RU/inh	populationPercent	…	0.25
Supplemental	LanguageInfo	RU/izh	populationPercent	…	0
Supplemental	LanguageInfo	RU/ka	populationPercent	▷missing◁	0.06
Supplemental	LanguageInfo	RU/kaa	populationPercent	…	0.0003
Supplemental	LanguageInfo	RU/kbd	populationPercent	…	0.34
Supplemental	LanguageInfo	RU/kk	populationPercent	▷missing◁	0.2
Supplemental	LanguageInfo	RU/koi	populationPercent	…	0.031
Supplemental	LanguageInfo	RU/krc	populationPercent	…	0.2
Supplemental	LanguageInfo	RU/krl	populationPercent	…	0.01
Supplemental	LanguageInfo	RU/kum	populationPercent	…	0.3
Supplemental	LanguageInfo	RU/kv	populationPercent	…	0.081
Supplemental	LanguageInfo	RU/lbe	populationPercent	…	0.065
Supplemental	LanguageInfo	RU/lez	populationPercent	…	0.21
Supplemental	LanguageInfo	RU/mn	populationPercent	…	0.0033
Supplemental	LanguageInfo	RU/mrj	populationPercent	…	0.011
Supplemental	LanguageInfo	RU/os	populationPercent	…	0.26
Supplemental	LanguageInfo	RU/ru	populationPercent	…	99
Supplemental	LanguageInfo	RU/sah	populationPercent	…	0.28
Supplemental	LanguageInfo	RU/sr	populationPercent	…	0.0042
Supplemental	LanguageInfo	RU/tg	populationPercent	▷missing◁	0.16
Supplemental	LanguageInfo	RU/tt	populationPercent	…	2.4
Supplemental	LanguageInfo	RU/tyv	populationPercent	…	0.19
Supplemental	LanguageInfo	RU/udm	populationPercent	…	0.19
Supplemental	LanguageInfo	RU/uk	populationPercent	▷missing◁	0.46
Supplemental	LanguageInfo	RU/uz	populationPercent	▷missing◁	0.17
Supplemental	LanguageInfo	RU/vep	populationPercent	…	0.0016
Supplemental	LanguageInfo	RU/xal	populationPercent	▷missing◁	0.08
Supplemental	LanguageInfo	RU/xdq	populationPercent	▷missing◁	0.015
Supplemental	LanguageInfo	SG/bn	populationPercent	▷missing◁	1.3
Supplemental	LanguageInfo	SG/cdo	populationPercent	▷missing◁	0.9
Supplemental	LanguageInfo	SG/cpx	populationPercent	▷missing◁	0.4
Supplemental	LanguageInfo	SG/en	literacyPercent	▷missing◁	100
Supplemental	LanguageInfo	SG/en	populationPercent	…	80
Supplemental	LanguageInfo	SG/fil	populationPercent	▷missing◁	2.6
Supplemental	LanguageInfo	SG/hak	populationPercent	▷missing◁	4.3
Supplemental	LanguageInfo	SG/id	populationPercent	▷missing◁	2
Supplemental	LanguageInfo	SG/ja	populationPercent	▷missing◁	0.6
Supplemental	LanguageInfo	SG/jv	populationPercent	▷missing◁	1.5
Supplemental	LanguageInfo	SG/mad	populationPercent	▷missing◁	0.4
Supplemental	LanguageInfo	SG/ml	populationPercent	…	0.4
Supplemental	LanguageInfo	SG/mnp	populationPercent	▷missing◁	0.3
Supplemental	LanguageInfo	SG/ms	literacyPercent	▷missing◁	100
Supplemental	LanguageInfo	SG/ms	populationPercent	…	19
Supplemental	LanguageInfo	SG/nan	populationPercent	▷missing◁	5.8
Supplemental	LanguageInfo	SG/pa	populationPercent	…	0.4
Supplemental	LanguageInfo	SG/ta	literacyPercent	▷missing◁	88
Supplemental	LanguageInfo	SG/ta	populationPercent	…	4.9
Supplemental	LanguageInfo	SG/th	populationPercent	▷missing◁	0.7
Supplemental	LanguageInfo	SG/yue	populationPercent	▷missing◁	2.1
Supplemental	LanguageInfo	SG/zh	literacyPercent	▷missing◁	100
Supplemental	LanguageInfo	SG/zh	populationPercent	…	62
Supplemental	LanguageInfo	SL/sus	populationPercent	▷missing◁	3
Supplemental	Metazone	Africa/Bissau	-∞..1975-01-01 01:00	Africa_FarWestern	▷removed◁
Supplemental	Metazone	Africa/Casablanca	2026-09-20 01:00..∞	▷missing◁	Europe_Western
Supplemental	Metazone	Africa/El_Aaiun	2026-09-20 01:00..∞	▷missing◁	Europe_Western
Supplemental	Metazone	Africa/El_Aaiun	-∞..1976-04-14 01:00	Africa_FarWestern	▷removed◁
Supplemental	Metazone	Africa/Monrovia	1972-01-07 00:44:30..∞	▷missing◁	GMT
Supplemental	Metazone	Africa/Monrovia	1972-01-07 00:45..∞	GMT	▷removed◁
Supplemental	Metazone	Africa/Monrovia	-∞..1972-01-07 00:45	Liberia	▷removed◁
Supplemental	Metazone	alam	deprecated	false	▷removed◁
Supplemental	Metazone	alam	longId	Almaty	▷removed◁
Supplemental	Metazone	America/Adak	-∞..1983-10-30 12:00	Bering	▷removed◁
Supplemental	Metazone	America/Anchorage	-∞..1983-10-30 11:00	Alaska_Hawaii	▷removed◁
Supplemental	Metazone	America/Goose_Bay	1988-04-03 04:01-1988-10-30 02:01	Goose_Bay	▷removed◁
Supplemental	Metazone	America/Nome	-∞..1983-10-30 12:00	Bering	▷removed◁
Supplemental	Metazone	America/Paramaribo	-∞..1975-11-20 03:30	Dutch_Guiana	▷removed◁
Supplemental	Metazone	America/Santo_Domingo	-∞..1974-10-27 05:00	Dominican	▷removed◁
Supplemental	Metazone	America/Scoresbysund	-∞..1981-03-29 02:00	Greenland_Central	▷removed◁
Supplemental	Metazone	aqta	deprecated	false	▷removed◁
Supplemental	Metazone	aqta	longId	Aqtau	▷removed◁
Supplemental	Metazone	aqto	deprecated	false	▷removed◁
Supplemental	Metazone	aqto	longId	Aqtobe	▷removed◁
Supplemental	Metazone	Asia/Almaty	-∞..2004-10-30 20:00	Almaty	▷removed◁
Supplemental	Metazone	Asia/Aqtau	1991-12-15 19:00-2004-10-30 22:00	Aqtau	▷removed◁
Supplemental	Metazone	Asia/Aqtau	-∞..1991-12-15 19:00	Shevchenko	▷removed◁
Supplemental	Metazone	Asia/Aqtobe	1991-12-15 19:00-2004-10-30 21:00	Aqtobe	▷removed◁
Supplemental	Metazone	Asia/Aqtobe	-∞..1991-12-15 19:00	Aktyubinsk	▷removed◁
Supplemental	Metazone	Asia/Ashgabat	-∞..1992-01-18 22:00	Ashkhabad	▷removed◁
Supplemental	Metazone	Asia/Baku	-∞..1991-03-30 22:00	Baku	▷removed◁
Supplemental	Metazone	Asia/Bishkek	-∞..1991-03-30 20:00	Frunze	▷removed◁
Supplemental	Metazone	Asia/Colombo	1996-05-24 18:30-2006-04-14 18:30	Lanka	▷removed◁
Supplemental	Metazone	Asia/Dhaka	-∞..1971-03-25 18:00	Dacca	▷removed◁
Supplemental	Metazone	Asia/Dushanbe	-∞..1991-09-08 21:00	Dushanbe	▷removed◁
Supplemental	Metazone	Asia/Karachi	-∞..1971-03-25 19:00	Karachi	▷removed◁
Supplemental	Metazone	Asia/Kuala_Lumpur	-∞..1981-12-31 16:00	Malaya	▷removed◁
Supplemental	Metazone	Asia/Kuching	-∞..1981-12-31 16:00	Borneo	▷removed◁
Supplemental	Metazone	Asia/Macau	-∞..1999-12-19 16:00	Macau	▷removed◁
Supplemental	Metazone	Asia/Oral	1991-12-15 20:00-2004-10-30 22:00	Oral	▷removed◁
Supplemental	Metazone	Asia/Oral	-∞..1991-12-15 20:00	Uralsk	▷removed◁
Supplemental	Metazone	Asia/Qyzylorda	1991-12-15 19:00-2004-10-30 21:00	Qyzylorda	▷removed◁
Supplemental	Metazone	Asia/Qyzylorda	-∞..1991-12-15 19:00	Kizilorda	▷removed◁
Supplemental	Metazone	Asia/Samarkand	1981-09-30 18:00-1982-03-31 18:00	Tashkent	▷removed◁
Supplemental	Metazone	Asia/Samarkand	1982-03-31 18:00-1991-08-31 18:00	Samarkand	▷removed◁
Supplemental	Metazone	Asia/Samarkand	-∞..1981-09-30 18:00	Samarkand	▷removed◁
Supplemental	Metazone	Asia/Tashkent	-∞..1991-03-30 20:00	Tashkent	▷removed◁
Supplemental	Metazone	Asia/Tbilisi	-∞..1991-03-30 22:00	Tbilisi	▷removed◁
Supplemental	Metazone	Asia/Yekaterinburg	-∞..1992-01-18 22:00	Sverdlovsk	▷removed◁
Supplemental	Metazone	Asia/Yerevan	-∞..1991-03-30 22:00	Yerevan	▷removed◁
Supplemental	Metazone	brit	deprecated	▷missing◁	false
Supplemental	Metazone	brit	longId	▷missing◁	British
Supplemental	Metazone	eire	deprecated	▷missing◁	false
Supplemental	Metazone	eire	longId	▷missing◁	Irish
Supplemental	Metazone	Europe/Dublin	1971-10-31 02:00..∞	…	Irish
Supplemental	Metazone	Europe/Dublin	-∞..1971-10-31 02:00	Irish	▷removed◁
Supplemental	Metazone	Europe/Guernsey	1971-10-31 02:00..∞	…	British
Supplemental	Metazone	Europe/Guernsey	-∞..1971-10-31 02:00	British	▷removed◁
Supplemental	Metazone	Europe/Isle_of_Man	1971-10-31 02:00..∞	…	British
Supplemental	Metazone	Europe/Isle_of_Man	-∞..1971-10-31 02:00	British	▷removed◁
Supplemental	Metazone	Europe/Jersey	1971-10-31 02:00..∞	…	British
Supplemental	Metazone	Europe/Jersey	-∞..1971-10-31 02:00	British	▷removed◁
Supplemental	Metazone	Europe/London	1971-10-31 02:00..∞	…	British
Supplemental	Metazone	Europe/London	-∞..1971-10-31 02:00	British	▷removed◁
Supplemental	Metazone	Europe/Samara	-∞..1989-03-25 22:00	Kuybyshev	▷removed◁
Supplemental	Metazone	guam	deprecated	false	▷removed◁
Supplemental	Metazone	guam	longId	Guam	▷removed◁
Supplemental	Metazone	lank	deprecated	false	▷removed◁
Supplemental	Metazone	lank	longId	Lanka	▷removed◁
Supplemental	Metazone	maca	deprecated	false	▷removed◁
Supplemental	Metazone	maca	longId	Macau	▷removed◁
Supplemental	Metazone	metazones	Africa_FarWestern-001	Africa/El_Aaiun	▷removed◁
Supplemental	Metazone	metazones	Aktyubinsk-001	Asia/Aqtobe	▷removed◁
Supplemental	Metazone	metazones	Alaska_Hawaii-001	America/Anchorage	▷removed◁
Supplemental	Metazone	metazones	Almaty-001	Asia/Almaty	▷removed◁
Supplemental	Metazone	metazones	Aqtau-001	Asia/Aqtau	▷removed◁
Supplemental	Metazone	metazones	Aqtobe-001	Asia/Aqtobe	▷removed◁
Supplemental	Metazone	metazones	Ashkhabad-001	Asia/Ashgabat	▷removed◁
Supplemental	Metazone	metazones	Baku-001	Asia/Baku	▷removed◁
Supplemental	Metazone	metazones	Bering-001	America/Adak	▷removed◁
Supplemental	Metazone	metazones	Borneo-001	Asia/Kuching	▷removed◁
Supplemental	Metazone	metazones	Chamorro-GU	Pacific/Guam	▷removed◁
Supplemental	Metazone	metazones	Dacca-001	Asia/Dhaka	▷removed◁
Supplemental	Metazone	metazones	Dominican-001	America/Santo_Domingo	▷removed◁
Supplemental	Metazone	metazones	Dushanbe-001	Asia/Dushanbe	▷removed◁
Supplemental	Metazone	metazones	Dutch_Guiana-001	America/Paramaribo	▷removed◁
Supplemental	Metazone	metazones	Frunze-001	Asia/Bishkek	▷removed◁
Supplemental	Metazone	metazones	GMT-GB	Europe/London	▷removed◁
Supplemental	Metazone	metazones	GMT-IE	Europe/Dublin	▷removed◁
Supplemental	Metazone	metazones	Goose_Bay-001	America/Goose_Bay	▷removed◁
Supplemental	Metazone	metazones	Greenland_Central-001	America/Scoresbysund	▷removed◁
Supplemental	Metazone	metazones	Guam-001	Pacific/Guam	▷removed◁
Supplemental	Metazone	metazones	Karachi-001	Asia/Karachi	▷removed◁
Supplemental	Metazone	metazones	Kizilorda-001	Asia/Qyzylorda	▷removed◁
Supplemental	Metazone	metazones	Kuybyshev-001	Europe/Samara	▷removed◁
Supplemental	Metazone	metazones	Kwajalein-001	Pacific/Kwajalein	▷removed◁
Supplemental	Metazone	metazones	Lanka-001	Asia/Colombo	▷removed◁
Supplemental	Metazone	metazones	Liberia-001	Africa/Monrovia	▷removed◁
Supplemental	Metazone	metazones	Macau-001	Asia/Macau	▷removed◁
Supplemental	Metazone	metazones	Malaya-001	Asia/Kuala_Lumpur	▷removed◁
Supplemental	Metazone	metazones	North_Mariana-001	Pacific/Saipan	▷removed◁
Supplemental	Metazone	metazones	Oral-001	Asia/Oral	▷removed◁
Supplemental	Metazone	metazones	Qyzylorda-001	Asia/Qyzylorda	▷removed◁
Supplemental	Metazone	metazones	Samarkand-001	Asia/Samarkand	▷removed◁
Supplemental	Metazone	metazones	Shevchenko-001	Asia/Aqtau	▷removed◁
Supplemental	Metazone	metazones	Sverdlovsk-001	Asia/Yekaterinburg	▷removed◁
Supplemental	Metazone	metazones	Tashkent-001	Asia/Tashkent	▷removed◁
Supplemental	Metazone	metazones	Tbilisi-001	Asia/Tbilisi	▷removed◁
Supplemental	Metazone	metazones	Uralsk-001	Asia/Oral	▷removed◁
Supplemental	Metazone	metazones	Yerevan-001	Asia/Yerevan	▷removed◁
Supplemental	Metazone	noma	deprecated	false	▷removed◁
Supplemental	Metazone	noma	longId	North_Mariana	▷removed◁
Supplemental	Metazone	Pacific/Guam	-∞..2000-12-22 14:00	Guam	▷removed◁
Supplemental	Metazone	Pacific/Kwajalein	-∞..1993-08-21 12:00	Kwajalein	▷removed◁
Supplemental	Metazone	Pacific/Midway	-∞..1983-10-30 12:00	Bering	▷removed◁
Supplemental	Metazone	Pacific/Pago_Pago	-∞..1983-10-30 12:00	Bering	▷removed◁
Supplemental	Metazone	Pacific/Saipan	-∞..2000-12-22 14:00	North_Mariana	▷removed◁
Supplemental	Metazone	qyzy	deprecated	false	▷removed◁
Supplemental	Metazone	qyzy	longId	Qyzylorda	▷removed◁
Supplemental	Metazone	trky	deprecated	▷missing◁	false
Supplemental	Metazone	trky	longId	▷missing◁	Turkey
Supplemental	Metazone	urqi	deprecated	▷missing◁	false
Supplemental	Metazone	urqi	longId	▷missing◁	Urumqi
Supplemental	Metazone	America/Edmonton-std-offset	-∞..∞	▷missing◁	-07
Supplemental	Metazone	Europe/Dublin-std-offset	-∞..1971-10-31 02:00	+00	▷removed◁
Supplemental	Metazone	America/Edmonton-dst-offset	-∞..∞	▷missing◁	-06
Supplemental	Metazone	Europe/Dublin-dst-offset	-∞..1971-10-31 02:00	+01	▷removed◁
Supplemental	Plural	cardinal-fr	one	…	i = 0..1 @integer 0, 1 @decimal 0.0~1.5
Supplemental	Plural	cardinal-gl	many	▷missing◁	e = 0 and i != 0 and i % 1000000 = 0 and v = 0 or e != 0..5 @integer 1000000, 1c6, 2c6, 3c6, 4c6, 5c6, 6c6, … @decimal 1.0000001c6, 1.1c6, 2.0000001c6, 2.1c6, 3.0000001c6, 3.1c6, …
Supplemental	Plural	cardinal-gl	other	…	@integer 0, 2~16, 100, 1000, 10000, 100000, 1c3, 2c3, 3c3, 4c3, 5c3, 6c3, … @decimal 0.0~1.5, 10.0, 100.0, 1000.0, 10000.0, 100000.0, 1000000.0, 1.0001c3, 1.1c3, 2.0001c3, 2.1c3, 3.0001c3, 3.1c3, …
Supplemental	Plural	cardinal-tg	one	▷missing◁	i = 0 or n = 1 @integer 0, 1 @decimal 0.0~1.0, 0.00~0.04
Supplemental	Plural	cardinal-tg	other	▷missing◁	@integer 2~17, 100, 1000, 10000, 100000, 1000000, … @decimal 1.1~2.6, 10.0, 100.0, 1000.0, 10000.0, 100000.0, 1000000.0, …
Supplemental	Plural	cardinal-vi	one	▷missing◁	i = 0 or n = 1 @integer 0, 1 @decimal 0.0~1.0, 0.00~0.04
Supplemental	Plural	cardinal-vi	other	…	@integer 2~17, 100, 1000, 10000, 100000, 1000000, … @decimal 1.1~2.6, 10.0, 100.0, 1000.0, 10000.0, 100000.0, 1000000.0, …
Supplemental	Plural	ordinal-af	few	▷missing◁	i % 100 = 2..19 @integer 2~17, 102, 1002, …
Supplemental	Plural	ordinal-af	other	…	@integer 0, 1, 20~33, 100, 1000, 10000, 100000, 1000000, …
Supplemental	Plural	ordinal-bg	few	▷missing◁	i % 10 = 3,4 and i % 100 != 13,14 @integer 3, 4, 23, 24, 33, 34, 43, 44, 53, 54, 63, 64, 73, 74, 83, 84, 103, 1003, …
Supplemental	Plural	ordinal-bg	one	▷missing◁	i % 10 = 1 and i % 100 != 11 @integer 1, 21, 31, 41, 51, 61, 71, 81, 101, 1001, …
Supplemental	Plural	ordinal-bg	other	…	@integer 0, 5~19, 100, 1000, 10000, 100000, 1000000, …
Supplemental	Plural	ordinal-bg	two	▷missing◁	i % 10 = 2 and i % 100 != 12 @integer 2, 22, 32, 42, 52, 62, 72, 82, 102, 1002, …
Supplemental	Plural	ordinal-es	one	▷missing◁	n % 10 = 1,3 and n % 100 != 11 @integer 1, 3, 13, 21, 23, 31, 33, 41, 101, 1001, …
Supplemental	Plural	ordinal-es	other	…	@integer 0, 2, 4~12, 14~18, 100, 1000, 10000, 100000, 1000000, …
Supplemental	Plural	ordinal-tg	other	▷missing◁	@integer 0~15, 100, 1000, 10000, 100000, 1000000, …
Supplemental	PluralRange	tg	one–one	▷missing◁	other
Supplemental	PluralRange	tg	one–other	▷missing◁	other
Supplemental	PluralRange	tg	other–one	▷missing◁	one
Supplemental	PluralRange	tg	other–other	▷missing◁	other
Supplemental	PluralRange	vi	one–other	▷missing◁	other
Supplemental	PluralRange	vi	other–one	▷missing◁	other
Supplemental	Currency	CN	CNX–1979-01-01–1998-12-31	false	▷removed◁
Supplemental	Currency	MRU	Fractions-cashDigits	▷missing◁	2
Supplemental	Currency	MRU	Fractions-cashRounding	▷missing◁	20
Supplemental	Currency	MRU	Fractions-digits	▷missing◁	2
Supplemental	Currency	MRU	Fractions-rounding	▷missing◁	0
Supplemental	Currency	PKR	Fractions-cashDigits	▷missing◁	0
Supplemental	Currency	PKR	Fractions-cashRounding	▷missing◁	0
Supplemental	Currency	PKR	Fractions-digits	…	2
Supplemental	Calendar	japanese	0-start	645-6-19	▷removed◁
Supplemental	Calendar	japanese	1-start	650-2-15	▷removed◁
Supplemental	Calendar	japanese	2-start	672-1-1	▷removed◁
Supplemental	Calendar	japanese	3-start	686-7-20	▷removed◁
Supplemental	Calendar	japanese	4-start	701-3-21	▷removed◁
Supplemental	Calendar	japanese	5-start	704-5-10	▷removed◁
Supplemental	Calendar	japanese	6-start	708-1-11	▷removed◁
Supplemental	Calendar	japanese	7-start	715-9-2	▷removed◁
Supplemental	Calendar	japanese	8-start	717-11-17	▷removed◁
Supplemental	Calendar	japanese	9-start	724-2-4	▷removed◁
Supplemental	Calendar	japanese	10-start	729-8-5	▷removed◁
Supplemental	Calendar	japanese	11-start	749-4-14	▷removed◁
Supplemental	Calendar	japanese	12-start	749-7-2	▷removed◁
Supplemental	Calendar	japanese	13-start	757-8-18	▷removed◁
Supplemental	Calendar	japanese	14-start	765-1-7	▷removed◁
Supplemental	Calendar	japanese	15-start	767-8-16	▷removed◁
Supplemental	Calendar	japanese	16-start	770-10-1	▷removed◁
Supplemental	Calendar	japanese	17-start	781-1-1	▷removed◁
Supplemental	Calendar	japanese	18-start	782-8-19	▷removed◁
Supplemental	Calendar	japanese	19-start	806-5-18	▷removed◁
Supplemental	Calendar	japanese	20-start	810-9-19	▷removed◁
Supplemental	Calendar	japanese	21-start	824-1-5	▷removed◁
Supplemental	Calendar	japanese	22-start	834-1-3	▷removed◁
Supplemental	Calendar	japanese	23-start	848-6-13	▷removed◁
Supplemental	Calendar	japanese	24-start	851-4-28	▷removed◁
Supplemental	Calendar	japanese	25-start	854-11-30	▷removed◁
Supplemental	Calendar	japanese	26-start	857-2-21	▷removed◁
Supplemental	Calendar	japanese	27-start	859-4-15	▷removed◁
Supplemental	Calendar	japanese	28-start	877-4-16	▷removed◁
Supplemental	Calendar	japanese	29-start	885-2-21	▷removed◁
Supplemental	Calendar	japanese	30-start	889-4-27	▷removed◁
Supplemental	Calendar	japanese	31-start	898-4-26	▷removed◁
Supplemental	Calendar	japanese	32-start	901-7-15	▷removed◁
Supplemental	Calendar	japanese	33-start	923-4-11	▷removed◁
Supplemental	Calendar	japanese	34-start	931-4-26	▷removed◁
Supplemental	Calendar	japanese	35-start	938-5-22	▷removed◁
Supplemental	Calendar	japanese	36-start	947-4-22	▷removed◁
Supplemental	Calendar	japanese	37-start	957-10-27	▷removed◁
Supplemental	Calendar	japanese	38-start	961-2-16	▷removed◁
Supplemental	Calendar	japanese	39-start	964-7-10	▷removed◁
Supplemental	Calendar	japanese	40-start	968-8-13	▷removed◁
Supplemental	Calendar	japanese	41-start	970-3-25	▷removed◁
Supplemental	Calendar	japanese	42-start	973-12-20	▷removed◁
Supplemental	Calendar	japanese	43-start	976-7-13	▷removed◁
Supplemental	Calendar	japanese	44-start	978-11-29	▷removed◁
Supplemental	Calendar	japanese	45-start	983-4-15	▷removed◁
Supplemental	Calendar	japanese	46-start	985-4-27	▷removed◁
Supplemental	Calendar	japanese	47-start	987-4-5	▷removed◁
Supplemental	Calendar	japanese	48-start	989-8-8	▷removed◁
Supplemental	Calendar	japanese	49-start	990-11-7	▷removed◁
Supplemental	Calendar	japanese	50-start	995-2-22	▷removed◁
Supplemental	Calendar	japanese	51-start	999-1-13	▷removed◁
Supplemental	Calendar	japanese	52-start	1004-7-20	▷removed◁
Supplemental	Calendar	japanese	53-start	1012-12-25	▷removed◁
Supplemental	Calendar	japanese	54-start	1017-4-23	▷removed◁
Supplemental	Calendar	japanese	55-start	1021-2-2	▷removed◁
Supplemental	Calendar	japanese	56-start	1024-7-13	▷removed◁
Supplemental	Calendar	japanese	57-start	1028-7-25	▷removed◁
Supplemental	Calendar	japanese	58-start	1037-4-21	▷removed◁
Supplemental	Calendar	japanese	59-start	1040-11-10	▷removed◁
Supplemental	Calendar	japanese	60-start	1044-11-24	▷removed◁
Supplemental	Calendar	japanese	61-start	1046-4-14	▷removed◁
Supplemental	Calendar	japanese	62-start	1053-1-11	▷removed◁
Supplemental	Calendar	japanese	63-start	1058-8-29	▷removed◁
Supplemental	Calendar	japanese	64-start	1065-8-2	▷removed◁
Supplemental	Calendar	japanese	65-start	1069-4-13	▷removed◁
Supplemental	Calendar	japanese	66-start	1074-8-23	▷removed◁
Supplemental	Calendar	japanese	67-start	1077-11-17	▷removed◁
Supplemental	Calendar	japanese	68-start	1081-2-10	▷removed◁
Supplemental	Calendar	japanese	69-start	1084-2-7	▷removed◁
Supplemental	Calendar	japanese	70-start	1087-4-7	▷removed◁
Supplemental	Calendar	japanese	71-start	1094-12-15	▷removed◁
Supplemental	Calendar	japanese	72-start	1096-12-17	▷removed◁
Supplemental	Calendar	japanese	73-start	1097-11-21	▷removed◁
Supplemental	Calendar	japanese	74-start	1099-8-28	▷removed◁
Supplemental	Calendar	japanese	75-start	1104-2-10	▷removed◁
Supplemental	Calendar	japanese	76-start	1106-4-9	▷removed◁
Supplemental	Calendar	japanese	77-start	1108-8-3	▷removed◁
Supplemental	Calendar	japanese	78-start	1110-7-13	▷removed◁
Supplemental	Calendar	japanese	79-start	1113-7-13	▷removed◁
Supplemental	Calendar	japanese	80-start	1118-4-3	▷removed◁
Supplemental	Calendar	japanese	81-start	1120-4-10	▷removed◁
Supplemental	Calendar	japanese	82-start	1124-4-3	▷removed◁
Supplemental	Calendar	japanese	83-start	1126-1-22	▷removed◁
Supplemental	Calendar	japanese	84-start	1131-1-29	▷removed◁
Supplemental	Calendar	japanese	85-start	1132-8-11	▷removed◁
Supplemental	Calendar	japanese	86-start	1135-4-27	▷removed◁
Supplemental	Calendar	japanese	87-start	1141-7-10	▷removed◁
Supplemental	Calendar	japanese	88-start	1142-4-28	▷removed◁
Supplemental	Calendar	japanese	89-start	1144-2-23	▷removed◁
Supplemental	Calendar	japanese	90-start	1145-7-22	▷removed◁
Supplemental	Calendar	japanese	91-start	1151-1-26	▷removed◁
Supplemental	Calendar	japanese	92-start	1154-10-28	▷removed◁
Supplemental	Calendar	japanese	93-start	1156-4-27	▷removed◁
Supplemental	Calendar	japanese	94-start	1159-4-20	▷removed◁
Supplemental	Calendar	japanese	95-start	1160-1-10	▷removed◁
Supplemental	Calendar	japanese	96-start	1161-9-4	▷removed◁
Supplemental	Calendar	japanese	97-start	1163-3-29	▷removed◁
Supplemental	Calendar	japanese	98-start	1165-6-5	▷removed◁
Supplemental	Calendar	japanese	99-start	1166-8-27	▷removed◁
Supplemental	Calendar	japanese	100-start	1169-4-8	▷removed◁
Supplemental	Calendar	japanese	101-start	1171-4-21	▷removed◁
Supplemental	Calendar	japanese	102-start	1175-7-28	▷removed◁
Supplemental	Calendar	japanese	103-start	1177-8-4	▷removed◁
Supplemental	Calendar	japanese	104-start	1181-7-14	▷removed◁
Supplemental	Calendar	japanese	105-start	1182-5-27	▷removed◁
Supplemental	Calendar	japanese	106-start	1184-4-16	▷removed◁
Supplemental	Calendar	japanese	107-start	1185-8-14	▷removed◁
Supplemental	Calendar	japanese	108-start	1190-4-11	▷removed◁
Supplemental	Calendar	japanese	109-start	1199-4-27	▷removed◁
Supplemental	Calendar	japanese	110-start	1201-2-13	▷removed◁
Supplemental	Calendar	japanese	111-start	1204-2-20	▷removed◁
Supplemental	Calendar	japanese	112-start	1206-4-27	▷removed◁
Supplemental	Calendar	japanese	113-start	1207-10-25	▷removed◁
Supplemental	Calendar	japanese	114-start	1211-3-9	▷removed◁
Supplemental	Calendar	japanese	115-start	1213-12-6	▷removed◁
Supplemental	Calendar	japanese	116-start	1219-4-12	▷removed◁
Supplemental	Calendar	japanese	117-start	1222-4-13	▷removed◁
Supplemental	Calendar	japanese	118-start	1224-11-20	▷removed◁
Supplemental	Calendar	japanese	119-start	1225-4-20	▷removed◁
Supplemental	Calendar	japanese	120-start	1227-12-10	▷removed◁
Supplemental	Calendar	japanese	121-start	1229-3-5	▷removed◁
Supplemental	Calendar	japanese	122-start	1232-4-2	▷removed◁
Supplemental	Calendar	japanese	123-start	1233-4-15	▷removed◁
Supplemental	Calendar	japanese	124-start	1234-11-5	▷removed◁
Supplemental	Calendar	japanese	125-start	1235-9-19	▷removed◁
Supplemental	Calendar	japanese	126-start	1238-11-23	▷removed◁
Supplemental	Calendar	japanese	127-start	1239-2-7	▷removed◁
Supplemental	Calendar	japanese	128-start	1240-7-16	▷removed◁
Supplemental	Calendar	japanese	129-start	1243-2-26	▷removed◁
Supplemental	Calendar	japanese	130-start	1247-2-28	▷removed◁
Supplemental	Calendar	japanese	131-start	1249-3-18	▷removed◁
Supplemental	Calendar	japanese	132-start	1256-10-5	▷removed◁
Supplemental	Calendar	japanese	133-start	1257-3-14	▷removed◁
Supplemental	Calendar	japanese	134-start	1259-3-26	▷removed◁
Supplemental	Calendar	japanese	135-start	1260-4-13	▷removed◁
Supplemental	Calendar	japanese	136-start	1261-2-20	▷removed◁
Supplemental	Calendar	japanese	137-start	1264-2-28	▷removed◁
Supplemental	Calendar	japanese	138-start	1275-4-25	▷removed◁
Supplemental	Calendar	japanese	139-start	1278-2-29	▷removed◁
Supplemental	Calendar	japanese	140-start	1288-4-28	▷removed◁
Supplemental	Calendar	japanese	141-start	1293-8-5	▷removed◁
Supplemental	Calendar	japanese	142-start	1299-4-25	▷removed◁
Supplemental	Calendar	japanese	143-start	1302-11-21	▷removed◁
Supplemental	Calendar	japanese	144-start	1303-8-5	▷removed◁
Supplemental	Calendar	japanese	145-start	1306-12-14	▷removed◁
Supplemental	Calendar	japanese	146-start	1308-10-9	▷removed◁
Supplemental	Calendar	japanese	147-start	1311-4-28	▷removed◁
Supplemental	Calendar	japanese	148-start	1312-3-20	▷removed◁
Supplemental	Calendar	japanese	149-start	1317-2-3	▷removed◁
Supplemental	Calendar	japanese	150-start	1319-4-28	▷removed◁
Supplemental	Calendar	japanese	151-start	1321-2-23	▷removed◁
Supplemental	Calendar	japanese	152-start	1324-12-9	▷removed◁
Supplemental	Calendar	japanese	153-start	1326-4-26	▷removed◁
Supplemental	Calendar	japanese	154-start	1329-8-29	▷removed◁
Supplemental	Calendar	japanese	155-start	1331-8-9	▷removed◁
Supplemental	Calendar	japanese	156-start	1334-1-29	▷removed◁
Supplemental	Calendar	japanese	157-start	1336-2-29	▷removed◁
Supplemental	Calendar	japanese	158-start	1340-4-28	▷removed◁
Supplemental	Calendar	japanese	159-start	1346-12-8	▷removed◁
Supplemental	Calendar	japanese	160-start	1370-7-24	▷removed◁
Supplemental	Calendar	japanese	161-start	1372-4-1	▷removed◁
Supplemental	Calendar	japanese	162-start	1375-5-27	▷removed◁
Supplemental	Calendar	japanese	163-start	1379-3-22	▷removed◁
Supplemental	Calendar	japanese	164-start	1381-2-10	▷removed◁
Supplemental	Calendar	japanese	165-start	1384-4-28	▷removed◁
Supplemental	Calendar	japanese	166-start	1387-8-22	▷removed◁
Supplemental	Calendar	japanese	167-start	1387-8-23	▷removed◁
Supplemental	Calendar	japanese	168-start	1389-2-9	▷removed◁
Supplemental	Calendar	japanese	169-start	1390-3-26	▷removed◁
Supplemental	Calendar	japanese	170-start	1394-7-5	▷removed◁
Supplemental	Calendar	japanese	171-start	1428-4-27	▷removed◁
Supplemental	Calendar	japanese	172-start	1429-9-5	▷removed◁
Supplemental	Calendar	japanese	173-start	1441-2-17	▷removed◁
Supplemental	Calendar	japanese	174-start	1444-2-5	▷removed◁
Supplemental	Calendar	japanese	175-start	1449-7-28	▷removed◁
Supplemental	Calendar	japanese	176-start	1452-7-25	▷removed◁
Supplemental	Calendar	japanese	177-start	1455-7-25	▷removed◁
Supplemental	Calendar	japanese	178-start	1457-9-28	▷removed◁
Supplemental	Calendar	japanese	179-start	1460-12-21	▷removed◁
Supplemental	Calendar	japanese	180-start	1466-2-28	▷removed◁
Supplemental	Calendar	japanese	181-start	1467-3-3	▷removed◁
Supplemental	Calendar	japanese	182-start	1469-4-28	▷removed◁
Supplemental	Calendar	japanese	183-start	1487-7-29	▷removed◁
Supplemental	Calendar	japanese	184-start	1489-8-21	▷removed◁
Supplemental	Calendar	japanese	185-start	1492-7-19	▷removed◁
Supplemental	Calendar	japanese	186-start	1501-2-29	▷removed◁
Supplemental	Calendar	japanese	187-start	1504-2-30	▷removed◁
Supplemental	Calendar	japanese	188-start	1521-8-23	▷removed◁
Supplemental	Calendar	japanese	189-start	1528-8-20	▷removed◁
Supplemental	Calendar	japanese	190-start	1532-7-29	▷removed◁
Supplemental	Calendar	japanese	191-start	1555-10-23	▷removed◁
Supplemental	Calendar	japanese	192-start	1558-2-28	▷removed◁
Supplemental	Calendar	japanese	193-start	1570-4-23	▷removed◁
Supplemental	Calendar	japanese	194-start	1573-7-28	▷removed◁
Supplemental	Calendar	japanese	195-start	1592-12-8	▷removed◁
Supplemental	Calendar	japanese	196-start	1596-10-27	▷removed◁
Supplemental	Calendar	japanese	197-start	1615-7-13	▷removed◁
Supplemental	Calendar	japanese	198-start	1624-2-30	▷removed◁
Supplemental	Calendar	japanese	199-start	1644-12-16	▷removed◁
Supplemental	Calendar	japanese	200-start	1648-2-15	▷removed◁
Supplemental	Calendar	japanese	201-start	1652-9-18	▷removed◁
Supplemental	Calendar	japanese	202-start	1655-4-13	▷removed◁
Supplemental	Calendar	japanese	203-start	1658-7-23	▷removed◁
Supplemental	Calendar	japanese	204-start	1661-4-25	▷removed◁
Supplemental	Calendar	japanese	205-start	1673-9-21	▷removed◁
Supplemental	Calendar	japanese	206-start	1681-9-29	▷removed◁
Supplemental	Calendar	japanese	207-start	1684-2-21	▷removed◁
Supplemental	Calendar	japanese	208-start	1688-9-30	▷removed◁
Supplemental	Calendar	japanese	209-start	1704-3-13	▷removed◁
Supplemental	Calendar	japanese	210-start	1711-4-25	▷removed◁
Supplemental	Calendar	japanese	211-start	1716-6-22	▷removed◁
Supplemental	Calendar	japanese	212-start	1736-4-28	▷removed◁
Supplemental	Calendar	japanese	213-start	1741-2-27	▷removed◁
Supplemental	Calendar	japanese	214-start	1744-2-21	▷removed◁
Supplemental	Calendar	japanese	215-start	1748-7-12	▷removed◁
Supplemental	Calendar	japanese	216-start	1751-10-27	▷removed◁
Supplemental	Calendar	japanese	217-start	1764-6-2	▷removed◁
Supplemental	Calendar	japanese	218-start	1772-11-16	▷removed◁
Supplemental	Calendar	japanese	219-start	1781-4-2	▷removed◁
Supplemental	Calendar	japanese	220-start	1789-1-25	▷removed◁
Supplemental	Calendar	japanese	221-start	1801-2-5	▷removed◁
Supplemental	Calendar	japanese	222-start	1804-2-11	▷removed◁
Supplemental	Calendar	japanese	223-start	1818-4-22	▷removed◁
Supplemental	Calendar	japanese	224-start	1830-12-10	▷removed◁
Supplemental	Calendar	japanese	225-start	1844-12-2	▷removed◁
Supplemental	Calendar	japanese	226-start	1848-2-28	▷removed◁
Supplemental	Calendar	japanese	227-start	1854-11-27	▷removed◁
Supplemental	Calendar	japanese	228-start	1860-3-18	▷removed◁
Supplemental	Calendar	japanese	229-start	1861-2-19	▷removed◁
Supplemental	Calendar	japanese	230-start	1864-2-20	▷removed◁
Supplemental	Calendar	japanese	231-start	1865-4-7	▷removed◁
Supplemental	WeekData	hours-h-regions	h	…	…
Supplemental	WeekData	hours-h-regions	H	…	…
Supplemental	WeekData	hours-h-regions	hb	…	…
Supplemental	WeekData	hours-h-regions	hB	…	…
Supplemental	WeekData	hours-H-regions	h	…	… • AR • … • CL • … • PY • … • UY • …
Supplemental	WeekData	hours-H-regions	H	…	… • AR • … • CL • … • HT • … • PY • … • UY • … • ZM • …
Supplemental	WeekData	hours-H-regions	hb	…	… • AR • … • CL • … • PY • RW • … • UY • …
Supplemental	WeekData	hours-H-regions	hB	…	… • AR • … • CL • … • HT • … • PY • … • RW • … • UY • … • ZM • …
Supplemental	Language	cdo	scripts	▷missing◁	Hans
Supplemental	Language	cdo	scripts-secondary	▷missing◁	Hant
Supplemental	Language	cpx	scripts	▷missing◁	Hans
Supplemental	Language	cpx	scripts-secondary	▷missing◁	Hant
Supplemental	Language	esg	scripts	▷missing◁	Gonm
Supplemental	Language	esg	scripts-secondary	▷missing◁	Deva
Supplemental	Language	esg	scripts-secondary	▷missing◁	Telu
Supplemental	Language	gon	scripts	…	…
Supplemental	Language	gon	scripts-secondary	▷missing◁	Gong
Supplemental	Language	gon	scripts-secondary	▷missing◁	Gonm
Supplemental	Language	gon	scripts-secondary	▷missing◁	Orya
Supplemental	Language	gon	scripts-secondary	▷missing◁	Telu
Supplemental	Language	hrx	scripts	▷missing◁	Latn
Supplemental	Language	isv	scripts	▷missing◁	Latn
Supplemental	Language	isv	scripts-secondary	▷missing◁	Cyrl
Supplemental	Language	kek	scripts	▷missing◁	Latn
Supplemental	Language	mnp	scripts	▷missing◁	Hans
Supplemental	Language	mnp	scripts-secondary	▷missing◁	Hant
Supplemental	Language	mrh	scripts	▷missing◁	Latn
Supplemental	Language	wsg	scripts	▷missing◁	Telu
Supplemental	Language	wsg	scripts-secondary	▷missing◁	Deva
Supplemental	Language	wsg	scripts-secondary	▷missing◁	Gong
Supplemental	Language	wsg	scripts-secondary	▷missing◁	Gonm
Supplemental	Language	xdq	scripts	▷missing◁	Cyrl
#Section	Page	Header	Code	Old	New
Supplemental	Transform	Hani→Latn	tRule	…	… • [⺀㓜㕗㤑㹨㺠䀁䆜䛻䞥亴佑佦侑又右哊唀囿姷孧宥峟幼柚牰狖祐糿蚴誘诱貁迶酭釉鼬𡜳𡯉𢈓𣅄𣓛𤤬𤴨𥙾𦳩𧅲𧆘𩑣𩜷𩲎𩴑𩴙𬱔]→yòu; • … • [⺂⺄㕈㠖㠯㫊㰝㰻䉝䝝䧧䭲䰙乙乛以佁倚偯崺已庡扆攺敼旑旖椅檥矣礒笖舣艤苡苢蚁螘蟻裿踦輢轙逘酏釔鈘鉯钇顗鳦齮𠮙𠯋𡼎𢙇𢦕𢷔𤝳𥏜𥑴𥫜𥰧𦮸𧔮𩛆𩠂𩡖𩡣𩾠𪐣𪘃𪙴𫐎𫖮𬺈𭩚𮰸𰲹𰹵𱉇𲇱]→yǐ; • [⺃㐆㥯㦩㧈㱃䇙䌥䒡䨸乚吲尹嶾廴引朄檃櫽淾濥濦瘾癮磤粌蘟蚓螾讔赺趛輑鈏隐隠隱靷飮飲饮𠃊𠽨𡼽𢋻𢓙𢛦𣔸𤂹𤻘𥖵𥬜𦈠𦻕𦾻𨈧𨏈𨐐𨒦𨡢𩖄𩚕𪙤𬄩𬺒𮙊𰺈𰽣]→yǐn; • … • [⺈⺉刀刂叨忉朷氘舠螩釖魛鱽𣱼𦩍𩕯𱽕]→dāo; • [⺊卜啵]→bo; • … • [⺎⺑㐳㡔㽾䃖䎸䑁䛩䜑䦍䨁䳱伆兀务務勿卼坞塢奦婺寤屼岉嵍嵨忢悞悟悮戊扤敄晤杌溩焐熃物痦矹窹粅芴蘁誤误逜鋈阢隖雺雾霚霧靰騖骛鶩鹜鼿齀𠒄𠼘𡬫𡯇𡵉𢄓𢗳𢙁𢝴𣨓𣬽𣯎𤵐𥎈𥏒𥒀𥾕𦆞𦎦𦨉𦬂𧈭𧎻𧐙𧰈𨂣𨑥𨧗𨨡𨲬𩄯𩓦𩗽𩝕𬮻𰏓𱩉𱳳𲂉]→wù; • … • [⺔⺕㑧㒫㙨㞃㠱㡭㥍㮨㰟㲅㳵㸄㹄㻑㾵䀈䋟䐀䓽䗁䛋䜞䝸䠏䢋䤒䦇䨖䮺䰏䶓䶩伎偈兾冀剂剤劑哜嚌坖垍塈妓季寂寄峜廭彐彑徛忌悸惎懻技旡-旣暨暩曁梞檕檵洎济済漃漈濟瀱痵癠祭禝稩稷穄穊穧紀紒継繋繼纪继绩罽臮芰茍茤荠葪蓟蔇薊薺蘎蘮蘻裚覬觊計記誋諅计记跽迹际際霁霽驥骥髻鬾鯚鰶鰿鱀鱭鲚鲫鵋齌𠨕𠲹𠴫𠿉𡁪𡋚𡜱𡥞𡦊𡪱𡬄𡽉𢍇𢗂𢗹𢚁𢭄𢺼𢼷𣄯𣄱𣔽𣯅𣱗𣽍𤓑𤛄𤤋𤫝𤵀𥡴𥣩𥪫𥭋𥭌𥭜𥷙𦁳𦂑𦆡𦇧𦋋𦌗𦜸𦪱𦮯𦮼𦺶𦾲𧃞𧇯𧓓𧟜𧡉𧡯𧢾𧧃𧧟𧪇𧫜𧾽𨀶𨛉𨛑𨜒𨠨𨢵𨣧𩓮𩞊𩥉𩧱𩩛𩼄𩼚𪄵𪊆𪘥𪟝𪲛𫍪𫞦𬏟𬘧𬶨𬶭𰣬𰨦𰬀𱇵𱇺𱉽𱌗𱌸𲎊]→jì; • [⺖⺗㛙㣺㭢䅽䜣俽噷噺妡嬜廞心忄忻惞新昕杺欣歆炘盺芯薪訢辛邤鈊鋅鑫锌馨馫𠑰𠷓𡌜𢗀𢠝𢭧𣂗𣂜𣃄𤙖𤙣𦁍𦰸𨊳𩾽𩿃𫷷𲇴]→xīn; • [⺘㝊䭭垨守手扌艏首龵𡭮𥅷𥾹𦣻𧵃𩠶𬱯]→shǒu; • … • [⺝㜧㜰㬦㰛㹊䆕䆢䋐䋤䖃䟑䟠䠯䡇䢁䢲䤦䥃䶳刖妜嬳岄岳嶽恱悅悦戉抈捳月樾瀹爚玥礿禴篗籆籥籰粤粵蘥蚎蚏越跀跃躍軏鈅鉞钺閱閲阅鸑鸙黦龠𠔠𠨲𠩉𠪶𠯲𠾲𠿋𡆦𡆽𡛟𢦰𣌗𣎱𣐋𣤰𣦏𣨡𣻮𤑓𤓝𥆟𥩡𥸘𦋩𦣜𦤕𧀲𧅚𧇓𧕋𧤽𧹊𨁑𨈋𨊸𨒋𨙄𨳕𨷲𨸀𨸎𨿁𩁯𩎙𩓥𩱪𩱲𩿠𪁑𪒥𫐄𫖵𬘙𬸑𬸚𮰽𰎫𰹷𱊵𱥟]→yuè; • … • [⺠㟩㟭㨉䁕䂥䃉䋋䝧䟨䡑䡻䪸䲄垊姄岷崏忞怋捪旻旼民珉琘琝瑉痻盿砇緍緡缗罠苠鈱錉鍲鴖𣱈𣷠𤇜𤸅𦈏𦳜𧌙𩭷𪂆𪉎𰺤𱺘𲇸]→mín; • [⺡⺢水氵氺閖𡯑𡱊𢏅𤆙𥫸𦙙𲈵]→shuǐ; • … • [⺧㖻䒜汼牛牜𨷁𩲍𩵠𲍊]→niú; • … • [⺬-⺮㒾㔺㱁㳏㸷㹝䁺䊓䏡䛈䟗䤭䤱䩃䭄世丗亊事仕侍冟势勢卋叓呩嗜噬士奭媞嬕室崼市式弑弒徥忕恀恃戺拭揓是昰枾柹柿栻氏澨烒煶眂眎眡睗示礻笹筮簭籂舐舓螫襫視视觢試誓諟諡謚试谥貰贳軾轼适逝適遾釈释釋鈰鉃鉽銴铈飾餙餝饰鰘𠀍𠁗𠡥𠰚𡅵𡉸𡣪𡷈𢂑𢃰𢝬𣬐𤆰𤉏𤑦𤖻𤜣𤢼𤯄𤯜𥅔𥅞𥥥𥫴𥰰𥼶𥿅𦚨𦿇𧊖𧝊𧞲𧧅𧳅𧵋𧻸𨒍𨒧𨟂𨱡𨸝𨽄𩋡𩗎𩛌𩛏𫗤𫟸𬖘𬤊𮸌]→shì; • … • [⺲⺴㓁㲿㳹㴏䋄䋞䒽䰣往徃徍惘暀枉棢瀇網网罒罔菵蛧蝄誷輞辋魍龬𡔞𢁶𢼟𣢫𣶈𣷪𥾼𦖉𦣩𦬣𧈿𧧜𨕿𨳠𩖩𫍬𮉦]→wǎng; • … • [⺹㧯㺐䇭䕩䝤䳓䵏佬咾姥恅栳狫珯硓老耂荖蛯轑銠铑鮱𡂕𣠼𤶁𦒴𨡤𪀧𰺛𱉦𱏱𳐇]→lǎo; • [⺺⺻㚜㠨㤢㥔㦽㧒㽣䁌䂊䈅䉛䋖䋭䍞䖇䘘䘱䘻䛕䜡䞝䢖䢩䤋䨒䫻䮇䮙䴁䵥俼儥喅喐喩喻噊域堉妪媀嫗寓峪嶎庽彧御忬悆惐愈慾戫昱棛棜棫櫲欎欝欲毓浴淢淯滪潏澦灪焴煜燏燠爩狱獄玉琙瘉癒矞砡硲礇礖礜禦秗稢稶穥篽籞籲緎繘罭聿肀育艈芋芌茟蒮蓣蓹蕷蜟蜮袬裕誉諭譽谕豫軉輍轝逳遇遹郁醧鈺銉鋊錥鐭钰閾阈霱預预飫饇饫馭驈驭鬰鬱鬻魊鱊鳿鴥鴧鴪鵒鷸鸒鹆鹬龥𠀛𠊏𠏚𠕦𠫣𠽵𡇺𡈨𡋬𡒃𡒊𡔴𡨣𡨿𡬊𡬞𡿥𡿯𢌻𢒰𢔥𢔬𢔴𢖡𢛨𢡎𢯮𢺴𣋉𣍛𣕃𣝑𣡉𣣎𣩺𤀝𤞞𤳕𤸒𥆉𥉑𥎐𥘄𥙿𥝍𥷞𥸤𥸪𥹔𦈸𦋢𦎘𦏜𦒑𦡭𦦩𦱀𦱂𧉣𧐄𧑐𧗪𧫊𧶠𧼫𧿷𨄯𨉗𨗝𨞓𨩬𨪎𨮔𩈕𩊇𩋉𩋤𩎹𩏟𩏴𩘤𩘳𩘻𩚄𩛪𩛭𩝗𩟑𩰪𩱌𩱱𩲾𪁀𪂉𪂵𪋉𪋮𪑆𪑌𪓊𫓾𫗇𫚪𫛣𬪧𬰸𬱳𬲆𰂏𰬟𰬻𰾆𱃲𱅫𱉍𱉰𱊭𲇮]→yù; • … • [⺾-⻀䒑愺懆艸艹草騲𠹊𮪤]→cǎo; • [⻁䗂乕俿唬汻浒滸琥萀虎虝錿鯱𧆢𧆮𧌧𧰴𨛵𨝘𩾇]→hǔ; • … • [⻃⻄㓾㕃㕧㗩㗭㘊㚀㛓㛫㛭㜎㜯㪧㬛㮩㯕㰿㱆㱤㲸㴧㶉㺣㾷㿽䁯䂀䏩䐅䐖䒊䖒䖷䙵䛊䛥䭒䳶䶋俙傒僖兮凞卥厀吸唏唽嘻噏夕奚嬆嬉屖嵠嶲巇希徆徯忚怸恓息悉悕惁惜扱扸昔晞晰晳暿曦析桸榽樨橀欷氥汐浠淅渓溪潝烯焁焈焟焬煕熄熈熙熹-熻燨爔牺犀犠犧狶琋瘜皙睎瞦硒磎礂稀穸窸粞糦緆縘繥羲翕翖肸肹膝舾莃菥蒠蜥螅螇蟋蠵西覀觹觽觿譆谿豀豨豯貕赥邜郗鄎酅醯釐釸錫鏭鑴锡隵雟餏饻鯑鵗鸂鼷𠆱𠔃𠔍𠘕𠜗𠟊𠨚𠩺𠬬𠴭𠶨𠺒𡁱𡏛𡗞𡗳𡘡𡩤𡳚𡻎𢀊𢋼𢑧𢗴𢜣𢡁𢨟𢬾𢹍𣅾𣎮𣟵𣢁𣢂𣢍𣢎𣢑𣤳𣤴𣨗𤃪𤄬𤓔𤓚𤠓𤡡𤢀𤥒𤬕𤬘𤮆𤮙𤲺𤳥𤶈𤶰𤷡𤹊𤺊𥄖𥄛𥈻𥋟𥰝𦐠𦙝𦜱𦞽𦠪𦤈𦩭𦮐𦼗𧀬𧈼𧤤𧥅𧥤𧯗𧲘𧶖𧹨𧻶𧿝𨀙𨋦𨡂𨳛𨵎𨻁𩅖𩒽𩗊𩗱𩭡𩽨𩾼𪃼𪄛𫍻𫔔𬭄𬳋𮵅𰇣𰬣𱄆𱉹𱱚𱸃𲆦𲆰𲇊]→xī; • [⻅㣤㨴㯺㰄㵎䇟䟅䤔䥜䧖䬻䭈䯡件俴健僭剑剣剱劍劎劒劔墹寋建徤擶旔栫楗榗毽洊涧渐溅漸澗濺瀳牮珔瞷磵礀箭糋繝腱臶舰艦荐葥蔪薦螹袸見覵见諓諫譼谏賎賤贱趝践踐踺轞釼鉴鋻鍳鍵鏩鐱鑑鑒鑬鑳键餞饯𠊒𢆦𣴓𣽦𤀩𤧣𤷃𥯦𥴱𥽐𦩵𦾶𧀵𧂂𧂆𧗸𧙧𨎫𨏊𨪅𨵭𨷓𩉔𩻘𪃛𪆿𪉦𪋁𪙨𪽭𬇃𬕊𬞋𬣡𮲶𮶙𮶬𰜨𰧃𰱑𰳂𰴘𰺗𰾌𰾫𱄃𱖲𲈀]→jiàn; • … • [⻉㔨㛝㣁㫲㰆㶔㷶㸢㸬㸽㻗㾱䋳䔒䟺䩀䰽俻倍偝偹備僃备孛悖惫愂憊昁梖棓焙牬犕狈狽珼琲碚禙糒背苝蓓蛽被褙誖貝贝軰輩辈邶郥鄁鋇鐾钡鞁鞴骳𠋭𠐡𠢥𡋭𢂏𢴾𢻵𣎵𣖾𣬪𤜲𤰈𤳦𤹲𤿒𦮷𦾙𧶙𩇩𩖠𩚾𪱷𫝦𫞥𬇙𬦥𱇑𱽎]→bèi; • … • [⻌-⻎㚟㲋䋘䓎嚽娕娖婥惙擉歠涰磭綽繛绰腏趠輟辍辵辶酫鑡齪龊𡁇𢽸𢿭𤿫𥓑𦁶𨆬𨒢𩟫𩩟𪘛𪢕𬭔𱺛]→chuò; • [⻏⻖㙏㚆㤔㤱㬼㳇㷆㽬㾈䂤䒄䒇䔰䘀䝾䞜䞯䞸䟔䠵䦣䨱䭸䭻䮛付偩傅冨副咐坿复妇婦媍嬔富峊復椱父祔禣秿竎緮縛缚腹萯蕧蚥蚹蛗蝜蝮袝複褔覄覆訃詂讣負賦賻负赋赙赴輹鍑鍢阜阝附陚馥駙驸鮒鰒鲋鳆𠋩𠌽𠓗𠣾𠪻𡐝𡵛𢂆𢠲𣄎𤝔𤭟𤸑𤸗𥦸𥨍𥲛𥳇𥷱𦂊𦔍𦰺𦱖𦸱𧄏𧌈𧌓𧒂𧒙𧕡𧻳𨦛𨺅𩂎𩅿𩍏𩒺𩢿𩣜𩣸𩬙𩭺𩵹𩽻𩾿𪀺𪂋𪂾𪃓𪆠𪍏𫄭𮔅𮸕𮸦𰁾𰰷𰱦𰺓𰾟𱂩𱯧]→fù; • … • [⻑⻒㙊㦂䗅䠆䯴仧仩偿償兏嘗嚐塲嫦尝常徜瑺瓺甞肠腸膓苌萇蟐鋿鏛镸鱨鲿𠙁𢁝𥋤𦰱𦼳𨣛𨱮𪁺𪄹𫊪𫏃𮸟𰈇𱈘𲈆]→cháng; • … • [⻔䊟䫒們扪捫玧璊菛虋鍆钔門閅门𣯣𣯩𤅣𧄸𨳔𨴺𩑥𩔉𫞩𮤫𰫋]→mén; • [⻗㑨㒁㒜㔱㙑㝢㠘㡰㣃㦛㲾㺄㼌䣁䥏䨞与予伛俁俣偊傴匬噳圄圉宇寙屿嶼庾懙挧敔斔斞楀瑀瘐祤禹窳羽與萭蘌語语貐鄅鋙雨頨麌齬龉𠋟𠱐𡷎𡻢𢗓𢮁𣢦𣨝𤗃𤹪𥒾𥛩𦀡𦥉𦦲𦭳𦳅𧱬𨝈𨵉𩃯𩩑𩩘𩵎𪂕𪋬𫹮𳐌]→yǔ; • … • [⻚㖡㗼㥷㩎㪑㱉㸣䁆䈎䊦䎨䢡䤳䤶䥟䥡䧨䭎䭟䱒䲜业亱僷叶啘嚈墷夜嶪嶫抴捙擛擪擫晔曄曅曗曳曵枼枽業歋殗洂液澲烨燁爗璍皣瞱瞸礏腋葉謁谒邺鄓鄴鍱鎑鐷靥靨頁页餣饁馌驜鵺鸈𠀸𠄅𠟪𠱝𡀽𡁁𡛌𡛽𡽣𢉥𢢜𢪧𢬍𢱴𣎩𣐂𣚕𣩫𣰛𤝇𤝱𤳪𥌅𥠍𥮧𦀕𦂡𦠜𦤪𧎭𧔦𧗖𨂒𨉅𨼥𨽀𩉂𩐱𩑃𩘏𩱝𩼋𩼴𪋫𪍅𪑦𪒲𫥺𫩤𫩫𬑓𬒆𬰺𬲼𮳴𮴔𰉪𰎑𰓙𰚱𰾕𰾩𱇰𲍿𲎒]→yè; • [⻛㐽㒥㛔㜂㠦䀱䒠䵄丰仹偑僼凨凬凮妦寷封峯峰崶枫桻楓檒沣沨灃烽犎猦琒疯瘋盽砜碸篈葑蘴蜂蠭豐鄷酆鋒鎽鏠锋闏霻靊風飌风麷𡨛𡵞𢓱𤖀𥷜𥽈𦜁𧆉𧥹𧾳𨩥𨺢𩉧𩊩𩘵𩙐𩙣𫜑𫲸𮨴]→fēng; • … • [⻢㐷䣕䣖溤犸玛瑪码碼蚂螞遤鎷馬马鰢鷌𥧓𨰾𬮡𰛊𲍬]→mǎ; • … • [⻦㒟㜵㠡㭤䃵䙚䦊䮍嫋嬝嬲樢茑蔦袅裊褭鳥鸟𠒰𡘏𡝋𡝒𡠿𢶑𢸣𣟊𥤂𥾇𨽖𩖔𩭑𪅝𪈼𫽲𬡇𮱒𱊜𱺑]→niǎo; • [⻧㔪㢚㯭䲐卤嚕塷掳擄擼樐橹櫓氇氌滷澛瀂硵磠艣艪蓾虏虜鏀鐪鑥镥魯鲁鹵𠿛𢋡𢟧𢲸𣥐𣱀𤣃𥶇𧀦𧫓𩯜𪉖𪉣𫓺𫼵𰛮𱊺𱊻𱾢]→lǔ; • … • [⻫⻬㖢㟓㟚㟢㩽㯦㰗䄢䅲䉻䐡䑴䓅䓫䞚䟚䡋䧵䩓䭶䭼䰇䱈䲬䳢䶒䶞亓亝俟其剘圻埼奇岐岓崎嵜帺忯愭懠掑斉斊旂旗棊棋檱櫀歧淇濝猉玂琦琪璂畦疧碁碕祁祇祈祺禥竒簯簱籏粸綥綦綨纃耆肵脐臍艩芪萁萕蕲藄蘄蚑蚔蚚蛴蜝蜞螧蠐褀跂踑軝釮錡锜頎颀騎騏騹骐骑鬐鬿鯕鰭鲯鳍鵸鶀麒麡齊齐𠁭𠅚𠓪𠫸𡦍𡪵𡹉𡺸𢁒𢍁𢍑𢩡𢺷𢻋𢻚𢾦𢾪𣯆𤪌𤷍𤹸𥉙𥼘𦔌𦫡𦭲𦸗𧌞𧎪𧓑𧡺𧯯𧰙𨉸𨙸𨥦𨪌𨱜𨸒𨸔𩉬𩥂𩦋𩨝𩲪𩳣𩴪𩷾𩹵𪀩𪂛𪄖𪗅𪗆𪗍𪗏𪙧𫛰𫺊𬨂𬬳𬴆𬸒𬸾𰡩𱊁𱍐𱹁𲇭]→qí; • [⻭⻮㘜㢁㢋㱀㶴䊼䑛䜵䜻伬侈卶叺呎垑尺恥欼歯耻肔胣蚇袲袳裭褫豉鉹齒齿𠛔𠝨𠭋𡖳𡳭𢇕𤟆𤵬𥚚𦙆𧀤𧉀𧛧𧰲𨑠𨖎𨾛𩒐𩳲𰽹]→chǐ; • [⻯⻰㚅㝫㡣㦕㰍䃧䆍䏊䙪䥢䪊䮾咙嚨屸嶐巃巄昽曨朧栊槞櫳泷湰滝漋瀧爖珑瓏癃眬矓砻礱礲窿竜笼篭籠聋聾胧茏蕯蘢蠪蠬襱豅躘鏧鑨隆霳靇驡鸗龍龒龙𠾐𡃡𡬍𡬕𢤲𢸭𣫣𤇭𤵸𤾭𥪢𥪻𥬆𥳌𥸉𦨩𦪽𧍰𧙥𨀁𨇘𨏠𨐇𨺚𩂽𩄺𩙘𩙠𩟭𩧪𪔳𪔷𪚑𪚓𪚘𪚝𪚠𫖅𫛟𫜲𬺜𰎎𰦭𰭹𰲴𰳲𰶑𰽦𱅅𱛓𲋐]→lóng; • … • [〇㖫㡵㥄㦭㪮㬡㯪㱥㲆㸳㻏㾉䄥䈊䉁䉖䉹䌢䍅䔖䕘䖅䙥䚖䠲䡼䡿䧙䨩䯍䰱䴇䴒䴫伶凌刢囹坽夌姈婈孁岺彾掕昤朎柃棂櫺欞泠淩澪灵燯爧狑玲琌瓴皊砱祾秢竛笭紷綾绫羚翎聆舲苓菱蓤蔆蕶蘦蛉衑裬詅跉軨酃醽鈴錂铃閝陵零霊霗霛霝靈駖魿鯪鲮鴒鸰鹷麢齡齢龄龗𠄖𠠢𠡭𠱠𠻠𠻱𠾥𡈍𡕮𡿡𢌔𢔁𢩗𢹝𢺰𣌟𣣋𣬹𤃩𤖦𤜙𤣘𤧘𤫩𤫲𤿅𥌼𥤜𥤞𥥋𥩔𥺙𥾂𦉢𦫃𦫊𧆺𧕅𧖜𧟙𧨈𧰻𧱢𧾇𧾮𨠎𨱋𨽲𩂙𩃞𩆒𩆚𩆮𩆻𩆼𩇄𩇎𩊂𩑊𩖊𩖵𩚹𩜁𩟃𩪥𩬔𩲩𩵀𪅋𪋳𪋾𪌏𪕌𪛈𫐉𫞠𫟑𫠂𭝋𮇤𰵚𰺊𱊪𱗟𲌅𳎕]→líng; • … • [㐌㚦㝖㞔㥴㦾㰘㹫㺿㼢䄬䇵䔟䞅䣡䧅䩟䬁䬮䮊䱌䲑䴊乁仪侇儀冝匜咦圯夷姨媐宐宜宧寲峓嶬嶷巸弬彛-彞怡恞扅拸暆柂栘桋椬椸沂沶熪狋珆瓵疑痍眙移箷簃籎羠耛胰萓蛦螔衪袘觺訑詑詒誃謻讉诒貤貽贻跠迆迤迻遗遺鏔頉頤頥顊颐飴饴鸃𠄱𠅌𠈶𠍫𠏩𠐀𠗺𠛃𠜁𠤕𠤗𠤘𠩗𠪗𠲻𠼪𡬓𡱐𡷪𡻣𢂒𢓡𢕷𢖅𢞉𢩼𢱁𣐓𣐵𣕁𣙛𣢭𣸘𤆾𤇴𤈙𤖪𤘊𤝻𥃸𥄻𥄿𥌟𥙁𥙇𥫃𥹋𦚟𦟧𦡫𧓗𧡇𧣟𧣬𧦧𧳁𧷅𨛯𨜽𨠑𨠶𨣬𨳷𩓧𩔦𩖹𩖾𩗑𩚇𩛮𩤒𩸨𩼨𪀓𪐔𪘬𫍟𬤦𬭰𬱪𰵥𰶁𱇧𱇬𱉌𱌷𲍇𳐁]→yí; • … • [㐜㤽㦞㵞㿧䌧䓓䲖仇俦儔嚋嬦帱幬怞惆愁懤栦椆燽畴疇皗稠筹籌紬絒綢绸菗薵裯讎讐踌躊酧酬醻雔雠𠝽𠷎𠹝𠼡𠾉𡕐𡕪𣀓𣕾𣪐𣫐𤳝𤳠𤽯𤾊𤾦𥏈𥡀𥲅𦡴𦭸𧮻𨤷𩗡𩽀𩾂𪇘𪫷𫝩𬊍𬣱𬸍𲆭]→chóu; • [㐡㖠䚥喏愞懦懧掿搦搻榒稬穤糑糥糯諾诺蹃逽锘𠸱𢜪𢾲𥑽𥻾𦀨𦂍𦓢𧣚𧣺𱺢]→nuò; • … • [㐩㓝㣜㼛䣆䤯侀刑哘型娙形洐滎硎荥行邢郉鈃鉶銒鋞钘铏陉陘饧𠀦𡶭𣸝𤬐𤶲𦈨𦈵𧊞𧊽𧗦𩩋𫰛]→xíng; • … • [㐬㽞䉧䗜䚧䝀䬟䰘䱖䱞䶉刘劉嚠媹嵧懰旈旒榴橊沠流浏瀏琉瑠瑬璢畄留畱疁瘤癅硫磂蒥蓅藰蟉裗鎏鎦鏐鐂镏镠飀飅飗馏駠駵騮驑骝鰡鶹鹠麍𠗽𠪐𢏭𢤐𢷶𣞗𣟑𣠚𣱳𤥗𥀓𥆦𥠷𥰣𥶅𥹷𦀠𦃓𦊿𦑾𧏓𧮗𨦰𨪕𨪿𨻧𩗩𩙄𩢞𪃂𪆱𪇯𪎣𫓮𭇯𮷻𰑙𰰹𱃙𱈊𳐖]→liú; • … • [㐲㞭㯂㶡㻖䈆䒫䲦代侢叇垈埭岱帒带帯帶廗待怠戴曃柋殆瀻玳瑇甙簤紿緿绐艜蚮袋襶貸贷蹛軑軚軩轪迨霴靆骀鮘鴏黛黱𠯈𠰺𠷂𡧹𢄔𢎌𣇨𣫹𤮼𤸊𥿝𦄂𦙯𧊇𧑔𨊺𨓞𨟲𨥶𨽿𩃠𩃷𪐝𬶌𮷗𰏼𰘀𰰏𰸚𱳪]→dài; • … • [㐹㑊㑜㑥㓷㔴㖂㘁㘈㙪㙯㚤㛕㛳㜋㜒㝣㡫㡼㢞㣇㣻㦉㦤㱅㱞㱲㲼㳑㴁㴒㵝㵩㶠㹭㽈䄁䄩䄿䆿䇩䇼䉨䋚䋵䌻䎈䎲䓃䓈䓹䔬䕍䖁䖊䖌䗑䗟䗷䘝䘸䝘䝯䢃䣧䦴䬥䭂䭞䭿䯆䰯䴬䵝乂义亄亦亿伇伿佚佾俋億兿刈劓劮勚勩匇呓呭呹唈囈圛坄垼埶埸墿奕嫕嬑嬟寱屹峄嶧帟帠幆廙异弈弋役忆怈怿悒悥意憶懌懿抑挹掜撎敡斁易晹曀曎杙枍枻栧栺棭榏槸檍欥欭歝殔殪殹毅泆浂浥浳湙溢潩澺瀷炈焲熠熤熼燚燡燱獈玴異疫痬瘗瘞瘱癔益睪瞖硛秇穓竩篒縊繶繹绎缢羛義羿翊翌翳翼耴肄肊膉臆艗艺芅苅萟蓺薏藙藝蘙虉蛡蜴螠衵袣裔裛褹襼訲訳詍詣誼譯議讛议译诣谊豙豛豷貖賹贀跇軼轶逸邑醳醷釴鈠鎰鐿镒镱陭隿霬靾饐駅驛驿骮鮨鯣鶂鶃鶍鷁鷊鷧鷾鹝鹢黓齸𠂆𠍳𠓋𠚮𠡔𠡝𠥦𠨾𠩫𠬤𠲚𠲺𠶷𠽜𡄻𡉛𡊁𡊶𡍡𡥁𡾾𢀁𢂗𢂼𢄅𢇙𢇚𢇸𢈶𢍰𢎀𢎃𢎉𢏗𢓀𢖫𢖴𢖺𢗎𢘽𢡃𢨳𢩮𣎅𣚘𣡊𣤪𣦌𣧄𣨟𣫙𣶫𣷩𣿉𤑹𤣨𤣮𤤺𤥿𤧕𤬩𤴧𤶛𤷅𤸸𤻂𤼌𥃠𥅓𥍴𥒵𥘒𥘠𥜃𥜥𥟘𥡪𥥌𥥴𥩖𥫝𥱃𥸊𥾐𥿹𦌩𦎝𦏸𦓻𦔜𦔥𦘳𦙨𦠉𦥱𦨇𦭥𦶂𧃟𧅖𧆦𧈻𧊣𧊤𧋏𧑌𧙡𧢂𧬇𧱊𧱏𧷥𧺎𧺝𧾰𨋯𨜶𨣠𨦯𨱁𨹝𨻊𨻏𨽹𩂒𩂹𩈭𩋌𩍖𩎭𩎷𩘧𩚂𩟉𩣞𩧭𩪟𩪣𩳇𩴜𩴮𩷍𩷘𩾘𩾢𪀕𪁛𪎈𪐘𪒕𪕶𪗷𪹀𪽷𫄷𫍙𬟁𬤞𬥵𬬩𬲳𬳀𬷼𭣧𮩞𮬜𮳜𰉣𰑸𰞇𰳵𰵔𰵖𰷠𰷪𰼅𱉷𱊄𱊈𱊦𱊰𱌽]→yì; • … • [㐻㨅內内氝氞錗𢁩𢛉𣓃𩬀𬭗]→nèi; • … • [㑁㓸䂐䦃䪼䫎䮓倬拙捉桌棁棳槕涿炪穛穱窧蠿𠭴𣄻𥞺𥼚𧱰𱂢]→zhuō; • … • [㑉㑛㓘㔄㕖㜚㝛㨞㪩㬘㯈㴋㴑㴼䃤䅇䎘䏋䑿䔎䛾䥔傃僳嗉塐塑夙嫊宿愫愬憟梀榡樎樕橚殐泝洬涑溯溸潚潥玊珟璛碿簌粛粟素縤肃肅膆莤蔌藗觫訴謖诉谡趚蹜速遡遬鋉餗驌骕鱐鷫鹔𡎮𡖯𢎎𢖏𢚑𢢒𣝝𣫎𣯼𣶘𣿈𤌂𤛝𤠚𤡃𤢂𤢘𤤐𤥔𤭴𤸮𦌉𦌊𧀌𧐁𧐒𧐴𧜦𧞺𧥆𧩝𧼭𧽷𨱈𩐫𩐼𩘰𩘹𩙨𩝥𩳒𪁽𪄑𪅄𪋝𪌔𪍛𪐮𪖶𫂙𫗧𫾃𬒕𬚄𬣷𰗹𰢄𱇿𲈙𲋩]→sù; • … • [㑏㝉㤖㫂㹥㺛㾻㿾䇠䇡䍆䎷䐢䘄䝒䝬䪒䬡䭖乼伫佇住助坾墸壴嵀杼柱柷樦殶注炷疰眝砫祝祩竚筑筯箸篫簗紵紸纻羜翥苎莇著蛀註貯贮跓軴迬鉒鋳鑄铸霔馵駐驻麆𠩈𠴦𡤗𡱱𡸌𡻠𢚻𢥃𢩄𣥼𤋰𤎧𤕞𤳯𤾄𥩣𥯸𥵟𥹍𦙴𧈚𨆄𨈫𨙔𨭅𩶂𪊹𪚹𬣣𮚫𮷍𰬇𰮙𰽯𱄼]→zhù; • … • [㑗㕥㜪㮱䅸䯂伸侁兟呻堔妽姺娠屾峷扟敒曑柛棽氠深燊珅甡甧申眒砷穼籶籸紳绅罙莘葠蓡蔘薓裑訷詵诜身駪鯓鯵鰺鲹鵢𠃫𠻝𡖬𢈯𢏎𢘊𣇗𣔗𣘘𣘲𤶴𥆣𥥍𥥿𥳱𥸬𦐹𦜊𦸂𦸯𦺷𧢹𨊘𨐍𨐔𨐕𨝐𨞲𩉼𩺵𬳽𱽖𳁼𳎘]→shēn; • … • [㑚㔮㰙傩儺挪梛郍𠹈𡖫𡬥𡿊𢰜𣗙𤘟𦡃𦩜𨁌𨎭𩴓]→nuó; • … • [㑞䙬䤝䵴噟媵映暎硬膡鞕鱦𠊶𡀘𡁊𡄖𢣙𣈣𣋋𤇾𤹥𥚿𦩩𨪄𩋹𫇦𫜙𭈉𱇸𱲎𲇳]→yìng; • … • [㑤䁧䖢媌嫹描瞄緢苗鱙鶓鹋𩳸𪃦𬸙𰬬𲍑]→miáo; • [㑦㒧㔏㕸㗚㘑㟳㠣㡂㤡㤦㧰㬏㮚㯤㱹㺡㻎㻺㼖㽁㽝㾐㿛㿨䃯䅄䇐䊪䍥䍽䓞䔁䔉䕻䘈䚕䟏䟐䡃䤙䥶䬅䬆䮋䮥䰛䰜䲞䴡䶘丽例俐俪傈儮儷凓利力励勵历厉厤厯厲吏呖唎唳嚦囇坜塛壢娳婯屴岦巁悧悷慄戾搮攊攦攭暦曆曞朸枥栃栎栗栛棙檪櫔櫟櫪欐歴歷沥沴涖溧濿瀝爄爏犡猁珕瑮瓅瓑瓥疠疬痢癘癧皪盭砅砺砾磿礪礫礰禲秝立笠篥粒粝糲綟脷苈苙茘荔莅莉蒚蒞藶蚸蛎蛠蜧蝷蠇蠣觻詈讈赲跞躒轢轣轹郦酈鉝鎘隶-隸雳靂靋鬁鱱鱳鳨鴗鷅麗麜𠌯𠘞𠘟𠛦𠝄𠞉𠞤𠠏𠠝𠠵𠢠𠩵𠪄𠪺𠫌𡤌𡫯𡮰𡯄𡳸𡸉𡾒𡿋𢍼𢡑𢤆𢤩𢨨𢩑𢸀𢻠𣀥𣌅𣌜𣟌𣦯𣧿𣫧𣲒𤁼𤃀𤄽𤇃𤔨𤖢𤘃𤜜𤟑𤠫𤡿𤩮𤳓𤹇𤹈𤻤𤼚𥁟𥉆𥌤𥌮𥌿𥓃𥝢𥠲𥨻𥬭𥶗𥷅𥷗𥽗𦃊𦅺𦇔𦍠𦘊𦜏𦠓𦪾𧄻𧉲𧒈𧓽𧔝𧘫𧙉𧢝𧧋𧯏𧰡𧲡𧴠𧽲𨃙𨇗𨊛𨍫𨏬𨘸𨜼𨞺𨟑𨢌𨪹𨬑𨷦𨽻𩄞𩅩𩆝𩗅𩗭𩘟𩘡𩙖𩞨𩣫𩧃𩧸𩪸𩯺𩰲𩱇𩴣𩶘𩽏𪅼𪓀𪖍𪗁𪙺𪙽𪫡𪲔𪵱𫁡𫄫𫎱𫛽𫟫𫟷𫥳𫥵𫪃𫵷𬍛𬦣𮯸𮷨𰓬𰤕𰦦𰴗𰴢𰷴𰽝𱃚𲁔]→lì; • [㑩㼈㽋䊨䯁儸攞椤欏猡玀箩籮罖罗羅脶腡萝蘿螺覙覶覼逻邏鏍鑼锣镙饠騾驘骡鸁𡤢𡿏𣜄𤄷𥡜𦆁𦝠𦣇𦣖𦣛𦿌𧄿𧷳𨰠𩎊𩮹𩵇𩼊𩽰𪈰𪎆𪶒𫌨𫗩𫽋𬂂𭹜𮱊𰴝𰿊𱊮𳌘]→luó; • … • [㑰㑹㜇㞧㤬㥣㨤㨹㩨㬩㱱㻅䂕䅏䌇䕇䛛䜋䤧䧥䩈䫭会僡儶匯卉哕喙嘒噦嚖圚嬒孈寭屶屷彗彙彚徻恚恵惠慧憓懳晦暳會槥橞檅櫘殨汇泋浍湏滙潓澮濊烩燴獩璤璯瘣瞺硊秽穢篲絵繢繪绘缋翙翽芔荟蔧蕙薈薉藱蟪詯誨諱譓譿讳诲賄贿鏸鐬闠阓靧頮顪颒餯𠍗𠧩𠽡𠿔𡏁𡜦𡥋𡹯𢄣𢅫𢊇𢕺𢟾𢻔𣋘𣌭𣨶𤆳𤜋𤞃𤸁𥀠𥔯𥱵𥴯𦂆𦒎𦡖𧏧𧖢𧧾𧬨𧭾𨊢𨍹𨗥𨘇𨘲𨵘𩆁𩇻𩒏𩒳𩔁𪊂𪑅𪔊𫖃𫰢𬜨𬣪𬣬𬣰𬤉𬤝𬤭𬨐𬭬𰗆𰛦𰽷𰾶𱂤𱄄]→huì; • … • [㑵㒈㢨㨔㪋㲦㵄㺝䎯䏷䓿䕿䗣䛞䧲䫲䮧傼垾屽岾悍憾扞捍撖撼旱晘暵汉汗涆漢瀚焊熯猂皔睅翰莟菡蘫蛿蜭螒譀釬銲鋎閈闬雗頷顄颔馯駻鶾𠢇𠹄𡁀𡣔𡷛𡻡𢀵𢃗𢄜𢇞𢎘𢔔𢧦𣐺𣒷𤀉𤌐𤳉𤿧𥇌𥉰𦋣𦒅𧂃𧰪𨁄𨛎𨢈𨸗𩎒𩕠𩖺𩗤𩞿𩭥𩹑𩹼𩾝𫘛𫘣𬣸𬬧𬭍𰶆𱂰𱅠𱉋𱉶𱼞𲋃𳐑]→hàn; • [㑶㙾㚛㣟㤸㦦㭡㰥㸍䀌䈪䊠䐼䓇䜁䧍䨳䬣䮎䲪䵱係匸卌呬咥嚱墍屃屭忥怬恄慀戏戱戲椞欯滊潟澙熂犔盻矽磶禊稧系細綌繫细绤舃舄蕮虩衋覤赩趇郤釳闟阋隙隟霼餼饩鬩黖𠤴𠦌𠦜𡃢𡘐𡙋𡜧𡝧𡦎𡶯𢤋𢧽𢭁𣚔𣢓𣣉𣤢𣳦𤄎𤌷𤡬𥈜𥋁𥎃𥪦𥮬𥰥𥻥𥿭𦃝𦞝𦷲𧂙𧈅𧈍𧉁𧎵𧚃𧤟𧦁𧧹𧪢𧬈𧬊𧯈𧯊𧱲𧹶𧹽𨐛𨰿𨷘𩊿𩍆𩎥𩛹𩦇𩿛𪅲𪵣𪸕𫊨𫻁𬟪𰿻𱃱]→xì; • … • [㑿㡽㷖㷹䃍䈇䍜䍮䑲兆召垗旐曌枛棹櫂炤照燳狣瞾笊罀罩羄肁肇肈詔诏赵趙鮡𠕭𠟅𠠄𠻥𡱜𢡰𣠜𤙔𥵤𦹫𧳝𨹸𩘀𩙩𬶐]→zhào; • … • [㒆㓼㔑㞿㡿㥡㽚䀸䟷䠠䤲䮻䰡䳵傺勅勑叱啻彳恜慗憏懘抶敕斥杘湁灻炽烾熾痓痸瘈瘛硳翄翅翤翨腟赤趩跮遫鉓銐雴飭饎饬鶒鷘𠞩𠡠𠧚𠧵𠮟𠻟𡚨𡣀𢂝𢜳𢨒𣐃𣙰𣚩𣤩𤆍𤡏𤰠𤸪𥛚𥱻𦂋𦎚𦏿𦔫𦘪𦤸𦥊𧤍𧩼𧺠𧺧𧺿𧼪𨂰𨔤𨧳𨨬𩥲𩷧𩾕𩿪𪀦𪅍𪅙𪆟𪆵𪉄𪉅𪉗𫛶𬤘𬴇𰒒𰸛𲎅]→chì; • … • [㒓㛥㣛㣵㧺㭼㯓㳠㹺㿹䂿䈋䈳䍇䍝䎓䑜䑽䓠䜚䳴䵬䶀䶁嚺崉拓挞搨撻榻橽毾涾澾濌狧禢粏誻譶踏蹋躢遝錔闒闥闼阘鞜鞳鮙𠉂𠴲𠷍𢃕𢺉𣗶𣝋𣥂𣥷𣯚𤄥𤒻𤛣𤠐𤠟𤿽𥗓𦍒𦐇𦑇𦑲𦑶𦧛𦧞𦧟𦧥𦧱𦨎𦪙𦶑𦾽𧌏𧔣𧖆𧮑𨃚𨆰𨌭𨔯𨙎𨰏𨵝𩋅𩌇𩌉𩌐𩌘𩎽𪂌𪔕𪘁𪹹𬤕𬤪𮹝𰤨𰵸𰾓𲎨]→tà; • … • [㒠㓔㔎㖑㙰㞒㞕㡜㣯㣰㦪㰔㰡㳦㳿㴬㴮㴽㸉㽊䁋䉏䉣䊝䕈䙊䙝䚸䦏䩧䪥䲒䵦亵伳偞偰僁卨卸噧塮夑娎媟屑屓屟屧嶰廨徢懈暬械榍榭泄泻洩渫澥瀉瀣灺炧炨烲焎燮爕獬祄禼糏紲絏絬緤繲绁缷薢薤蟹蠏褉褻謝谢躞邂鞢韰齂齘齛齥𠅱𠑄𠨆𠲊𠸴𠿇𡃂𡄕𡗼𡛶𡞘𡟩𡣹𡤋𡽖𢌀𢖆𢗊𢜨𢞜𢤯𢤰𢬿𢹒𣣶𣽒𤑪𤗈𤡧𤫉𥀺𥇱𥍆𥎎𦁛𦔼𦖐𦚡𦞚𦩌𦵱𧀢𧌊𧌋𧌖𧍁𧓺𧖁𧛼𧜔𧜵𧝫𧭸𧷧𨇨𨈙𨤴𨳚𨼬𩂪𩃖𩍝𩎃𩐁𩐉𩙜𩽍𪙥𫄬𫧯𬹼𰬽𰿪𱂎𱌱𱒀𱜒]→xiè; • … • [㒤㔭㤴㥉㬚㳧㾝㿭䁤䒆䚢䛸䜠䧪勶坼屮彻徹掣撤澈烢爡瞮硩聅迠頙𢇛𢊏𣨊𤊿𤕛𤖷𤗙𤹞𥯥𥿊𦈈𦛖𧼳𨀠𨹡𩂻𩎚𩗙𪎺𲊺]→chè; • … • [㒸㞸㥞㴚㻪㻽䅗䉌䍁䔹䠔䡵䥙亗埣嬘岁嵗旞檖歲歳澻煫燧璲睟砕碎祟禭穂穗穟繀繐繸襚誶譢谇賥遂邃鐆鐩隧韢𠭥𡑞𡶣𡷼𡹖𡻕𢅕𢇥𢈼𢒱𢟩𣄧𣩡𤡪𤬫𤻄𥊴𥕸𥢍𥤼𥴦𦃒𦄑𦅵𦇀𧌢𧡏𧨧𧸙𨆏𨣢𨷃𩍚𩎰𩏚𩏲𩗶𩝌𫟦𬘼𬭼𬰶𮉮𰬸𰷤𲂖]→suì; • … • [㒽䌯圈圏奍峑弮恮悛棬椦鐉駩𠛮𡈉𥁸𦋓𨟠𨩸𩧴𰾼]→quān; • … • [㓌㛵䕝䗀䞓䟓䟫偁僜憆摚撐撑柽棦橕檉泟浾湞爯琤瞠称稱穪竀緽罉蛏蟶赪赬鏳鏿鐣阷靗頳饓𠏧𡽊𣥺𦓬𧯒𨭃𩁷𩞦𩠏𫎭𬭷𬲜𰩓𲈜𲊼𳇲]→chēng; • … • [㓐㖨㛬㜙㟤㦇㪐㪖㫽㯝㯟㼾䃙䌒䍡䎑䎼䐂䘵䚄䟿䡜䩮䱚䴪侓僇剹勎勠圥坴塶娽峍廘彔录戮摝椂樚淕淥渌漉潞熝琭璐甪盝睩硉碌祿禄稑穋箓簏簬簵簶籙粶膔菉蔍蕗虂螰觮賂赂趢路踛蹗輅轆辂辘逯醁錄録錴鏕鏴陆陸露騄騼鯥鵦鵱鷺鹭鹿麓𠀽𡀔𡴆𡷏𢊩𢫫𢯅𢾬𣞓𣩏𣼟𤝮𤟘𤢊𤨍𤺼𤻱𤽺𤿴𥀔𥈛𥉶𥒨𥚊𥛞𥛪𥣤𥫰𥲎𦋔𦌕𦌟𦗓𦪇𦸐𦼋𦽂𦽎𦾞𦾷𦿖𧌉𧌍𧐳𧨹𧽥𨁸𨌠𨏔𨽐𩅄𩌫𩓪𩛼𩣱𪍄𪒏𫘧𫠋𮬠𰪏𰺌𰾲𱇶𱊀𲈁𲈝]→lù; • … • [㓓㽖䔜䛁䶲侽南喃娚抩暔枏柟楠男畘莮萳諵遖难難𢪈𤌔𤱣𤽲𦶈𧇙𧕴𨴌𨴘𨵴𩹞𫺷𲂐]→nán; • [㓖㘠㘩㙄㡀㢰㢶㢸㧙㪤㮿㯇㱸㳼㻫㿫䀣䁹䄶䉾䊧䋔䎵䏶䕗䖩䟆䟤䠋䧗䨆䩛䪐䫁䬛䮡䯗佖咇哔嗶坒堛壁奰妼婢嬖币幣幤庇庳廦弊弻弼彃必怭怶愊愎敝斃枈柲梐毕毖毙湢滗滭潷濞煏熚狴獘獙珌璧畀畁畢疪痹痺皕睤碧禆笓筚箅箆篦篳粊綼縪繴罼腷臂苾荜萆萞蓖蓽蔽薜蜌袐裨襅襞襣觱詖诐貱賁贔赑跸蹕躃躄避邲鄨鄪鉍鏎鐴铋閇閉閟闭陛鞸韠飶饆馝駜驆髀髲魓鮅鷝鷩鼊𠈺𠋯𠓷𠡂𠦈𠨘𠩿𠮃𠽩𡚁𡛗𡠚𡻞𡽶𢁽𢅩𢐦𢖬𢘍𢲾𢴩𣁉𣁢𣋹𣘥𣝍𣢠𣥣𣦇𣦢𣩩𣭤𣮐𣯴𤂀𤅹𤐙𤗚𤙞𤜻𤠺𤡝𤢣𤵘𤹝𤻖𥆯𥈗𥛘𥟗𥢦𥳆𥴬𥷑𦂖𦑞𦔆𦠞𦤫𦯛𦰙𦱔𧏻𧒀𧓄𧥑𧫤𧲜𧳠𨋥𨋩𨐨𨚍𨚓𨠔𨵰𨸼𩉫𩊰𩑻𩪖𩪧𩲢𪋜𪍪𪏺𫄞𫎳𫖒𫗣𫚑𫜁𫼫𫽳𬙝𬠃𬥶𬭽𬳃𮤲𮩛𮲰𰃻𰋾𰛡𰞲𰬎𰬤𰻳𱁴𱂅𱅈𱌉𲍴]→bì; • [㓚㕬䂵䍔䐵䢼䰸䲲䳍供公功匑匔厷塨宫宮工幊弓恭愩慐攻杛熕碽糼肱蚣觥觵躬躳髸龏龔龚𠇒𡚑𢁠𢖷𤅐𤱨𥫋𥸲𦄜𦊫𦔸𦞗𦞨𦬘𧆷𧎡𧘏𨉫𨊧𨋝𨋷𨒱𨴛𩃙𩐣𩛘𪏠𪏢𫺌𮭥𰑟𱍁]→gōng; • … • [㓠㝪㞟㶘㼭佃坫垫墊壂奠婝店惦扂橂橝殿淀澱玷琔电甸癜簟蜔钿阽電靛驔𠢣𡼓𢅝𢕯𣒂𣢥𣣈𣣣𣧛𣪪𤩱𥅑𥇞𥑼𥢏𥦟𥳢𥵏𦅆𦽄𧍿𩂵𩅀𩆔𪑩𱅪𲉵]→diàn; • … • [㓢㞅㪾㱻㴖㿚䀩䇔䈷䉓䌱䌴䎊峈摞泺洛洜漯濼犖珞硦笿絡纙络荦落雒駱骆鮥鴼鵅𠉗𠏢𠶱𠻐𡁆𢺆𢺑𣎆𣛗𣧳𤽥𤽼𥯛𧈦𧟌𧭥𧹐𨇽𨏒𩂣𩊚𩌭𩍪𪇱𪌳𫏑𬡠𮷇𰺢𱇪𱉮𲸱]→luò; • … • [㓨㘂㘹㞖㤵䂣䈘䛐䧳䨏䭣䲿䳄垐嬨慈柌濨珁瓷甆磁礠祠糍茈茨薋詞词辝辞辤辭雌飺餈鴜鶿鷀鹚𠤫𠯂𡥎𢶴𣐑𥴺𥿆𧙈𨠐𩆂𩉋𩝐𪉈𬱇𬲶𰱱𲊽]→cí; • [㓩㝁㦥㩊㻹䁔䆭䚙䚭䳦儇吅喧塇媗宣弲愃愋懁揎昍暄梋煊瑄睻矎禤箮縇翧翾萱萲蓒蕿藼蘐蝖蠉諠諼譞谖軒轩鋗鍹駽鰚𡈣𡬳𢏧𢙂𢰊𤟿𦐽𦑙𧑩𧤎𧾎𩋱𩕖𩕪𩤡𫍽𫓶𬤎𱅖𲈎]→xuān; • … • [㓮㚋㢯㹦䂏䘟䳂凋刁刟叼奝弴彫殦汈琱瞗碉簓虭蛁貂雕鮉鯛鲷鳭鵰鼦𠚥𠚻𠶰𥮐𦨣𦶌𦸔𧘨𧘩𨸓𩀜𩾗𫛲𬡍𬭕𱉈𲍲𳐀]→diāo; • … • [㓶㗫㛍㤲㥦㹤㼤㾀㾜䟙䤿切匧厒妾怯悏惬愜挈朅洯淁穕窃竊笡箧篋籡緁藒蛪踥郄鍥鐑锲鯜𠁠𠩂𠲵𡂠𡐤𡝍𢲶𢺅𣠺𤴼𤷾𥪵𥿚𦆍𦼰𦿋𧑨𧚪𧫕𧻘𧻧𨄊𨉪𨖰𩣴𪑗𪙌𫺁𫺂𮰿𰬡𰬶𱞝]→qiè; • … • [㓺㔋㡨㦰㭴䌑䌠䓸䔐䘋䛓䶢䶬兼冿囏坚堅奸姦姧尖幵惤戋戔搛椷椾樫櫼歼殱殲湔瀐瀸煎熞熸牋犍猏玪瑊监監睷碊礛笺箋篯緘縑缄缣肩艰艱菅菺葌蒹蕑蕳虃覸豜豣鐧鑯間间鞬鞯韀韉餰馢鰹鲣鳒鳽鵳鶼鹣麉𠫘𠼤𠿏𡄑𡬵𢃬𢐆𢦺𢨿𢳚𣘖𣘷𣚙𣝕𣮏𣽖𤍖𤪋𥊇𥌈𥡝𦋰𦏔𦣨𦽇𧂢𧢖𧤨𧥈𧲨𨔥𨳡𨳿𨴾𩅼𩆷𩇏𩋋𩌯𩍎𩛧𩱃𪏊𪐻𪒹𪟎𫈉𫛚𫪄𫽐𬃦𬊗𬰱𬳆𬷟𬺍𰀢𰞤𰠛𰧔𰯲𰱇𰿈𱊋𲍯]→jiān; • [㓽㹐䌬䖝䳯崇崈漴爞緟虫蝩蟲褈隀𡿂𢖄𢝈𣐯𨛱𩌨𩜖𩞉𩞋𫟆𬳐𱺕]→chóng; • [㔁㲪䔲䙞䳾噔嬁灯燈璒登竳簦艠覴豋蹬𤮘𤺌𤼶𧾊𨶿𩯇𪔏𬢔𬮹𳐕]→dēng; • … • [㔃㔢㟲㤜㩱㭈㭾㰐㲄㵐㷾㸕㹟㻕䀗䁷䇶䏐䏣䐘䖼䘿䙠䝌䞷䠇䡈䣤䦆䦼亅倔傕决刔劂勪匷厥嚼孒孓屫崛嶥弡彏憠憰戄抉挗捔掘攫斍桷橛橜欔欮殌氒決泬灍焳熦爑爝爴爵獗玃玦玨珏瑴疦瘚矍矡砄絕絶绝臄芵蕝蕨虳蚗蟨蟩覐覚覺觉觖觼訣譎诀谲貜赽趉趹蹶蹷躩逫鈌鐍鐝钁镢駃鴂鴃鶌鷢龣𠀔𠄌𠄑𠊬𠎮𠜾𠢤𠨊𠫃𠶸𡈅𡚠𡲗𡳾𡾜𢁪𢎹𢏷𢔱𢖦𢨏𢩯𣅡𣖬𣬎𤛦𤞴𤟎𤹋𤼗𥆌𥏘𥕲𥛯𥤘𥾮𦁐𦏅𦓐𦛲𦠒𦪘𧍕𧗫𧝃𧣸𧤼𧥎𧮫𧱝𧺐𧽸𧾵𧿺𨊿𨏹𨬐𨰜𨼎𨼱𩊺𩍷𩏺𩓻𩧏𩧡𩪗𩰨𪁠𪈴𪖜𪚅𫈵𫔎𫘝𫛞𫞝𫦌𫦳𬺖𰽤𱉔𱊧𱱱]→jué; • … • [㔆㜺㟛㣅䬤暂暫濽灒瓉瓒瓚禶襸讃讚賛贊赞蹔鄼酂酇錾鏨饡𠼗𥎑𥜙𥳋𧄽𨙏𩛻𩯒𩯳𪷽𫏐𫪚𫲗𬡷𬤮𰷣𱄊]→zàn; • [㔉㵭䘢䰞丶主劚嘱囑宔拄斸渚濐煑煮燝瞩矚罜詝陼麈𠰍𡺐𢁼𣔯𤆼𤲑𥋛𦅷𦉐𧉞𩒊𩨻𪋰𬙅𬣞𮳢]→zhǔ; • … • [㔓㨵㳨㶕䄯䅐䉍䚊䟰䭠䮿䵡䵤䶠俭倹儉减剪劗囝堿弿彅戩戬拣挸捡揀揃撿暕枧柬梘检検檢減湕瀽瑐睑瞼硷碱礆笕筧简簡籛絸繭翦茧藆蠒裥襇襉襺詃謇謭譾谫趼蹇鎆鐗锏鬋鰎鹸鹻鹼𠍚𠏇𠐻𠹟𠽱𡄓𡅶𡑯𡭭𡾰𢆞𢍫𢩀𢵈𣜭𣠷𣥞𣳲𤄒𥀹𥍀𥍹𥢇𥳒𥳟𥳷𦁲𦂇𦢣𦺍𦺘𧀇𧅆𧬫𧮈𨢑𨣇𨤄𨰓𩉍𩟗𩽜𪒫𫀨𫊱𫍿𫗚𬘖𬤯𬰣𬲕𬴏𰉱𰝗]→jiǎn; • … • [㔗㩌㵒㹃䆏䉬䑔䒈䕠䚨䛍䠊䤵䨾䰁俷剕厞吠屝废廃廢昲曊杮櫠沸濷狒疿痱癈肺胇芾萉費费鐨镄陫靅鯡鼣𠮆𠲎𡌦𢒍𢳁𣙿𤺕𤼺𥄱𥝊𥝋𧌘𧑈𧚆𧝇𨻃𩆦𩇮𩯃𩰾𩱎𩵥𪂏𪰶𪲮𫂈𫽧𬃮𬈕𬏦𬣧𰷦𰾐𱆄]→fèi; • … • [㔦䍩䑆䒋仰佒傟养坱岟慃懩攁柍楧氧氱炴痒癢礢紻羪蝆軮養駚𠢴𣃝𦏱𦯒𧓲𧵌𨱝𩊑𩧫𫺪𬨄]→yǎng; • … • [㔰㶇䬖䬝䯒姮恆恒桁横橫烆珩胻蘅衡鑅鴴鵆鸻𠔲𠧿𡧦𣕲𤮏𥞧𦶙𧝒𩙯𪏓𳇯]→héng; • … • [㕇㡴啦垃拉搚柆翋菈邋𣤊𤛊𤰚𦒆𩃜𩤲𩨉]→lā; • … • [㕊㩤㭪㲗䃿䄮䎔䓏䓵䱐䴸伕呋夫妋姇娐孵尃怤懯敷旉柎玞痡砆稃筟糐紨綒肤膚荂荴衭豧趺跗邞鄜酜鈇鳺麩麬麱麸𡏪𡫺𡬇𢗲𣘧𣞒𤆮𤙤𤿲𥄓𥒫𥱀𥼼𦇁𦖀𦺉𧀮𧀴𨁒𩵩𩽺𩿧𪊐𫓧𰬅𱇲𱉎𱉜𱋖𱋗]→fū; • … • [㕟䕚䙆䙌䙡䯣䰎匮喟嘳媿嬇尯愦愧憒樻欳溃潰瞆篑簣籄聩聭聵腃蒉蕢謉鐀鑎餽饋馈𠣠𠿥𣧼𤆂𤏜𥏙𧂠𧄑𧑋𧝷𧷛𨡺𨣈𪡞𫍷𫝬𭫀𰷨𱆃𳋮]→kuì; • … • [㕨㛯㤆㴀㶗㼝䀀䉊䐪䒦䣲奿婏嬎梵汎泛滼犯畈盕笵範范訉販贩軓軬飯飰饭𠆩𠒾𡁈𡗹𡜀𡤎𡶉𢇪𣳜𤄑𤬨𤭍𥃵𥅒𥹇𧁉𧉤𧍙𧶶𨠒𩡫𩨩𫐊𰹴𱃴𲂂]→fàn; • … • [㕲㟆㠏㦊㭉䔢䱻䴳䶤华姡搳撶滑猾磆華蕐螖譁釪釫鋘鏵铧驊骅鷨𠳂𢼤𤁪𥉄𥢮𦧠𦽊𧑍𧨋𧽌𩤉𪉊𫺆𫼧𬈾𬬨𬭌𮬡𰵻𰽗𱋎𲂊]→huá; • … • [㕺㚠㩋㪣㲖㹲㺒䌃䎄䨭䬘䴛侾呺哓嘐嘵嚣嚻囂婋宯宵庨彇憢揱枭枵梟櫹歊毊消潇瀟灱灲焇猇獢痚痟硝硣穘窙箫簘簫綃绡翛膮萧萷蕭藃虈虓蟂蟏蟰蠨踃逍銷销霄驍骁髇髐魈鴞鴵鷍鸮𠈬𠑪𠹎𡟣𡣾𡯩𡷸𡼚𢓮𢙒𢪶𢭦𢸳𣕇𣠎𤎻𤑳𤞚𤠖𤡔𤣠𤺃𥆔𦏷𦐺𦟞𧄤𧳍𧵱𨊅𨴹𨶅𩋍𩙚𩙮𩧓𩫂𩫳𩱴𩾒𩾓𩾾𪁎𪮋𪵑𫋇𫔲𬷽𰘩𰡊𰮝𱅮𲍸𳐜]→xiāo; • … • [㖆㜹㣄㯫㲘䂂䆽䋧䝣䞤䟊䵶佢劬忂戵斪朐欋氍淭渠灈爠璖璩癯瞿磲籧絇翑胊臞菃葋蕖蘧螶蟝蠷蠼衐衢躣軥鑺鴝鸜鸲鼩𠍲𠏛𠣪𡡥𡱺𡲰𢌄𢎖𢦌𣖪𣯸𣰋𣰠𣰡𣰻𤨎𥃔𥗫𥧻𦄽𦐛𦔬𦕙𦣒𦼫𧄒𧊛𧕎𧝔𧲵𧾱𨎶𨐣𨞙𨼫𨼽𩇐𩉿𩢳𩧘𩴹𩵅𩽩𩿥𩿩𪀊𪁖𪄊𪆂𪉌𪌆𪍸𬸱𰬆𰺁𱌁]→qú; • … • [㖐㙔㛱㞇㞑㠕㨊㬙㭏㱬䃬䇻䈧䍴䍷䞔䦱䪘䬿䵋亹伟伪偉偽僞儰厃壝委娓寪尾屗崣嵔廆徫愇捤撱斖暐梶椲洧浘濻瀢炜煒猥玮瑋痏痿磈緯纬腲艉芛苇荱萎葦蒍蔿薳諉诿踓鍡隗韑韙韡韪頠颹骩-骫鮪鲔𠆟𡂗𡷕𢊯𢯷𢸦𣨙𤁿𤛲𤸆𤺉𤼒𥊪𥒮𥯜𥯤𦇅𦢿𦾛𧐌𧲄𨗨𨝀𨟗𨪈𨵋𩏿𩗘𩜧𩟟𩲂𩹷𩼂𪭝𫁳𫇭𫢭𫹴𬀩𬉋𬙭𬱟𬱵𭏸𮧵𰉘𰌷𰣦𰾚𰿫𲈔]→wěi; • [㖒㡗㣢䅠䔶䚣䛱䨑䬫䬾䱱偍厗啼嗁崹徲惿提漽瑅碮禵稊綈緹绨缇罤苐荑蕛蝭褆謕趧蹄蹏遆醍銻鍗題题騠鮷鯷鳀鴺鵜鶗鶙鷤鹈𡰎𣄍𣖅𣖸𣸒𣹲𤗘𤚢𤟥𤟾𤭌𥉘𥳳𥶛𦌢𦻀𧀠𧀰𧋘𧔩𧙣𧡨𨠏𨪉𨴼𩋣𩛑𩛶𩝊𩿷𫘨𫛴𫛸𬲻𬶕𬶤𰨖𱉩𱊕𲈶]→tí; • [㖓㗢㢬䃔䆖䉺䞑䡌䡏䧆䨎䩑䪦䫹䫺䲨仜吰垬妅娂宏宖弘彋汯泓洪浤渱潂玒玜硔竑竤粠紅紘紭綋红纮翃翝耾苰荭葒葓蕻虹谹谼鈜鉷鋐閎闳霐霟鞃魟鴻鸿黉黌𠪷𠲓𡇳𡵓𢂔𢘌𢬀𤂲𤄏𥏕𥥈𦁷𦏺𦐌𧈽𧐬𧮴𨌆𨥺𨹁𨾊𩘎𫚉𫟄𫟹𬭂𬭎𬷾𮣳𰇖𰬋𱛒𲋎]→hóng; • … • [㖘㘰㲀䂦䃌䈯侦偵嫃寊帧帪搸斟栕桢桭楨榛樼殝浈潧澵獉珍珎瑧甄眞真砧碪祯禎禛箴籈胗臻葴蒖蓁薽貞贞轃遉酙針鉁錱鍼针靕鱵𠛶𠸸𡇑𡇖𡈿𡻈𣓀𣿎𤚨𥪘𦳳𦸮𧮬𨱅𩇜𪇳𪉕𮬤𰺖𰾗𲁉𲅗]→zhēn; • … • [㖩㞐㡹㪺䅕䝻䢸䪶凥匊娵婮居崌抅拘挶掬梮椐泃涺狙琚疽痀眗砠罝腒艍苴蜛裾諊趄跔踘鋦锔陱雎鞠鞫駒驹鮈鴡鶋𠟰𠤄𠮑𠰾𡨢𡫬𡱾𡸘𡸨𣻐𥇛𥘮𥪏𥷚𦀣𦛓𦜛𦱅𧵞𧹕𨁺𨛮𨧙𨨠𩋜𩍔𩍸𪂓𪗖𬶋𱉘𱊌𲈈]→jū; • … • [㗅㪶㯛㽇㾰䁫䈸䉿䊀䎁䚛䞱䠒䧼䩴䭅䭌䭍喖嘝囫壶壷壺媩弧抇搰斛楜槲湖瀫焀煳狐猢瑚瓳箶糊絗縠胡葫蔛蝴螜衚觳醐鍸頶餬鬍魱鰗鵠鶘鶦鹕𠴱𡍐𡰅𡹹𢉢𢎵𢏯𢑹𢪏𣄟𣎚𣙶𣛫𣝗𣫈𣹬𤌍𤘵𤝘𤞲𤭱𤾅𥂤𥐿𥰪𥶜𥷆𥾨𦊧𦏗𦖼𦗣𦧘𦴉𦷳𦺟𧇰𧍵𧛞𧞒𧣼𧲥𧹾𧻰𨍲𨢋𨣗𨴬𩑶𩢪𩨔𩰯𩱍𩵬𩾻𪂒𪏻𪕉𪕮𪕱𪙈𫗫𫛷𬲾𬶞𱇓𱝴𲈋]→hú; • … • [㗌㗧㘉㛿㜱㝂㣥㨁㨖㴛㿃䄺䆈䇧䉅䉜䎺䏯䐭䑇䓌䕌䘭䚦䚳䝰䞃䡹䥍䦯䩢䬹䭁䱃䱥䲀乿俧偫傂儨制劕厔垁墆娡寘峙崻帙帜幟庢庤廌彘徏徝志忮憄懥懫扻挃挚掷搱摯擲擳旘晊智柣栉桎梽楖櫍櫛治洷滍滞滯潌瀄炙熫狾猘瓆畤疐痔痣礩祑秩秲秷稚稺穉窒筫紩緻置翐膣至致芖蛭螲袟袠製覟觗觯觶誌豑豒豸貭質贄质贽跱踬躓軽輊轾迣郅銍鋕鑕铚锧阤陟隲雉駤騭騺驇骘鯯鴙鷙鸷鿵𠊤𠊷𠋤𠍜𠓶𠘖𠚅𡀹𡂒𡍶𡏚𡑘𡖧𡠗𡠹𡮞𡽆𢄢𢄱𢅁𢊁𢍧𢐂𢕞𢖇𢖿𢙺𢚨𢡒𢧤𢯶𢴠𢴧𢻙𣗻𣥰𣨋𤆒𤓕𤖞𤛱𤞂𤞌𤦄𤦮𤧜𤴛𤴟𤴢𤿙𥇕𥍭𥎹𥏄𥏊𥏰𥏷𥒓𥠈𥠽𥣮𥭡𥴒𥹩𥿮𦃘𦛧𦜋𦟔𦤻𦥎-𦥐𦭮𦯯𧙁𧠫𧣭𧣾𧤡𧨰𧫡𧸲𨁷𨃯𨆧𨎉𨑨𨒉𨖹𨟊𨡐𨧵𨫔𨻆𨿛𩊝𩊴𩋩𩧄𩷓𩹈𩻼𪁊𪁓𪁩𪏀𪗻𫐋𫔵𫘠𫞢𫟬𫪪𬃊𬘽𬢌𬣛𬨕𬺁𮉢𰊂𰑬𰓜𰛤𰧉𰬫𰵧𱀑𱃸𱅊𱇹𱉛𲇽𳎖]→zhì; • … • [㗔㩃㩷㪠䀒䇂䉦䙴䞿仟佥僉兛千圱圲奷婜孯岍悭愆慳扦拪掔搴撁攐攑攓杄檶櫏欦汘汧牵牽瓩竏签箞簽籖籤粁臤芊茾蚈褰諐謙谦谸迁遷釺鈆鉛鏲钎铅阡雃韆顅騫骞鬜鬝鵮鹐𠑲𠔺𠠃𠬾𢃥𢋔𢌍𢍱𢜩𢧥𣘝𣟋𣢬𣢲𤠿𤿷𥏥𥜴𥱺𥲢𦖎𧘜𧛓𧟑𧢞𧮮𧲀𧽐𨐋𨐩𨓲𨝍𨦄𨨘𩋆𩨓𩪢𪇇𪉻𫓪𫖶𫣛𫽥𰀡𰔲𰗬𰾑𱁶𱆀𱆁]→qiān; • … • [㗘㟑㩧㩭㪍㬍㬧㴾㶿㹀㼎㼟㼣䂍䊿䌟䍸䑈䗚䙏䞳䟛䢌䢪䥬䪇䪬䬪䭯䮀䯋䰊䳁䵗䶈亳仢伯侼僰勃博嚗帛愽懪挬搏桲欂浡淿渤煿牔犦犻狛猼瓝瓟礡礴秡箔簙肑胉脖膊舶艊苩萡葧蔔袯袹襏襮豰踣郣鈸鉑鋍鎛鑮钹铂镈餺馎馛馞駁駮驳髆髉鲌鵓鹁𠧛𠮭𠷺𠸳𡋯𢐾𢠺𢣞𢩞𢫯𢺽𣋵𣛓𣧧𣭷𣽡𤃵𤒔𤗺𤚽𤶋𤾝𥜖𥭖𥴮𥹸𦃙𦈞𦋉𦤚𦤣𦯉𦰬𦼭𦽮𧇚𧟱𨈩𨍭𨏫𩃶𩄿𩌏𩍿𩏯𩓐𩗀𩗒𩗓𩙦𩟕𩣡𩱚𩷚𩽛𪌰𪍡𪙍𫗈𬮁𬹇𬺏𰾀𱃳𱅐𱅓]→bó; • [㗙䝙䢺出初岀摴榋樗貙齣𠁉𠰕𠿝𤙟𩙙𩨸𪁲𫩩𱌮]→chū; • … • [㗣㬱㯩䎮䙗䯜䶏䶑倜剃嚏嚔屉屜悌悐惕惖戻掦揥替朑楴歒殢洟涕瓋籊薙裼褅趯逖逷髰鬀𡲕𡲿𡸑𢝹𢞖𢧑𢳓𣜹𣤖𣧂𣨼𥉈𥡦𥫵𧛒𧝆𧝐𧨱𧼮𨲎𨲞𩬲𩮜𪍲𪕩𫪺𳑇]→tì; • … • [㗰㼻䉘䕺䳷丛从叢婃孮従徔徖從悰慒樷欉淙漎潀潨灇爜琮藂誴賨賩𠂥𠕁𠙂𠢛𠤰𡅇𡦷𡵷𢃏𣃗𣊷𤄓𥵫𦇱𧐱𧓏𨒀𩯍𫓽𫟡𫩛𬎧𬟺𰛏𰷥]→cóng; • … • [㘅㘋㛾㡉㢺㭹㮭㯗㰊㳄㳭㵪䕔䝨䦥䲗伭咸唌啣妶娴娹婱嫌嫺嫻弦憪挦撏涎湺澖甉痫癇癎瞯礥稴絃胘舷藖蚿蛝衔衘誸諴賢贒贤輱醎銜鑦閑閒闲鷳鷴鷼鹇鹹麙𠓌𠛑𠷢𠿢𡫹𡰲𡿤𢅮𢎙𢐐𢖋𢛆𢮂𣊺𤉌𥲋𥻧𦎵𦑘𦠹𦱁𦽭𧂞𧈁𧼏𨺘𩝈𩤥𩤦𩦂𩱆𪂶𪔩𫍯𫔮𬑗𬜾𮬣𰑥𰛵𰣯𰥨𰧇𰬈𱣡𲍻]→xián; • … • [㘌㜘㞫㠪㨿㩀㬬䀠䈮䛯䣰䱟䵕䶙乬俱倨倶具冣剧劇勮句埧埾壉姖寠屦屨岠巨巪怇怐怚惧愳懅懼拒拠据據昛歫洰澽炬烥犋秬窭窶簴粔耟聚苣虡蚷袓詎讵豦貗跙距踞躆遽邭醵鉅鋸鐻钜锯颶飓駏鮔𠉧𠙆𠚵𡒍𡥶𢚆𣍇𣶝𤔋𤖵𤢓𤷢𥂃𥉁𥬙𥲜𥴪𦊐𦗻𦟳𦼈𧂜𧝲𧣒𧣻𧲋𧸧𨝮𩉸𩜃𩤅𩧒𩰤𩴘𩿝𪀏𪁥𪧘𫎌𮣷𱅃𱈀𱖑𲌉]→jù; • … • [㘐㯡䶌奅泡炮疱皰砲礟礮麭𠣳𡧙𣕅𣚇𣶐𦠖𨋛𨣙𩂞𪿫𮮆]→pào; • [㘗㠊㭕㸖㻃䈌䒧䒼䓚䓛䖦䢗䧢伹佉匤区區坥屈岖岨岴嶇憈抾敺曲浀煀祛筁粬紶胠蛆蛐袪覰覻詘誳诎趋趨躯軀镼阹駆駈驅驱髷魼鰸鱋麯麴麹黢𡱅𡳆𢌷𢴮𢼰𣮈𥬔𥶶𥺷𥽧𦛕𦛱𦸶𧌑𧐅𧠢𧾶𨄅𨧱𨱊𨸟𩖷𩣹𩪍𪌬𪛃𪨰𫍮𫛵𬘛𬶬𰕅𰴜𰴞𱇜𱋐]→qū; • … • [㘫䜘丼井儆刭剄坓宑幜憬憼景暻汫汬璄璟璥穽肼蟼警阱頚頸颈𠑱𠭉𠭗𢹘𤰳𧑊𨙷𨥙𩻱𬶱𰽟]→jǐng; • [㘬㘭㜜㜩㠗㥿䐿䜒䫨䮯傲坳垇墺奡奥奧嫯岙岰嶴慠懊扷拗擙澚澳薁鏊隩驁骜鿫𢕟𢳆𤺾𥑑𩑍𩕀𩟇𩼈𬣦𬤡𱖎]→ào; • … • [㙅㻄䎂䭋䳈䳰䴐保堡堢媬宝宲寚寳寶怉珤緥葆藵褓賲靌飹飽饱駂鳵鴇鸨𠤏𡧖𤞥𨰦𨰻𩛞𩬽𩭼𪁣𬲺𱅀𲃄𲍹]→bǎo; • … • [㙓㙺䕫䖯䟸䤆䧶䳫喹夔奎巙戣揆晆暌楏楑櫆犪睽葵藈蘷虁蝰躨逵鄈鍨鍷頄頯馗騤骙魁𠊾𡌤𢌳𤵮𥜶𦝢𧍜𧡦𨾎𨾗𩕜𩠮𩲅𩲷𩵉𩹍𪆴𫛼𬸮𰊛𰾥𱂬𲈌]→kuí; • … • [㙜㞴㢮㮛䙙䜄䞾䪧䮈䶔䶵匙墀岻弛持歭池漦竾筂箎篪茌荎蚳謘貾赿趍踟迟遅遟遲馳驰𡂙𡉪𡌞𡎍𢓎𢔊𣉄𣲋𣹡𤈔𦐁𦑡𦱰𦳚𦵟𧋗𧎨𧛺𧭟𧺏𨘾𨨲𩚉𪌫𪏐𬳾𰶈𰷢]→chí; • [㙡㚇㣭㨑㯶䁓䈦䑸䗥倧堫宗嵏嵕嵸惾朡棕椶潈熧猣磫稯綜緃緵繌综翪腙葼蝬豵踨踪蹤鍐鑁騌騣骔鬃鬉鬷鯮鯼𠕌𠵻𡕰𡞧𡵝𣯨𥍺𥓻𥚾𦡙𧺣𧽵𧿛𨌰𨺡𩦲𩮀𩰽𪖁𫎆𭎂𮪣𰬯𰲯𰾞𱇾𱈅]→zōng; • … • [㙮㿴䌋䐛䪚咑哒嗒噠墶搭撘笚耷荅褡鎝𠞈𠹥𡉑𡍲𡐿𦈘𦖿𦗧𦞂𨨹𨱏𩝣𬭞𬳉]→dā; • … • [㙷㜼㥀䐈䟈䵂侄値值嗭埴執墌妷姪嬂慹执摭植樴殖淔漐犆瓡直禃絷縶聀职職膱蟙跖踯蹠躑軄釞馽𡁉𡂣𡈊𡌴𡏀𡖻𡰹𡸜𢃜𣖭𣖿𣳀𣽚𤃲𥏅𥮖𦳮𧀿𧃐𧏸𧓸𧾂𨂂𨤱𨼓𩯈𪗨𪙹𰑔𰛣𱅁𱋪]→zhí; • … • [㙹㠓㩚䀄䇇䉚䑃䑅䒐䗈䙦䙩䟥䤓䥰䰒䲛䴌䴿䵆儚冡幪懞曚朦橗檬氋溕濛甍甿盟瞢矇矒礞艨莔萌蒙蕄蘉虻蝱鄳鄸霿靀顭饛鯍鸏鹲鼆𠐁𠐧𡚔𢄐𢟼𢤘𢿂𣊔𣞑𣰥𤼁𥄁𥌯𥌱𥣛𥭮𦆟𦊽𦢧𦫰𦱋𦳶𦴔𦷹𦿏𧀆𧁊𧂛𧂡𧞑𧭊𧲍𨞫𨢊𨢠𨣘𨨸𨼿𩄖𩟞𩦺𩴲𩶡𫑡𬴌𰰡𰱉𱄈𱈛𱋮𲎈𳎙]→méng; • [㙻㢆㶣㺥䂁䜛䡲䣑䤫䧯䫮僝儃儳劖嚵壥婵嬋孱巉廛棎欃毚湹潹潺澶瀍瀺煘獑磛禅禪緾纏纒缠艬蝉蟬蟾誗讒谗躔鄽酁鋋鑱镡镵饞馋𡎻𢥋𢽝𣔵𣤱𤸦𦝟𧐲𧓋𧕃𧥓𧨗𧴃𧾡𨬖𨮻𨷭𨽊𩮏𩽝𪏁𪏂𪏋𪏦𪓄𪖎𪗂𪚃𫔏𫥎𮣴𰡔𰵭𱺦]→chán; • … • [㚂儾齉𠶬𡿝𢖧𦈃𧅺𧟘𨳆𱜀𱺰]→nàng; • … • [㚢奴孥笯駑驽𥤨𥱂𧗈]→nú; • … • [㚻㛷㦘㫷㮷䁶䂑䇫䐚䕤䗗䛴䟇丌乩僟击刉刏剞勣叽咭唧喞嗘嘰圾基墼姫姬屐嵆嵇撃擊敧朞机枅槣樭機櫅毄激犄玑璣畸畿癪矶磯禨积稘稽積笄筓箕簊緝績缉羁羇羈耭肌芨虀襀覉覊觭譏譤讥賫賷赍跡跻蹟躋躸鄿銈錤鐖鑇鑙隮雞鞿韲飢饑饥鳮鶏鷄鸄鸡齎齏齑𠀷𠋻𠍃𠔋𠚽𠟣𠴩𠷌𠼻𡇟𡫀𡳮𡿙𢁂𢆻𢡴𢨐𢩦𢼋𣇳𣪠𣬠𣰈𤋭𤌿𤳎𥘌𥝌𥡒𥨿𥫶𥰦𥳏𥺵𦌰𦠄𦳌𦺬𦼷𦿓𧐐𧗒𧫠𨅤𨊻𨍺𨐆𨮺𨲪𨳻𨹶𨻕𩉜𩐆𩚮𩜆𩠨𩨒𪅹𪌍𪔋𪲎𫌀𫓯𫓹𫟕𬆦𬭉𬭿𬯀𬹳𮷈𰇘𰣼𰳁𰽕𱊯𲃫]→jī; • … • [㛁㠮㧸䍬䥋䦕匉嘭怦恲抨梈漰烹砰硑磞軯閛駍𡼜𢏳𢼩𢽩𤘾𦚝𦯰𨑎𨠟𨺀𩱀𬳴𰹽𰿬]→pēng; • … • [㛒㢄䄈䇺䕆䛠䬦斗斣梪毭浢痘窦竇脰荳豆逗郖酘閗闘餖饾鬥鬦鬪鬬鬭𠁁𡂛𡂝𡆏𡙬𡟳𤀨𤅋𤞟𥥷𥺉𧮡𧯞𧱓𨪐𨴜𨶜𨹜𩊪𪐺𫔯𰵫𳈗𳋨]→dòu; • … • [㛣㜏䉙䢵云伝勻匀囩妘愪抣昀橒沄涢溳澐熉畇眃秐筠筼篔紜縜纭耘耺芸蒷蕓郧鄖鋆雲𠣐𡖒𣖆𤈶𥐩𥬀𧥼𧬞𧶊𨛡𰬚𲂄]→yún; • [㛦㧛㨫㩜㰖䌫囕壈嬾孄孏懒懶揽擥攬榄欖浨漤灠爦纜缆罱覧覽览醂顲𠓭𡒄𡓔𡽳𤑸𤣟𥦝𧮤𨎹𨣸𩟺𫝮𫶊𮰾𰈆𰌙𰜐]→lǎn; • [㛧䜱屘満满滿睌矕螨蟎襔鏋𥬈𥲈𦎌𧆏𧖵𩈦𩛎𬭮𬲴𰥠]→mǎn; • … • [㛪㢛㦔㬫㰽㷔㷳㷼䂩䛳䜩䞁䢭䨄䳛䳡䳺䴏䶫偐傿厌厭咽唁喭嚥堰墕妟姲嬊嬿宴彥彦掞敥晏暥曕曣椻溎滟灎灔灧灩烻焔焰焱熖燄燕爓牪猒砚硯艳艶艷葕覎觃觾諺讌讞谚谳豓豔贋贗赝軅酀酽醶醼釅隁雁餍饜騐験騴驗驠验鬳鳫鴈鴳鷃鷰𡚇𢇈𢔂𢜰𣃾𣄝𣡕𤅊𤜵𤬝𦁏𦑎𦖧𧩅𨁍𨡎𨡣𨪶𨴣𨶁𨻂𨻳𩃀𩒖𩜽𩩶𩪴𩳢𩸞𪁡𪑈𪙊𫍫𫑷𫘫𫛩𬸧𮭨𮳖𮹜𰟘𱅬𳎚𳐃]→yàn; • … • [㜃㜻㪝㱨㶑㼑僆堜媡恋戀楝殓殮浰湅潋澰瀲炼煉瑓練纞练萰錬鍊鏈链鰊𠋖𠒵𡆕𡟤𣞰𣟺𣿊𤒦𤗛𤹨𥽸𦣸𧍴𧡴𧸘𧽫𫌫𫎨𫔀𫢪𬋃𬶠𮸀𰛲𱬏𲇷]→liàn; • [㜆㨠㫘㳴㴵㵋㵥㸓䁇䈿䌏䌐䖑䛑䣾䤉䮭冖冪嘧塓宓宻密峚幂幎幦怽榓樒櫁汨沕泌淧滵漞濗熐祕秘簚糸羃蔤藌蜜覓覔覛觅謐谧鼏鿹𡊭𡲼𢆯𢞞𢱮𣓔𤛬𥁑𥉴𥉿𥧧𦣥𦸡𧐎𧕵𧱻𧵬𧶡𧷦𧼊𧽨𨢎𨣯𪅮𪑸𪒄𫌪𬘮𬵨𰶨𱺫𲁑]→mì; • … • [㜓㩉㾑㿯䃮䵣剳匒呾垯妲怛沓溚炟燵畗畣笪答羍荙薘蟽詚躂达迏迖迚逹達鎉鐽靼鞑韃龖龘𠉤𡈐𢘇𢛁𢝉𣸉𤝰𤨑𥉌𦂀𦑻𦪭𦬹𩏒𩟐𩠅𩣯𩭣𫟼𬊉𬜔𰲻𰾬𱍂]→dá; • [㜕㝺㟀㡘㢘㥕㦁㶌㺦㼓䁠䃛䆂䏈䙺䥥䨬䭑亷劆匲匳嗹噒奁奩嫾帘廉怜慩憐梿槤櫣涟溓漣濂濓瀮熑燫磏簾籢籨縺翴联聨聫聮聯臁莲蓮薕螊蠊裢褳覝謰蹥连連鎌鐮镰鬑鰱鲢𠔨𢅏𢅖𣀃𣝈𣾍𤣆𤬓𤾲𥖝𥲥𦆆𦈐𦔖𦖾𧐖𧡙𨎷𨏩𨏶𨬁𨽷𩄡𩞙𪍴𪐋𪐍𪖳𪚁𪛒𫅼𫗱𬣽𮱇𰬾𰸔𰾮𱋬𱘉𲶓]→lián; • … • [㜝㽢俺唵埯揞罯銨铵隌𠉬𤃷𤜁𥦍𦺽𩅝𩈴𱨿]→ǎn; • … • [㜴㝱䓝䠢䥂夢夣孟梦癦霥𠖆𠵼𡒯𡬌𣽭𥉕𧀧𨮒𩆽𪅇𪇓𪈆]→mèng; • … • [㜾䠽䯐䱺嚡孩还還頦骸𠹛𧻲𧽊𧽖𩠚𩰶𫩯]→hái; • … • [㝄㝇㵮㸪䓐䔚䣨䣩䥎䫃唇浱淳湻滣漘犉純纯脣莼蒓蓴醇醕錞陙鯙鶉鹑𡗥𣌠𣘣𣮢𤘛𦎧𬭚𳎜]→chún; • … • [㝌㠇㩆㲃㺩䅢䆒䊆䊘䛮䬨䳎倃僦匓匛匶厩咎就廄廏廐慦捄救旧柩柾桕欍殧疚臼舅舊鯦鷲鹫麔齨𠃺𠙔𠜃𠣿𡆥𢑇𢽭𣐤𤷑𥆷𥘦𦠢𦭻𧡑𧫾𧾻𨖏𨘂𨘮𩒦𩢹𩶧𱇼]→jiù; • … • [㝕㲰䆨䗿䭢儜凝咛嚀嬣宁寍寕寗寜寧拧擰柠檸狞獰甯聍聹苧薴鑏鬡鸋𡫃𣍆𤕦𤹧𤻝𥣗𥧤𦡼𧃱𧕝𧭈𪥰𫍾𫛢𬬾𬲲𮫂𰚔𰣩𲂇]→níng; • … • [㝟㮘㲠䅦䭷兞堥旄枆毛氂渵牦犛矛罞茅茆蝥蟊軞酕錨锚髦髳鶜𡹰𣬵𣭮𣹪𤛖𤝄𥎟𧍟𧐟𧒚𧓿𧔨𨈥𨥨𨦜𩬞𩭾𫓴𬨁𳌗]→máo; • … • [㝯䀉䎗䩌䱁乔侨僑喬嘺嫶憔桥槗樵橋櫵犞癄瞧硚礄荍荞菬蕎藮谯趫鐈鞒鞽顦𡰑𢘟𣯹𥁢𧄍𨅣𨝱𪡀𪺭𫓱𫚏𰷶𱂻]→qiáo; • … • [㝻㯸㹏䌍䒺䤐䥆䭙仅侭僅儘卺厪堇嫤尽巹廑槿漌瑾盡紧緊菫蓳謹谨錦鏱锦饉馑𢬬𣝌𥖜𥯑𨚡𪏴𰗦𲈗]→jǐn; • … • [㞀㧑㫎㷇㹆㾯䖶䜐䝅咴噅噕婎媈幑徽恢拻挥揮撝晖暉楎洃瀈灰灳烣煇睳禈翚翬蘳袆褘詼诙豗輝辉隓隳鰴麾𠓊𠯠𡒾𡯥𢀡𢊄𣄓𤕚𤟤𤾈𥃌𥌍𦭹𧉇𧗼𧳐𨦗𩻟𪀬𪈑𪏏𪑀𪖕𪸩𫝨𰗢𰝍𰡋𱈑𱳢𳎓]→huī; • … • [㞏㡇㢎㪿㭙㭯㯙㯰㸞䇽䊞䐑䐲䓆䜆䝃䝕䮰厇哲啠喆嚞埑悊折摺晢晣歽矺砓磔籷粍虴蛰蟄袩詟謫謺讁讋谪輒輙轍辄辙銸馲鮿𠚱𠝝𠞃𠯓𠽻𠾀𡇠𡘭𡜯𡝊𢟯𢢍𢫰𢬴𣙵𣠞𣻩𤜤𤟍𤮱𥏯𥐽𥕣𥛧𥤋𥧮𦅄𦔮𦗑𦗗𦞥𦠣𦬃𧎴𧑧𧤠𧲢𨅊𨐃𨵊𩊵𩐶𩢐𩣩𪐏𪚥𫘮𫚚𬥄𰺋𰽿𱄽𲅃]→zhé; • [㞓㞚㣬䀙䁈䁉䅤䌌䏅䏌䏠䒗䔾䙄䚉䚍䟄䢀䫔䰴呚呮咠唭噐器夡契弃忔憇憩摖暣栔棄槭欫气気氣汔汽泣洓湆湇炁甈盵矵砌碛碶磜磧磩罊芞葺蟿訖讫迄鼜𠊔𠴹𡍪𡢖𡹓𡹩𡻧𡻰𡽼𢍆𢔆𢔠𢜱𢞒𢢖𢢞𢺵𣔘𣫱𣾤𤺗𤼅𥀻𥄜𥉻𥌁𥓾𥷇𥽳𦈦𦘸𦙊𦚊𦛰𦡹𦧉𦧯𦩣𦪊𧇜𧘧𧙞𧚨𧡘𧻕𧼕𧽓𨁐𨊰𨑤𨒅𨵆𩧌𩨘𪔪𬢐𬮩]→qì; • … • [㞲㶲用砽苚蒏醟𡵜𥁎𥥝𧙇𨶽𩬮]→yòng; • … • [㞺㰵㵀䚝䯿䱣傶卆卒哫崒崪族箤足踤踿鏃镞𠻏𡻬𢅪𢫵𢳈𣢰𣤶𣨛𤬧𤽱𥞯𥣆𥼀𦑋𧎲𧐈𧑙𧗎𧞰𧺒𨃭𨄕𨧰𨨳𨩰𩐡𩥿𩩠𩺯𪋍𪘧𫟽𫟾𬅲𬺋]→zú; • [㞼㲂㼩䁎䄇䆑䆵䇸䚘䧕䫆䮪丞乗乘呈城埕堘塍塖娍宬峸惩憕懲成承挰掁晟朾枨棖椉橙檙洆溗澂澄瀓珵珹畻碀程窚筬絾脀脭荿裎誠诚郕酲鋮铖騬鯎𠕠𠳽𡝚𢐞𢻓𢾊𢿦𢿧𣀏𤆁𤗓𤿣𥢲𥥱𦦢𧶔𧹓𨁎𨅝𨌤𨞐𨹚𩙆𩤙𩨆𩫹𩯎𪁋𰓄𰬖𱅢𱖷𱴇𲍒]→chéng; • … • [㟂䥈亩坶姆峔拇母牡牳畆畒畝畞畮砪胟踇鉧𠺖𢟨𤝕𤵝𧩒𧬏𧰷𧿹𨈶𩡨𩬍𪎫𬭁𭈈𳇰]→mǔ; • … • [㟝㯁䣙䫊培毰裴裵賠赔锫阫陪𣬆𣯱𤗏𦸪𧳏𧴥𨓿𨛬𩑢]→péi; • [㟞㺘㻵䋎䗃䘺䪌䱠佔偡占嶘战戦戰栈桟棧湛站綻绽菚蘸虥虦覱譧輚轏驏𡁳𡓦𢈽𢤚𢧐𣳤𤖆𤜇𧀡𧂁𧙭𧝑𧮺𧸪𨇩𨼈𨼮𩆯𩥇𩨍𩰃𪗦𪘪𬘜𬥿𬸵𰊅𰲠𰲳𰹼𰺞𱔯𲂕]→zhàn; • … • [㟶㥳㹉䖠䦾䬧䱲䲮䳒䳣元円原厡厵员員园圆圎園圓垣塬妧媴嫄援杬榞榬橼櫞沅湲源溒爰猨猿獂笎緣縁缘羱茒蒝薗蚖蝝蝯螈袁謜貟贠轅辕邍邧酛鈨鎱騵魭鶢鶰黿鼋𠝳𠩠𢆀𢗯𢷻𤬌𥰟𦍼𦿂𧉗𧔞𧳭𧻚𨕗𨸘𨻣𩉯𩍻𩰵𩵶𪄁𪔅𪕀𫗟𫘪𫛫𮷸𰵺𱇐𱊒𱠸𲍉]→yuán; • [㟷瘩繨跶𫄤]→da; • [㟺㡞㥪㲎㺏䄛䝏䣚䫫䮫䱾偻僂剅喽嘍娄婁廔慺楼樓溇漊熡耧耬艛蒌蔞蝼螻謱軁遱鞻髅髏𠞭𠳴𡇭𣫻𤋏𤠋𤬏𦎹𧁾𧢃𧰃𧷡𨻻𩏝𩨇𪣻𫍴𫐷𫦉𫷹𰏜𰭚𰰑𰴚𰶬𱁺𱈆𱰆𲃅𲋀]→lóu; • … • [㟽㠒㯹䔸婊檦脿表裱褾諘錶𢅚𥘤𧝪𰾍𲂏]→biǎo; • … • [㠉㠽㤏㸗㼧㼿䂈䆚䮵䳋䴀䶱仝佟僮勭同哃峂峝庝彤晍曈朣桐橦氃浵潼烔燑犝狪獞眮瞳砼秱穜童筩粡膧茼蚒詷赨酮鉖鉵銅铜餇鮦鲖𠖄𡦜𢈉𢏕𢓘𣑸𣪯𤱇𥩌𥫂𦏆𦒍𦨴𧇌𧊚𧋒𧋚𧌝𨚯𨜳𨝯𨠌𩍅𩩅𩻡𪀭𪆏𫍣𰽶𱍇𲎆𳐔]→tóng; • … • [㠛㱧䀑䁊䠎䮸仴偓卧媉幄捾握擭斡枂楃沃涴渥濣焥瓁瞃硪肟腛臒臥雘齷龌𠿟𡎔𣁳𣂽𤆏𤡓𤻌𥄗𥪍𦤨𦯏𦰖𦳹𦷵𧤒𧥋𨌝𩈱𩐦𩟓𩷯𪁕𪎤𬳸𲍼]→wò; • … • [㠲㪏㻶䃾䏢䘡䣥佊俾匕吡啚夶妣彼朼柀比沘疕秕笔筆箄粃聛舭芘貏鄙𠐌𠛡𠧅𠬈𡳄𢩒𢳋𣔓𤹦𤽊𦸣𨅗𨟵𪌄𪐄𪼋𮅆]→bǐ; • … • [㠺㲚㸺䤬乷刹剎唦杀桬榝樧殺毮沙煞猀痧砂硰粆紗纱莎蔱裟鎩铩魦鯊鯋鲨𡺧𢅑𢩖𢶌𢼵𣉜𣛶𣡽𣲓𣲡𣶤𣻑𤍁𤑣𦀛𦕉𦭉𦱵𧋊𨪍𩊮𩮫𩵮𪄅𪌮𫚌𬂮𬡕𬮪𬸌𭰒𰰵𰾈𰿳𱋘𲍔]→shā; • … • [㠿㰣㽧㿳䅔䆅䎩䖪䣎䰵乲兹咨嗞姕姿孜孳孶崰嵫栥椔淄湽滋澬玆璾禌秶稵粢紎緇緕缁茊茲葘觜諮谘貲資赀资赼趑趦輜輺辎鄑鈭錙鍿鎡锱镃頾頿髭鯔鰦鲻鶅鼒齍龇𠀢𡗈𡙛𡸟𢱆𣚀𣚁𣣊𣥨𣯃𣳩𥀖𥕁𥚉𥻍𥼩𥼻𦖺𦺱𧀗𧕓𧛏𧣤𧥕𧹌𧿞𨀥𨍢𨚖𨝳𨩲𩄚𩜊𪅵𪑿𪕊𪗉𪗋𪗐𫚤𫞚𰨳𱊎𱌘𱌙𱰭𱳞𱹼]→zī; • … • [㡋㱌䓉䥺捓揶擨爷爺耶釾鋣鎁铘𣚋𣩯𤑷𥯘𦕆𦰳𨈺𩸾𲈍𳎝]→yé; • … • [㡑㤍䂭䫞䯨䵲劁墝墽嵪幧悄敲橇毃燆硗磽繑缲趬跷踍蹺郻鄡鄥鍫鍬鐰锹頝骹𠏖𡌔𡩇𢄹𢐟𢮉𢻤𢿣𣂇𣖄𣜽𣦜𥉾𥟅𨃤𨜑𨞶𩖇𩨟𫭪𮱵𮳧𰬐𰷵𰻮𲈞]→qiāo; • [㡒宒窀肫衠諄谆迍𥇜]→zhūn; • [㡓㱎䐊䖵䪲坤堃堒婫尡崐崑昆晜潉焜熴猑琨瑻菎蜫裈裩褌貇醌錕锟騉髠髡髨鯤鲲鵾鶤鹍𠚯𡖉𥊽𥚛𦌸𧥊𨱙𩓽𩻋𩽞𪋆𪻲𫘥𫷅𱉱]→kūn; • [㡕䁐䓨䣐䦫䧹䪯䴍偀啨嘤嚶婴媖嫈嬰孆孾应応愥應撄攖朠桜樱櫻渶煐珱瑛璎瓔甇甖碤礯緓纓绬缨罂罃罌膺英莺蘡蝧蠳褮譍譻賏軈鍈鑍锳霙韺鴬鶑鶧鶯鷪鷹鸎鸚鹦鹰𠠜𠮳𠸄𡎘𢄋𤜉𤣎𤭫𥌽𥌾𥍼𥐑𦔃𦦿𦭬𧓀𧕄𧢛𧮆𧯀𨍞𨟙𨵛𩄪𩹅𪧀𫝭𬢯𬤚𬸕𮐨𮹘𰌀𰡢𰢤𰳗𱩂𲂻𲎀]→yīng; • … • [㡱久乆九乣奺杦氿汣灸玖紤舏酒镹韭韮𠛩𠜉𠴄𡚮𣲄𤉥𨾉𨾞𱺓]→jiǔ; • … • [㡾㦑㦓㪇㬗㺌㽉䁂䃱䃸䉯䏹䐄䙹䤼䦘䧟䧮䨘䨷䱤䵇䶟僩僴县咞哯垷壏姭娊娨宪岘峴憲撊晛橌橺涀瀗献獻现現県睍粯糮絤綫線縣线缐羡羨腺臔臽苋莧蜆誢豏鋧錎限陥陷霰餡馅麲鼸𠚆𠜎𠯟𡐖𡒓𡞣𢋮𢕭𢖝𢚀𣆕𤁦𤑃𤟅𥓒𥙆𥦶𥰳𥻇𥽏𦋈𦩢𧠒𧻒𧾨𨍒𨏥𨐊𨖱𨘙𨘞𨵬𨸄𩤊𩦹𩧩𪎉𪭾𪾢𬀪𬖑𬖮𬘟𬭣𬮵𮳏𮸠𰂋𰂎𰉚𰊑𰹾𰽢𱇻𱣤]→xiàn; • … • [㢍㲟㹵䀴䚆䨍䬬䭊䭗䭘巊廮影摬梬浧潁瘿癭矨穎郢鐛頴颍颕颖𠝟𡂚𣟤𣤵𤁽𤌌𥏎𦡺𦢆𨠸𩖍𩘑𩳍𪊵𪩎𫷾𬑏𬢑𬳑𱃵𲈚𳋎]→yǐng; • … • [㢡㯍䁰䉃䋌䒂傋奖奨奬桨槳獎耩膙蒋蔣講讲顜𡏞𡑶𣫳𤖛𥷃𩌾𬌒𱂴𱴘]→jiǎng; • [㢣㣏㬌䔔䝼䵞俓倞傹净凈境妌婙婧弪弳径徑敬曔桱梷浄淨瀞獍痉痙竞竟竧竫競竸胫脛誩踁迳逕鏡镜靓靖静靚靜𠇹𠗊𠗌𠦋𠲮𠷐𣐕𣬙𥅸𥯙𥶹𦥍𦳲𨵼𩃋𩇕𩓞𩰰𩰹𲂍]→jìng; • … • [㣌㣣㪨䄠䚲䡪䥇䦂䦅䱇䱉䴮傓僐剡善墠墡嬗嶦扇擅敾椫樿歚汕潬灗疝磰繕缮膳蟮蟺訕謆譱讪贍赡赸鄯釤銏鐥饍騸骟鱓鱔鳝𠚹𠫹𢕻𢩢𢫔𣓒𣩧𤮜𤺪𥔱𥰢𥸣𦍸𦘹𦶋𧎥𧭽𧷶𩟋𩦐𪍶𫍸𫟶𫮃𬶛𬹎𱇞𱋆𱖒𲌊𳋱]→shàn; • … • [㤃埅堏妨房肪防魴鰟鲂𩗧𩷸]→fáng; • … • [㤎䔅仡割咯哥圪彁戈戓戨搁擱歌滒牫牱犵疙肐胳袼謌鎶餎饹鴐鴚鴿鸽鿔𠛊𠯫𠸲𠺝𡟍𢎄𤇞𤜊𤭻𦨜𧎺𧗶𨝆𨟶𨾓𩢅𩾷𪀁𪀉𪃿𬤐𬸂𬸠𱉕]→gē; • … • [㤚䀪䘕䲳垳斻杭笐筕絎绗航苀蚢裄貥迒頏颃魧𤼍𦐄𦨵𧘃𧦑𨁈𨾒𪗜𬹽𱇘𲀟]→háng; • [㤛䋻䚾囜您脌𠽝]→nín; • [㤝㳘䂌䆔䆹䘪䝑䡴充冲嘃徸忡憃憧摏沖浺珫罿翀舂艟茺衝蹖𠝤𠟍𢘷𢥞𥁵𥫯𥭥𦟛𧐍𧘂𧝎𧩃𨈮𨤩𨳁𩥫𩬤𩰀𪄻𪅈𪅖𪎽𪒒𬸥𰺝𱖧]→chōng; • … • [㤠㧜㬯㭞㭩㯿㲱㸹㼲㽟䁽䅀䉭䋑䜲䝓䟹䪉䴕儠冽列劣劽哷埒埓姴峛巤挒捩擸栵洌浖烈烮煭犣猎猟獵睙聗脟茢蛚裂趔躐迾颲鬛鬣鮤鱲鴷𠛱𠠗𡁓𡂏𡂩𡊻𡏵𡒏𡓍𡭣𡿩𡿪𢣓𣁷𣁻𣋲𣖊𣝚𣰌𤁯𤐱𤓿𤖺𤜓𤞊𤡕𤢪𤱃𤱛𥩺𥪂𥲁𥶢𥷨𥸸𦓤𦖩𧀨𧓐𧞕𧭌𧭞𧰠𨆍𨕜𩆣𩙑𩢾𩧆𩧮𩨐𩭌𩼭𫚓𫚭𰬃𱃘𲂗]→liè; • … • [㤨㧬㫒㭟㺬㼦䂬䡗䱋巩廾拱拲栱汞珙輁鞏𢀜𢸁𤨶𤬳𥧂𥨐𦈩𦓳𨋑𨣂𩌌𫋐𬨆𰺄𲍎]→gǒng; • … • [㤳北鉳𧉥𧋲]→běi; • … • [㥆㷟侻娧煺蛻蜕螁褪退駾𠺙𢓇𢠮𤍐𥲣𦖦𦜄𩳕𱅙]→tuì; • … • [㥎䅘䋱䠭䧒來俫倈婡崃崍庲徕徠来梾棶涞淶猍琜筙箂莱萊逨郲錸铼騋鯠鶆麳𠎙𢑬𣖤𤢗𤦃𤲓𥟂𦓹𧯲𧳕𧳟𨂐𪎌𪑚𫏌𫝫𫷬𬩾𬹗𭻔𮵱𰡎𱅕𱇭𱉵𱺜]→lái; • … • [㥲䀼䐜䑣䚀䠳嗔抻捵琛瞋綝縝諃謓賝郴𣞟𤝚𤟸𤡳𥞁𦁄𦁟𧡬𨻖𨼌𩅌𩇖𫎩𬘭𰬙𰵱]→chēn; • … • [㦃㯆㹌㹽䐮䑎䤘䥀䩶䵐丳产冁剗剷啴嘽囅嵼幝摌斺旵浐滻灛燀產産簅繟蒇蕆諂譂讇谄辴鏟铲閳闡阐骣𠁷𠋷𠐩𠑆𠑑𠑡𠹖𡍌𡶴𢁧𢱟𢷹𣃘𤚍𤯥𦆀𦈎𦢙𦸰𧈪𧬦𨄉𨇝𨔢𨩪𨪑𨲵𨼒𩝚𩥮𪙞𫞣𫟠𬊤𬡻𬤛𬳲𬺅𰗡𰸎𱋴𱐙𳈑]→chǎn; • … • [㦿㧄㹂䇜䭤凵嗛嵰槏浅淺繾缱肷脥膁蜸譴谴遣鑓𠊭𠋵𠳋𡒌𢮄𣍰𣓅𥦃𥧬𥳐𦅋𧥛𧪯𨗦𨺫𩑳𩒣𪘦𬙃𰲮𳋲]→qiǎn; • [㧁㫢㰦䁦䠐刞厺去呿唟耝覷觑趣迲閴闃阒麮鼁𠇯𤙏𩿟𱋋𱋿]→qù; • … • [㧥㫫㬎㭠㶍㿅䗾䘆䚚䜢䢾䥪䧋冼尟尠崄嶮幰搟攇显櫶毨灦烍燹狝猃獫獮玁禒筅箲藓蘚蚬譣赻跣銑鍌险険險韅顕顯𠠁𡗏𡸃𡽗𡾮𢁗𢥌𢷑𣕎𣟲𣭡𤓤𤞤𤼂𥜲𦭶𧕇𧖙𨙡𩏩𩨡𩶤𫷉𬃫𮸗𰝟𰝤𲊿𲍏]→xiǎn; • … • [㧲䉈䊉䫩仐伞傘糁糂糝糣糤繖鏒鏾饊馓𡙘𢕕𥒬𦷻𦺻𩀲𩀼𩞀𫔌𬭝𬱬𰬷𱝳]→sǎn; • … • [㨪㿠䁜䌙愰曂榥滉皝皩鎤𥫼𨉁𲈒]→huàng; • … • [㨷㬐㬜㯲㱈㴆㶦㶳䀆䆮䋮䑤䗯䝲䫴䶖伒僸凚劤劲勁唫噤嚍墐壗妗嬧寖搢晉晋枃歏殣浕浸溍濅濜烬煡燼琎瑨璡璶祲禁縉缙荩藎覲觐賮贐赆近进進靳齽𠞱𠞾𠢱𠢵𠬶𠾤𠾬𡋤𡢳𡥧𡺽𢉅𢙿𢬶𢱷𢽖𣓏𤄼𤘡𤧫𤵞𥧲𦎷𦧈𦽔𧔷𩖗𫩺𫪽𬺔𮱁𰷧]→jìn; • [㨽㳪㵨㿙䏘䑀䑄䠘䡟䡶䤨䴙僻嚊媲嫓屁揊淠潎澼甓疈睥稫譬辟釽闢鷿鸊𠪮𠯔𠯭𢾇𣹚𣹮𤂃𤖿𤘤𤚪𦤢𧾑𨐴𨵡𨵩𨸆𨺤𩜰𪇊𪖞𪛎𬨌𬨔𬸯𰿾]→pì; • … • [㩔㹠㼊坉屯忳臀臋芚豘豚軘霕飩饨魨鲀𠭿𡉒𥴫𥸵𦍓𦜴𦟓𧰭𨙲𨳘𩂄𩖤𪌋𪎴𪎶𰹸𲍛𲍭]→tún; • … • [㩛䊜剸团団團慱抟摶槫檲漙篿糰鏄鷒鷻𡁴𣏢𣑝𣶣𧐕𧓘𧽢𨪒𩃘𩘯𩜵𩠊𩠹𪈋𬇘𬦆𰄞𰑁𰩮𰪫𰪶𱉏𲇲𳐓]→tuán; • … • [㪘㯬㰈㰸䌞嬚摙敛斂琏璉羷脸臉蔹蘝蘞裣襝鄻𠗳𤑿𤼏𩟅𪍦𫽁𬘪𱧚𲎑]→liǎn; • … • [㪽㮦䂹䅴䈗䖛䞆䞽䣔䵀乺唢嗩惢所暛溑溹琐琑瑣璅索褨鎈鎍鎖鎻鏁锁𠋲𠝿𠞯𠩄𡩡𡱳𢚭𢱡𢱢𤸴𤺫𥔭𥰼𦅊𦵫𧎫𧎳𧛻𧴪𧴲𨻈𨻨𩋝𩌆𩌈𩘝𩙭𩪈𩮛𩹳𪍔𪍟𪍨𫔅𫠦𫦁𫼶𬭲𭕆𰬱𲂺]→suǒ; • … • [㭌䋷䏬䗋䥐䱕侔劺恈洠牟眸瞴繆缪蛑謀谋踎鉾鍪鴾麰𠥨𢃱𣫬𥿵𦭷𧈟𧎄𨴍𩢫𩶢𮮇𱉲]→móu; • … • [㭫㽨㿷䑘䠡䣜䰈䴾嵯嵳痤睉矬蒫蔖虘躦鹺鹾𠦏𣖵𣩈𨇃𩄝𪘓𬺇𱋧]→cuó; • [㭭㸭㺴㿬䰾丷仈八叭哵夿岜峇巴巼扒捌朳柭玐疤笆粑羓芭蚆豝釛釟魞鲃鿱𠛋𠵺𡚭𢠭𢻷𣬶𤜱𤣸𤤒𦓧𧎱𧲧𨊹𩚥𩠀𩡩𫓥𫜨𰹻𰽖]→bā; • … • [㮡㴦䎚䗰䙛䙮䝺丱悹悺惯慣掼摜樌欟毌泴涫潅灌爟瓘盥矔礶祼罆罐貫贯躀遦鏆鑵雚鱹鸛鹳𠬆𣥥𣩔𣬂𤼐𥉀𥊫𨝑𨱌𪈸𬦻𬶺𰭄𱾆𲈡]→guàn; • … • [㰞㷰㺈䇪䜉䧝侙吃哧喫嗤噄妛媸彨彲摛攡瓻痴癡眵瞝笞粚絺胵蚩螭訵誺魑鴟鵄鸱麶黐齝𡼁𣣷𤡢𥄇𥭘𦆤𦐉𦞲𧩚𧩴𧪡𧴁𨒬𩤖𩶅𪌹𫄨𫍧𬤓𬸈𱌯]→chī; • … • [㰤㿣䏜䶎呵喝嗬抲欱蠚訶诃𠀀𠳊𠵩𢥳𣣹𥘫𦘿𩐥𩑸𪖲𲊻]→hē; • … • [㱳㶬㷬㷵㹮䁼䁿䏞䒬䘃䬴䮬䱅䳮䴲劰唜嗼圽塻墨妺嫼寞帓帞昩暯末枺歾歿殁沫湐漠瀎爅獏瘼皌眜眽眿瞐瞙砞礳秣粖絈纆耱茉莈莫蓦蛨蟔貃貊貘銆鏌镆陌靺驀魩默黙𠆮𠇱𠡞𠢓𠬛𡈗𡊉𡻟𢄏𢊗𢐖𢗿𣧣𣶊𤣻𤿖𥄕𥕓𥙎𥞪𥬎𥱹𥽘𦅔𦔭𦥦𦫕𦮅𧕤𧕥𧠓𧥟𧰱𧻙𧼟𧿴𩃁𩄻𩌧𩐻𩑦𩑷𩢖𩢷𩥔𩿣𪍇𪍤𪏟𪒂𪒇𬙊𬱕𬹍𮹅𱇚𱊓𱋊𱚯𲎉𳐅]→mò; • … • [㲴䱰仲众偅堹妕媑狆眾祌筗茽蚛衆衶諥重𠱧𡥿𢝆𣱧𤚏𥻝𦌋𦔉𧬤𧳮𨉢𩾋𩿀𫍳𫍼𬑔𳐄]→zhòng; • … • [㳗䘍囆瘥虿蠆袃訍𦐰𦑏𧀱𧒨𧔴𧕧𧪘𧸿𲂃]→chài; • … • [㴐䛉眄糆面靣麪麫麵麺𡧍𡧒𣅍𥄝𥤵𥻩𦽃𨉥𩈹𮮄]→miàn; • [㴙㷢䋾䕢䛽䱹厏拃搩眨砟苲踷鮓鮺鲊鲝𤈩𥀈𥀉𦂉𦑯𧨿𨂵𨅓𩻢𩼫𬘲𬶣𱚝𲂎]→zhǎ; • … • [㵶嘬穝𠹠𩛠]→zuō; • … • [㶶㺜䢉侬儂农哝噥檂欁浓濃燶禯秾穠脓膿蕽襛農辳醲𥂒𨑊𨲳𩅽𩇔𩟊𪆯𪒬𪺻𫇽𫍦𫔖𫯒𬂰𬪩𬴩𬹖𰧾𰳺𲋥]→nóng; • [㶹撔澋澒訌讧銾閧闀闂鬨𠳃𡺭𥈿𥥡𥰲𦕷𦶓𧊯𧋔𧾧𩒴𩗢𩰓𬮢𭱊𰾁𱛨𲉁]→hòng; • … • [㷯䨻䭰塴揼泵甏蹦迸逬鏰镚𡎾𡾛𥖗𥦜𦝷𦺑𧩱𧻓𨆊𩂦𩗴𪔑𫗉]→bèng; • … • [㷻㹳㻍䉑䍢䓊䦜䫓䮏吳吴吾呉唔娪峿无梧毋洖浯無珸璑祦禑芜茣莁蕪蜈蟱譕郚铻鯃鵐鷡鹀鼯𠘻𡷤𢃀𢋹𢓲𣟒𤭑𥕻𥭠𥲐𦥁𦨳𦷽𧳎𨼊𨿏𩒾𩳌𩶭𩻚𫁲𰲫𱖫𲈽]→wú; • … • [㸯䈖䌀䐦匼嗑嵙搕柯棵榼樖牁犐珂疴瞌砢磕礚科稞窠胢苛萪薖蝌趷軻轲醘鈳钶顆颏颗髁𠏀𠲙𡸡𡻘𢈈𢩘𣧤𤖇𤰙𥃕𥕤𥝹𥠁𥧇𧎗𧨵𧵛𧿫𨍰𨏿𨢸𩏭𩜭𪍎𪽇𫐔𭗡𮡈𰰾𲂿]→kē; • [㸰㸱㼠㾃䍫䡐䪑䭾䰿佗坨堶岮柁槖橐沱沲狏砣砤碢紽袉跎迱酡陀陁馱駄駝駞騨驒驮驼鮀鴕鸵鼉鼍鼧𡩆𡹬𢏜𢑠𢩻𣶦𤝛𤤩𤱡𥓿𥞒𦑑𦚐𧔳𧕦𧣖𧤓𧧉𧿶𨈷𨹔𩃰𩃱𩉺𩎼𩢊𩿽𪘕𪘗𪨹𫍡𫘞𫟤𬠷𬴎𬶍𰦿𰬉𱅛𱖰𱶻𳌖]→tuó; • … • [㺲䂇䏔忸扭炄狃紐纽莥鈕钮靵𣧊𣲶𥀝𥍳𥝦𧘥𨋀𨙺𨳞𩈇𪏲𲈸]→niǔ; • … • [㼂䄉䕏䖸䩹䱮䳗䳘俄吪囮娥峨峩涐珴皒睋磀莪蛾訛誐譌讹迗鈋鋨锇頟額额魤鰪鵝鵞鹅𠷸𡅅𧒎𧔼𧚄𧢽𧽶𧿕𨱂𨶯𩋽𩑁𩣣𩤩𮤸𮶝𰵑𰵮𱂥𳎒]→é; • [㼋䉉䐻估呱咕唂姑嫴孤巬巭柧橭沽泒笟箍箛篐罛苽菇菰蓇蛄觚軱軲轱辜酤鈲鮕鴣鸪𠷞𠽿𡗷𢡇𣀐𥂰𥿍𦊬𦋆𦺠𧆻𧇡𧬕𨠋𨬕𨱃𨸯𮝴𲍌]→gū; • [㼏䲎娞脮腇餒馁鮾鯘𥡭𩗔𲍙]→něi; • … • [㿟䳆白𥬝𦣺𪡈𳐆]→bái; • … • [䃰䌨嚓擦攃𤄖𨆾𨺭𪊗𱺯]→cā; • … • [䄭䄹䬯哖年秊秥鮎鯰鲇鲶鵇黏𠫺𦷙𨚶𩽴𪐇𲍓]→nián; • … • [䅛䗉䮖䱽䲝伥倀娼昌晿椙淐猖琩菖裮錩锠閶阊鯧鲳鼚𥫅𨷇𩲹𪂇𪉨𬸶𱌊𲍽]→chāng; • … • [䉄䬋唥塄崚棱楞碐稜薐輘𥈮𦼊𧼔𨈓𩩡]→léng; • … • [䌤䌳䏉䗐䙾䴓呞失尸屍师師施浉湤湿溮溼濕狮獅瑡絁葹蒒蓍虱蝨褷襹詩诗邿酾釶鉇鉈鍦鯴鰤鲺鳲鳾鶳鸤𠇳𠓤𠷇𡂓𡟕𡠋𢀕𢧏𢺿𢻫𢼉𢼊𣁒𣤘𤹌𥍸𥛨𥜰𦌿𦒈𧍀𧜂𧠜𧠡𧩹𩒂𩥐𩬭𪀔𪓻𪓿𫀌𫄟𫚕𬕄𬡔𰰳𰳼𰾢𳑒]→shī; • … • [䍼䐶兂橵簪簮糌鐕鐟鵤𡡖𥸢𰾷]→zān; • … • [䎹䎽䘇䰚匁彣文炆玟珳瘒紋繧纹聞芠蚉蚊螡蟁閺閿闅闦闻阌雯馼駇魰鳼鴍鼤𢾿𣜺𤵒𨶭𩢌𩭋𪉃𫘜𬏫𬸀]→wén; • … • [䏴䙼䬰劭卲哨娋潲睄紹綤绍袑邵𠣫𠧙𤉎𦓴𧳹𨛍𰴖𲋤]→shào; • … • [䒅䕨䠮䲍䲢儯幐滕漛疼痋籐籘縢腾藤虅螣誊謄邆駦騰驣鰧𢟱𢥂𣽨𤹤𥉋𦪝𦫀𧈜𧭔𨃗𩩻𩴝𪒿𬧃𬹘𰲂𱅑]→téng; • [䒌命掵椧詺𡥸𦫭𧟠𪂤]→mìng; • [䒍嗙耪覫𲁙]→pǎng; • … • [䔊仌仒兵冫冰掤氷鋲𡲍𢎴𥲂𨹗𩋒𪑰𲇿]→bīng; • … • [䕹䞙䨿䪞偺喒囋囐杂沯砸磼襍雑雜雥韴𡁕𢶍𢹼𢽜𣴖𣸐𤄔𤠀𥷩𧬩𧾁𩇺𪚇𰈯𰉄𰓟𰗣𰰶𲎫]→zá; • … • [䖈䖋䨋疟瘧硸虐𨵫𲉃]→nüè; • [䖏䙘储儲処杵椘楚楮檚濋璴础礎褚齭齼𠧖𢕓𤻇𧎷𨼪𩂫𪓐𫜭𬺓𱊬𲈼𳇻]→chǔ; • … • [䙢䰝囎甑贈赠鋥锃𪒟𪙭]→zèng; • … • [䚪䤽倌关冠官棺瘝癏窤蒄覌観觀观関闗關鰥鱞鳏𠴨𡅭𡠒𡭷𢇇𢉂𢺄𥈒𥍅𥎅𥜄𥷬𥿑𦺊𨷀𩖒𬮦𬶵𮶁𱑖]→guān; • … • [䚰䚹䤏䫌䰦仳匹噽嚭圮庀擗疋痞癖脴苉諀銢鴄𡊝𡛘𡺮𤴣𤿇𥀘𥔁𦘩𦘲𦰽𨑜𨲐𩔙𱂮𳐂]→pǐ; • … • [䛔䫱嗱拏拿挐鎿镎𡰀𢜲𣸏𤓷𤔀𦬻𧘽𧤣𧦮𲂈]→ná; • … • [䜏䴱乇仛侂咃咜圫托扡拕拖挩捝杔汑沰涶脫脱莌袥託讬飥饦驝魠𠈁𠰹𠴻𢄿𢩷𢸨𤣯𧦭𨉋𨒙𨞌𩟰𩢵𩧐𪌂𫚛𫜒𰶇𱇏𱘲]→tuō; • [䜙儑啽玵雸𡪁𡽜𣵱𲂒]→án; • … • [䞪䥒勥匞匠夅嵹弜弶彊摾櫤洚滰犟糡糨絳绛袶謽酱醤醬降𠼢𡲣𢘸𣚦𣨣𣩴𥞜𨯞𩝽𩴒𩷄𩷭𪀘𫮬𱽿𳐈]→jiàng; • … • [䟍揙炞煸牑猵獱甂砭笾箯籩編编萹蝙边辺邉邊鍽鞭鯾鯿鳊𠐈𠑟𢩟𢻶𣩀𤄺𦇭𨖾𨩫𪏗𪓍𫚣]→biān; • … • [䠬䮴凳墱嶝櫈瞪磴邓鄧鐙镫隥𡦔𢯭𢿤𣩟𦩫𧄼𨄇𨎤𨮴𩍐𩞬𪑬𪒘𬳒𲌋]→dèng; • … • [䢄喜囍壐屣徙憘憙枲橲歖洗漇玺璽矖禧縰葈葸蓰蟢諰謑蹝躧鈢鉨鉩铣鱚𠉢𠪙𡅕𡊑𢊚𢒩𢒲𣯪𤟧𤤱𤨐𦱓𧣩𧺨𨜐𨞘𨭎𨮪𩎉𪖥𫄳𫍰𬭳𬶮𮷯𰥢𰵾𰸐]→xǐ; • … • [䥫僣蛈鉄銕鐡鐵铁驖鴩𢶋𬴋]→tiě; • … • [䧄个亇個各硌箇虼鉻铬𦓱]→gè; • … • [䨟䯉䵷劸哇嗗娲媧屲挖搲攨洼溛漥畖穵窊窪蛙鼃𠴺𡁌𡚟𣢉𤬿𤮰𥤺𦞭𧧊𨩶𩨚𩩤𩿺𱌃𱗉]→wā; • … • [䩋懡抹麿𡢜𢣗𣋟𩪮𪎠]→mǒ; • … • [䫈䫖墋夦硶碜磣贂趻踸醦鍖𥔪𧿒𨣔𫮅𮠳𰾘𲊾]→chěn; • … • [䱝俳徘排棑牌犤猅簰簲輫𣝁𥱼𥴖𦩯𰠹𰺎𱖼𲍕]→pái; • … • [么嚜麼]→me; • … • [了]→le; • … • [们]→men; • … • [伙夥漷火煷邩鈥钬𤆄𤬁]→huǒ; • … • [佪囘回囬廻廽恛洄烠痐硘茴蚘蛔蛕蜖迴逥鮰𠲛𡋙𡰋𡹎𤜡𨛤𩢱𪀟𪛂𫚔𱣄]→huí; • … • [侤遢]→ta; • … • [冸判叛拚沜泮溿炍牉畔盼聁袢襻詊鋬鑻頖鵥𡞟𢰿𤄧𥌊𦙀𨒃𫟟𬱙𳐋]→pàn; • … • [吖啊錒锕阿𠼞𥥩𨉚𱚱]→ā; • [吗嗎嘛]→ma; • … • [吧𣬷]→ba; • … • [呀]→ya; • … • [哈紦铪𨉣𬢇]→hā; • … • [啰囉囖頱𠜖𪑋]→luō; • … • [嗠嫪憦橯涝澇烙耢耮躼軂酪𡬘𣓿𣟽𤉍𦺜𧢋𧯍𫺘𬧤𱚛𲄚]→lào; • … • [噶尜釓錷钆𡼛𬫿𲈖]→gá; • … • [地的𠵨]→de; • … • [壭]→san; • … • [妈媽嫲嬤孖𢳀]→mā; • … • [嬶荸鼻𣴨𩾳]→bí; • … • [峬庯晡誧逋鈽錻钸𠚉𥪀𧻷𩶉𩺼𰵩]→bū; • … • [嶿]→rū; • … • [恷]→qīu; • … • [捘銌𠱜𥊭𥞘𥢎𦪚𩯄𲇻]→zùn; • … • [掹擝]→mēng; • … • [橻粗觕麁麄麤𡘛𡝉𤿚𥅗𧆓𧺲]→cū; • … • [洒潵灑訯躠靸𡄳𥸗𨐖𩎕𩨞𱂃𱗂𲂅]→sǎ; • … • [濹]→mè; • [炔缺缼蒛阙𥆸𥗮𧎯𩨭𩨷𩫠]→quē; • … • [瓲]→wa; • … • [穃𠌚]→ròng; • … • [脦]→te; • … • [閪𲈹]→sē; • … • [鞡𤷟𩋷]→la; • … • [𥫽]→shi; • …
Supplemental	Transform	ug↔︎Latin	tRule	…	‫… • ئ → ; • … • ـ → ; • …‬
