# Section	Page	Header	Code	Locale	Old	New	Level
#Section	Page	Header	Code	Locale	Old	New	Level
Date & Time	Gregorian	Formats - Flexible - 24 Hour Time Formats	Hv	am	HH'h' v	H v	moderate
Date & Time	Generic	Formats - Flexible - 24 Hour Time Formats	Hv	am	HH'h' v	H v	moderate
#Section	Page	Header	Code	Locale	Old	New	Level
Characters	Emoji Symbols	zodiac	♍ -name	ba	Ҡыҙ	E10-069	modern
Characters	Emoji Symbols	zodiac	♍ –keywords	ba	зодиак • Ҡыҙ	E10-069	modern
Characters	Emoji Symbols	zodiac	♎ -name	ba	Үлсәү	E10-070	modern
Characters	Emoji Symbols	zodiac	♎ –keywords	ba	зодиак • Үлсәү	E10-070	modern
Characters	Emoji Symbols	zodiac	♏ -name	ba	Саян	E10-071	modern
Characters	Emoji Symbols	zodiac	♏ –keywords	ba	зодиак • Саян	E10-071	modern
Characters	Emoji Symbols	zodiac	♓ -name	ba	Балыҡ	E10-075	modern
Characters	Emoji Symbols	zodiac	♓ –keywords	ba	Балыҡ • зодиак	E10-075	modern
#Section	Page	Header	Code	Locale	Old	New	Level
Date & Time	Gregorian	Formats - Flexible - 24 Hour Time Formats	Hv	be	HH 'г' v	HH v	moderate
#Section	Page	Header	Code	Locale	Old	New	Level
Date & Time	Gregorian	Formats - Flexible - 24 Hour Time Formats	Hv	ca	H 'h' v	H v	moderate
Date & Time	Generic	Formats - Flexible - 24 Hour Time Formats	Hv	ca	H 'h' v	H v	moderate
#Section	Page	Header	Code	Locale	Old	New	Level
Date & Time	Gregorian	Formats - Flexible - 24 Hour Time Formats	Hv	cs	H 'h' v	H v	moderate
Date & Time	Generic	Formats - Flexible - 24 Hour Time Formats	Hv	cs	H 'h' v	H v	moderate
#Section	Page	Header	Code	Locale	Old	New	Level
Date & Time	Gregorian	Formats - Intervals - Date Formats	GyMMMEd/G	de	E, d. MMM y G – E E, d. MMM y G	E, d. MMM y G – E, d. MMM y G	moderate
#Section	Page	Header	Code	Locale	Old	New	Level
Date & Time	Gregorian	Formats - Flexible - 24 Hour Time Formats	Hv	el	HH'h' (vvvv)	HH (vvvv)	moderate
Date & Time	Generic	Formats - Flexible - 24 Hour Time Formats	Hv	el	HH'h' (vvvv)	HH (vvvv)	moderate
#Section	Page	Header	Code	Locale	Old	New	Level
Locale Display Names	Languages (O-S)	S	Sourashtra ► saz	en	Saurashtra	Sourashtra	comprehensive
Locale Display Names	Scripts	Limited Use	Saur	en	Saurashtra	Sourashtra	comprehensive
Locale Display Names	Keys	numbers	numbers-saur	en	Saurashtra Digits	Sourashtra Digits	comprehensive
Date & Time	Gregorian	Formats - Flexible - 24 Hour Time Formats	Hv	en	HH'h' v	HH v	moderate
Date & Time	Generic	Formats - Flexible - 24 Hour Time Formats	Hv	en	HH'h' v	HH v	moderate
Date & Time	Chinese	Formats - Flexible - 24 Hour Time Formats	Hv	en	HH'h' v	HH v	comprehensive
#Section	Page	Header	Code	Locale	Old	New	Level
Date & Time	Gregorian	Formats - Flexible - 24 Hour Time Formats	Hv	es	H 'h' v	H v	moderate
Date & Time	Gregorian	Formats - Flexible - 24 Hour Time Formats	Hv	es_419	H 'h' v	HH v	moderate
Date & Time	Gregorian	Formats - Flexible - 24 Hour Time Formats	Hv	es_MX	H 'h' v	HH v	moderate
Date & Time	Gregorian	Formats - Flexible - 24 Hour Time Formats	Hv	es_US	H 'h' v	HH v	moderate
Date & Time	Generic	Formats - Flexible - 24 Hour Time Formats	Hv	es	H 'h' v	H v	moderate
Date & Time	Generic	Formats - Flexible - 24 Hour Time Formats	Hv	es_419	H 'h' v	HH v	moderate
Date & Time	Generic	Formats - Flexible - 24 Hour Time Formats	Hv	es_MX	H 'h' v	HH v	moderate
Date & Time	Generic	Formats - Flexible - 24 Hour Time Formats	Hv	es_US	H 'h' v	HH v	moderate
#Section	Page	Header	Code	Locale	Old	New	Level
Date & Time	Gregorian	Formats - Flexible - 24 Hour Time Formats	Hv	eu	HH'h' v	HH (v)	moderate
Date & Time	Generic	Formats - Flexible - 24 Hour Time Formats	Hv	eu	HH'h' v	HH (v)	moderate
#Section	Page	Header	Code	Locale	Old	New	Level
Date & Time	Gregorian	Formats - Flexible - 24 Hour Time Formats	Hv	fa	‫سHH v‬	H (v)	moderate
Date & Time	Generic	Formats - Flexible - 24 Hour Time Formats	Hv	fa	‫سHH v‬	H (v)	moderate
#Section	Page	Header	Code	Locale	Old	New	Level
Date & Time	Gregorian	Formats - Flexible - 24 Hour Time Formats	Hv	fi	H 'h' v	H v	moderate
Date & Time	Generic	Formats - Flexible - 24 Hour Time Formats	Hv	fi	HH 'h' v	H v	moderate
#Section	Page	Header	Code	Locale	Old	New	Level
Date & Time	Gregorian	Formats - Flexible - 24 Hour Time Formats	Hv	fr_CA	H 'h' v	HH 'h' v	moderate
Numbers	Symbols	Symbols 	group	fr_CH	 	'	basic
Characters	Objects	musical-instrument	🪊 -name	fr	E17–008	trombone à coulisse	modern
Characters	Objects	musical-instrument	🪊 –keywords	fr	E17–008	instrument • musique • trombone	modern
#Section	Page	Header	Code	Locale	Old	New	Level
Date & Time	Gregorian	Formats - Flexible - 24 Hour Time Formats	Hv	gd	HH'u' v	HH v	moderate
Date & Time	Generic	Formats - Flexible - 24 Hour Time Formats	Hv	gd	HH'u' v	HH v	moderate
#Section	Page	Header	Code	Locale	Old	New	Level
Date & Time	Gregorian	Formats - Flexible - 24 Hour Time Formats	Hv	gl	HH 'h' v	HH v	moderate
Date & Time	Generic	Formats - Flexible - 24 Hour Time Formats	Hv	gl	HH 'h' v	HH v	moderate
#Section	Page	Header	Code	Locale	Old	New	Level
Date & Time	Gregorian	Formats - Flexible - 24 Hour Time Formats	Hv	he	HH'h' v	H v	moderate
Date & Time	Generic	Formats - Flexible - 24 Hour Time Formats	Hv	he	HH'h' v	H v	moderate
Characters	People & Body	hand-single-finger	🖕 –keywords	he	‫… • תנועה מזרחית‬	…	modern
#Section	Page	Header	Code	Locale	Old	New	Level
Date & Time	Gregorian	Formats - Flexible - 24 Hour Time Formats	Hv	hr	HH 'h' v	HH (v)	moderate
Date & Time	Generic	Formats - Flexible - 24 Hour Time Formats	Hv	hr	HH 'h' v	HH (v)	moderate
#Section	Page	Header	Code	Locale	Old	New	Level
Date & Time	Gregorian	Formats - Flexible - 24 Hour Time Formats	Hv	hu	HH'h' v	H v	moderate
Date & Time	Generic	Formats - Flexible - 24 Hour Time Formats	Hv	hu	HH'h' v	H v	moderate
#Section	Page	Header	Code	Locale	Old	New	Level
Date & Time	Gregorian	Formats - Flexible - 24 Hour Time Formats	Hv	hy	ժ․ HH v	H v	moderate
Date & Time	Generic	Formats - Flexible - 24 Hour Time Formats	Hv	hy	ժ․ HH v	H v	moderate
#Section	Page	Header	Code	Locale	Old	New	Level
Date & Time	Generic	Formats - Flexible - 24 Hour Time Formats	Hv	id	HH'j' v	HH v	moderate
#Section	Page	Header	Code	Locale	Old	New	Level
Date & Time	Gregorian	Formats - Flexible - 24 Hour Time Formats	Hv	is	HH'klst'. v	HH v	moderate
Date & Time	Generic	Formats - Flexible - 24 Hour Time Formats	Hv	is	HH'klst'. v	HH v	moderate
#Section	Page	Header	Code	Locale	Old	New	Level
Date & Time	Gregorian	Formats - Flexible - 24 Hour Time Formats	Hv	it	'h'HH v	HH v	moderate
Date & Time	Generic	Formats - Flexible - 24 Hour Time Formats	Hv	it	'h'HH v	HH v	moderate
#Section	Page	Header	Code	Locale	Old	New	Level
Date & Time	Generic	Formats - Flexible - 24 Hour Time Formats	Hv	kk	HH'h', v	HH v	moderate
#Section	Page	Header	Code	Locale	Old	New	Level
Date & Time	Gregorian	Formats - Flexible - 24 Hour Time Formats	Hv	km	ម៉HH v	HH v	moderate
Date & Time	Generic	Formats - Flexible - 24 Hour Time Formats	Hv	km	ម៉HH v	HH v	moderate
#Section	Page	Header	Code	Locale	Old	New	Level
Date & Time	Gregorian	Day Periods - abbreviated - Formatting	am	ko	AM	오전	moderate
Date & Time	Gregorian	Day Periods - abbreviated - Formatting	pm	ko	PM	오후	moderate
Date & Time	Gregorian	Day Periods - abbreviated - Standalone	am	ko	AM	오전	moderate
Date & Time	Gregorian	Day Periods - abbreviated - Standalone	pm	ko	PM	오후	moderate
Date & Time	Gregorian	Day Periods - narrow - Formatting	am	ko	AM	오전	moderate
Date & Time	Gregorian	Day Periods - narrow - Formatting	pm	ko	PM	오후	moderate
Date & Time	Gregorian	Day Periods - narrow - Standalone	am	ko	AM	오전	moderate
Date & Time	Gregorian	Day Periods - narrow - Standalone	pm	ko	PM	오후	moderate
#Section	Page	Header	Code	Locale	Old	New	Level
Date & Time	Gregorian	Formats - Flexible - 24 Hour Time Formats	Hv	lt	HH 'h' v	HH v	moderate
#Section	Page	Header	Code	Locale	Old	New	Level
Date & Time	Generic	Formats - Flexible - 24 Hour Time Formats	Hv	lv	HH 'h' v	HH v	moderate
#Section	Page	Header	Code	Locale	Old	New	Level
Date & Time	Gregorian	Formats - Flexible - 24 Hour Time Formats	Hv	mk	HH 'ч'. v	HH v	moderate
Date & Time	Generic	Formats - Flexible - 24 Hour Time Formats	Hv	mk	HH 'ч'. v	HH v	moderate
#Section	Page	Header	Code	Locale	Old	New	Level
Date & Time	Gregorian	Formats - Flexible - 24 Hour Time Formats	Hv	ml	v HH'h'	v HH	moderate
Date & Time	Generic	Formats - Flexible - 24 Hour Time Formats	Hv	ml	v HH'h'	v HH	moderate
#Section	Page	Header	Code	Locale	Old	New	Level
Date & Time	Gregorian	Day Periods - abbreviated - Formatting	am	ps	AM	‫غ.م.‬	moderate
Date & Time	Gregorian	Day Periods - abbreviated - Formatting	pm	ps	PM	‫غ.و.‬	moderate
Date & Time	Generic	Formats - Flexible - 24 Hour Time Formats	Hv	ps	HH'h' v	H v	moderate
#Section	Page	Header	Code	Locale	Old	New	Level
Date & Time	Gregorian	Formats - Flexible - 24 Hour Time Formats	Hv	pt	HH'h', v	HH v	moderate
Date & Time	Generic	Formats - Flexible - 24 Hour Time Formats	Hv	pt	HH'h', v	HH v	moderate
#Section	Page	Header	Code	Locale	Old	New	Level
Characters	Emoji Symbols	zodiac	♈ -name	rm	Botsch	E10-064	modern
Characters	Emoji Symbols	zodiac	♈ –keywords	rm	botsch • ensaina • oroscop • segn • zodiac	E10-064	modern
Characters	Emoji Symbols	zodiac	♋ -name	rm	Giomber	E10-067	modern
Characters	Emoji Symbols	zodiac	♋ –keywords	rm	ensaina • giomber • oroscop • segn • zodiac	E10-067	modern
Characters	Emoji Symbols	zodiac	♌ -name	rm	Liun	E10-068	modern
Characters	Emoji Symbols	zodiac	♌ –keywords	rm	ensaina • liun • oroscop • segn • zodiac	E10-068	modern
Characters	Emoji Symbols	zodiac	♏ -name	rm	Scorpiun	E10-071	modern
Characters	Emoji Symbols	zodiac	♏ –keywords	rm	ensaina • oroscop • scorpiun • segn • zodiac	E10-071	modern
Characters	Emoji Symbols	zodiac	♒ -name	rm	Um da l’aua	E10-074	modern
Characters	Emoji Symbols	zodiac	♒ –keywords	rm	ensaina • oroscop • segn • um da l’aua • zodiac	E10-074	modern
#Section	Page	Header	Code	Locale	Old	New	Level
Date & Time	Gregorian	Formats - Flexible - 24 Hour Time Formats	Hv	ro	'h' HH v	HH v	moderate
#Section	Page	Header	Code	Locale	Old	New	Level
Core Data	Alphabetic Information	Symbols	Nested Bracked Replacement: (	root	▷missing◁	[	moderate
Core Data	Alphabetic Information	Symbols	Nested Bracked Replacement: （	root	▷missing◁	［	moderate
Core Data	Alphabetic Information	Symbols	Nested Bracked Replacement: )	root	▷missing◁	]	moderate
Core Data	Alphabetic Information	Symbols	Nested Bracked Replacement: ）	root	▷missing◁	］	moderate
Date & Time	Gregorian	Formats - Flexible - 24 Hour Time Formats	Hv	root	HH'h' v	HH v	moderate
Date & Time	Generic	Formats - Flexible - 24 Hour Time Formats	Hv	root	HH'h' v	HH v	moderate
Date & Time	Chinese	Formats - Flexible - 24 Hour Time Formats	Hv	root	HH'h' v	HH v	comprehensive
#Section	Page	Header	Code	Locale	Old	New	Level
Date & Time	Gregorian	Formats - Flexible - 24 Hour Time Formats	Hv	ru	HH 'ч'. v	HH v	moderate
Date & Time	Gregorian	Formats - Intervals - 24 Hour Time Formats	Hv/H	ru	HH–HH 'ч'. v	HH–HH v	moderate
Date & Time	Generic	Formats - Flexible - 24 Hour Time Formats	Hv	ru	HH 'ч'. v	HH v	moderate
#Section	Page	Header	Code	Locale	Old	New	Level
Date & Time	Gregorian	Formats - Flexible - 24 Hour Time Formats	Hv	si	v HH'h'	v HH	moderate
#Section	Page	Header	Code	Locale	Old	New	Level
Date & Time	Gregorian	Formats - Flexible - 24 Hour Time Formats	Hv	sk	HH'h' v	H v	moderate
Date & Time	Generic	Formats - Flexible - 24 Hour Time Formats	Hv	sk	HH 'h', v	H v	moderate
#Section	Page	Header	Code	Locale	Old	New	Level
Date & Time	Gregorian	Formats - Flexible - 24 Hour Time Formats	Hv	sr	HH 'h' v	HH v	moderate
Date & Time	Generic	Formats - Flexible - 24 Hour Time Formats	Hv	sr	HH 'č'. v	HH v	moderate
#Section	Page	Header	Code	Locale	Old	New	Level
Date & Time	Gregorian	Formats - Flexible - 24 Hour Time Formats	Hv	sr_Latn	HH 'h' v	HH v	moderate
Date & Time	Generic	Formats - Flexible - 24 Hour Time Formats	Hv	sr_Latn	HH 'č'. v	HH v	moderate
#Section	Page	Header	Code	Locale	Old	New	Level
Date & Time	Generic	Formats - Flexible - 24 Hour Time Formats	Hv	ti	HHሰ v	HH v	moderate
#Section	Page	Header	Code	Locale	Old	New	Level
Date & Time	Gregorian	Formats - Flexible - 24 Hour Time Formats	Hv	tk	'sagat' HH v	HH v	moderate
Date & Time	Generic	Formats - Flexible - 24 Hour Time Formats	Hv	tk	'sagat' HH, v	HH v	moderate
#Section	Page	Header	Code	Locale	Old	New	Level
Date & Time	Gregorian	Formats - Flexible - 24 Hour Time Formats	Hv	uk	HH 'год' v	HH v	moderate
Date & Time	Gregorian	Formats - Intervals - 24 Hour Time Formats	Hv/H	uk	HH–HH 'год' v	HH–HH v	moderate
Date & Time	Generic	Formats - Flexible - 24 Hour Time Formats	Hv	uk	HH 'год' v	HH v	moderate
#Section	Page	Header	Code	Locale	Old	New	Level
Date & Time	Gregorian	Formats - Flexible - 24 Hour Time Formats	Hv	vi	HH'h' v	HH 'giờ' v	moderate
Date & Time	Generic	Formats - Flexible - 24 Hour Time Formats	Hv	vi	HH'h' v	HH 'giờ' v	moderate
Date & Time	Chinese	Formats - Flexible - 24 Hour Time Formats	Hv	vi	HH'h' v	HH 'giờ' v	modern
Characters	Emoji Symbols	zodiac	♈ -name	vi	Bạch Dương	cung Bạch Dương	modern
Characters	Emoji Symbols	zodiac	♉ -name	vi	Kim Ngưu	cung Kim Ngưu	modern
Characters	Emoji Symbols	zodiac	♊ -name	vi	Song Tử	cung Song Tử	modern
Characters	Emoji Symbols	zodiac	♋ -name	vi	Cự Giải	cung Cự Giải	modern
Characters	Emoji Symbols	zodiac	♌ -name	vi	Sư Tử	cung Sư Tử	modern
Characters	Emoji Symbols	zodiac	♍ -name	vi	Xử Nữ	cung Xử Nữ	modern
Characters	Emoji Symbols	zodiac	♎ -name	vi	Thiên Bình	cung Thiên Bình	modern
Characters	Emoji Symbols	zodiac	♏ -name	vi	Bọ Cạp	cung Bọ Cạp	modern
Characters	Emoji Symbols	zodiac	♐ -name	vi	Nhân Mã	cung Nhân Mã	modern
Characters	Emoji Symbols	zodiac	♑ -name	vi	Ma Kết	cung Ma Kết	modern
Characters	Emoji Symbols	zodiac	♒ -name	vi	Bảo Bình	cung Bảo Bình	modern
Characters	Emoji Symbols	zodiac	♓ -name	vi	Song Ngư	cung Song Ngư	modern
Characters	Emoji Symbols	zodiac	⛎ -name	vi	Xà Phu	cung Xà Phu	modern
#Section	Page	Header	Code	Locale	Old	New	Level
Date & Time	Gregorian	Formats - Flexible - 24 Hour Time Formats	Hv	zh_Hant	HH'h' v	H時 v	moderate
Date & Time	Generic	Formats - Flexible - 24 Hour Time Formats	Hv	zh_Hant	HH'h' v	H時 v	moderate
Date & Time	Chinese	Formats - Flexible - 24 Hour Time Formats	Hv	zh_Hant	HH'h' v	H時 v	modern
