<?xml version="1.0" encoding="UTF-8"?>
<!DOCTYPE keyboard SYSTEM "../dtd/ldmlKeyboard.dtd">
<!--
    This file is part of the CLDR Keyboard Technical Preview.
    This is a sample data file.
    This file is subject to change.
    Please see https://cldr.unicode.org/index/keyboard-workgroup for the latest information.

	Also NOTE: this is really a test keyboard.  CLDR-12026 will be for the real new azerty keyboard
-->
<keyboard locale="fr-t-k0-azerty" conformsTo="techpreview">
	<locales>
		<locale id="br" /> <!-- example of including Breton -->
	</locales>
	<!-- 'conformsTo' gives CLDR spec conformance. Distinguishes from prior
		keyboard formats -->
	<!-- 'version' element is now optional -->
	<version number="1.0.0" />
	<info author="Team Keyboard" normalization="NFC" layout="AZERTY" indicator="FR" />
	<names>
		<name value="French Test" />
		<name value="French Test AZERTY" />
	</names>
	<settings fallback="omit" />

	<vkeys>
		<vkey from="Q" to="A" />
		<vkey from="W" to="Z" />
		<vkey from="A" to="Q" />
		<vkey from="Z" to="W" />
		<vkey from="BKQUOTE" to="QUOTE" /> <!-- i.e., OEM_3 >>> OEM_7 -->
		<vkey from="MINUS" to="LBRKT" />
		<vkey from="LBRKT" to="RBRKT" />
		<vkey from="COLON" to="M" />
		<vkey from="QUOTE" to="BKQUOTE" />
		<vkey from="M" to="COMMA" />
		<vkey from="COMMA" to="PERIOD" />
		<vkey from="PERIOD" to="SLASH" />
		<vkey from="SLASH" to="EXCLAMATION" /> <!-- i.e., OEM_2 >>> OEM_8 -->
	</vkeys>

	<displays>
		<!-- Note: displays is only used for keycap presentation -->
		<!-- this example is not required for this keyboard as we use the spacing
			modifiers -->
		<display to="\u0300" display="${grave}" /> <!-- display combining grave as modifier letter grave ˋ -->
		<!-- Note: We discussed why the existing displayMap was used for display.
			rather than adding something closer to the key layout. 1. This way we can
			tell the renderer what to do. Could be double diacritics, spacing issues,
			etc. 2. We expect that keys have output. Otherwise the input content is malformed.
			3. Don't Repeat Yourself : multiple keys (i.e. on different symbol layers)
			may have the same display. -->
		<displayOptions baseCharacter="x" />
	</displays>

	<keys>
		<import base="cldr" path="techpreview/keys-Zyyy-punctuation.xml" />
		<import base="cldr" path="techpreview/keys-Zyyy-currency.xml" />

		<!-- switch keys -->
		<key id="shift" switch="shift" />
		<key id="numeric" switch="numeric" />
		<key id="symbol" switch="symbol" />
		<key id="base" switch="base" />

		<!--
			TODO: need discussion
		<key id="bksp" gap="true" /> -->
		<key id="extra" gap="true" />
		<!--
			TODO: need discussion
		<key id="enter" to="\u{000A}" />
		-->
		<key id="enter" gap="true" />


		<!-- extra keys -->
		<key id="u-grave" to="ü" />
		<key id="e-grave" to="é" /> <!-- 2 -->
		<key id="e-acute" to="è" /> <!-- 7 -->
		<key id="c-cedilla" to="ç" /> <!-- 9 -->
		<key id="a-acute" to="à" /> <!-- 0 -->

		<!-- extra symbols -->
		<key id="bullet" to="•" />
		<key id="umlaut" to="¨" />
		<key id="super-2" to="²" longPress="₂" />

		<!-- test key -->
		<key id="a" flicks="a" to="a" longPress="à â á ä ã å ā" />
		<flicks id="a">
			<flick directions="nw" to="\u1234" />
			<flick directions="nw se" to="\uFFFF" />
			<flick directions="e" to="\uFFF0" />
		</flicks>

		<!-- test key -->
		<key id="A" flicks="b" to="A" longPress="À Á Ä Ã Å Ā" />

		<!-- test flick -->
		<flicks id="b">
			<flick directions="nw" to="\u4567" />
			<flick directions="nw se" to="\uFFFF" />
			<flick directions="e" to="\uFFF0" />
		</flicks>

		<!-- TODO: all additional maps, hardware and touch -->
	</keys>

	<layers form="iso">
		<!-- in DTD: required if conformsTo ≥ 41 -->
		<layer modifier="none">
			<row
				keys="super-2 amp e-grave double-quote apos open-paren hyphen e-acute underscore c-cedilla a-acute close-paren equal" />
			<row keys="a z e r t y u i o p caret dollar" />
			<row keys="q s d f g h j k l m u-grave asterisk" />
			<row keys="open-angle w x c v b n comma semi-colon colon bang" />
			<row keys="space" />
		</layer>

		<layer modifier="shift">
			<row keys="1 2 3 4 5 6 7 8 9 0 degree plus" />
			<row keys="A Z E R T Y U I O P umlaut pound" />
			<row keys="Q S D F G H J K L M percent micro" />
			<row keys="close-angle W X C V B N question period slash section" />
			<row keys="space" />
		</layer>
	</layers>

	<layers form="touch" minDeviceWidth="150">
		<!-- optional attribute for min physical device size -->
		<layer id="base">
			<row keys="a z e r t y u i o p" />
			<row keys="q s d f g h j k l m" />
			<row keys="shift gap w x c v b n gap" /> <!--TODO:  + bksp -->
			<row keys="numeric extra space enter" />
		</layer>

		<layer id="shift">
			<row keys="A Z E R T Y U I O P" />
			<row keys="Q S D F G H J K L M" />
			<row keys="base W X C V B N" />  <!--TODO:  + bksp -->
			<row keys="numeric extra space enter" />
		</layer>

		<layer id="numeric">
			<row keys="1 2 3 4 5 6 7 8 9 0" />
			<row
				keys="hyphen slash colon semi-colon open-paren close-paren dollar amp at double-quote" />
			<row keys="symbol period comma question bang double-quote" /> <!--TODO:  + bksp -->
			<row keys="base extra space enter" />
		</layer>

		<layer id="symbol">
			<row
				keys="open-square close-square open-curly close-curly hash percent caret asterisk plus equal" />
			<row keys="underscore backslash pipe tilde open-angle close-angle euro pound yen bullet" />
			<row keys="numeric period comma question bang double-quote" /> <!--TODO:  + bksp -->
			<row keys="base extra space enter" />
		</layer>
	</layers>

	<variables>
		<!-- spacing accents as string variables -->
		<string id="grave"  value="`" />
		<string id="caret"  value="^" />
		<string id="umlaut" value="¨" />
		<string id="tilde"  value="~" />

		<!-- sets representing vowels and accented vowels.  -->
		<!-- There's an extra space between the lower and upper case for visual separation -->
		<!-- but, there are only 10 items in the following four sets -->
		<set id="vowel"       value="a e i o u  A E I O U" />
		<set id="graveVowel"  value="à è ì ò ù  À È Ì Ò Ù" />
		<set id="caretVowel"  value="â ê î ô û  Â Ê Î Ô Û" />
		<set id="umlautVowel" value="ä ë ï ö ü  Ä Ë Ï Ö Ü" />

		<!-- a set containing all spacing accents -->
		<set id="spacing_accent" value="${grave} ${caret} ${umlaut} ${tilde}" />
	</variables>

	<transforms type="simple">
		<transformGroup>
			<!-- use sets for those that fit neatly into sets -->
			<transform from="${grave}($[vowel])"  to="$[1:graveVowel]" />
			<transform from="${caret}($[vowel])"  to="$[1:caretVowel]" />
			<transform from="${umlaut}($[vowel])" to="$[1:umlautVowel]" />

			<!-- y also takes umlaut (in this sample) -->
			<transform from="${umlaut}y" to="ÿ" />

			<!-- tilde is on a subset, not all vowels, + n -->
			<transform from="${tilde}a" to="ã" />
			<transform from="${tilde}A" to="Ã" />
			<transform from="${tilde}n" to="ñ" />
			<transform from="${tilde}N" to="Ñ" />
			<transform from="${tilde}o" to="õ" />
			<transform from="${tilde}O" to="Õ" />

			<!-- accent + space = spacing accent -->
			<transform from="($[spacing_accent]) " to="$1" />
		</transformGroup>
		<transformGroup>
			<!-- this is a reorder group -->
			<!-- nod-Lana partial example -->
			<reorder from="\u1A60" order="127" />
			<reorder from="\u1A6B" order="42" />
			<reorder from="[\u1A75-\u1A79]" order="55" />
			<!-- ... partial example ... -->
		</transformGroup>
	</transforms>
</keyboard>
