<?xml version="1.0" encoding="UTF-8"?>
<!DOCTYPE keyboard SYSTEM "../dtd/ldmlKeyboard.dtd">
<keyboard locale="ja-Latn" conformsTo="techpreview">
	<locales>
		<locale id="en" />
	</locales>
	<version number="0.0.0" />
	<names>
		<!-- this is the Romaji (English) layer of the JIS keyboard -->
		<name value="Romaji (JIS)" />
	</names>

	<keys>
		<import base="cldr" path="techpreview/keys-Zyyy-punctuation.xml" />
		<import base="cldr" path="techpreview/keys-Zyyy-currency.xml" />
	</keys>

	<layers form="jis">
		<layer modifier="none">
			<row keys="1 2 3 4 5 6 7 8 9 0 hyphen caret yen" />
			<row keys="q w e r t y u i o p at open-square" />
			<row keys="a s d f g h j k l semi-colon colon close-square" />
			<row keys="z x c v b n m comma period slash underscore" />
			<row keys="space"/>
		</layer>
		<layer modifier="shift">
			<row keys="bang double-quote hash dollar percent amp apos open-paren close-paren 0 equal tilde pipe" /> <!-- 0 is repeated from "none" -->
			<row keys="Q W E R T Y U I O P grave open-curly" />
			<row keys="A S D F G H J K L plus asterisk close-curly" />
			<row keys="Z X C V B N M open-angle close-angle question underscore" /> <!-- underscore is repeated from "none" -->
			<row keys="space"/>
		</layer>
	</layers>
</keyboard>
