<?xml version="1.0" encoding="UTF-8"?>
<!DOCTYPE keyboard SYSTEM "../dtd/ldmlKeyboard.dtd">
<!--
    This file is part of the CLDR Keyboard Technical Preview.
    This is a sample data file.
    This file is subject to change.
    Please see https://cldr.unicode.org/index/keyboard-workgroup for the latest information.
-->
<keyboard locale="mt" conformsTo="techpreview">
    <locales>
        <!-- English is also an official language in Malta.-->
        <locale id="en" />
    </locales>
    <info author="Steven R. Loomis" normalization="NFC" layout="QWERTY" indicator="MT" />

    <names>
        <name value="Maltese" />
        <name value="MSA 100:2002" />
    </names>

    <keys>
        <!-- imports -->
        <import base="cldr" path="techpreview/keys-Zyyy-punctuation.xml"/>
        <import base="cldr" path="techpreview/keys-Zyyy-currency.xml"/>

        <!-- accent grave -->
        <key id="a-grave" to="à" />
        <key id="A-grave" to="À" />
        <key id="e-grave" to="è" />
        <key id="E-grave" to="È" />
        <key id="i-grave" to="ì" />
        <key id="I-grave" to="Ì" />
        <key id="o-grave" to="ò" />
        <key id="O-grave" to="Ò" />
        <key id="u-grave" to="ù" />
        <key id="U-grave" to="Ù" />

        <!-- tikka and maqtugha -->
        <key id="c-tikka" to="ċ" /> <!-- tikka is a dot -->
        <key id="C-tikka" to="Ċ" />
        <key id="g-tikka" to="ġ" />
        <key id="G-tikka" to="Ġ" />
        <key id="h-maqtugha" to="ħ" /> <!-- maqtugħa, i.e. cut -->
        <key id="H-maqtugha" to="Ħ" /> <!-- maqtugħa, i.e. cut -->
        <key id="z-tikka" to="ż" />
        <key id="Z-tikka" to="Ż" />

        <!-- Cedilla -->
        <key id="c-cedilla" to="ç" />
    </keys>

     <!-- 48-key -->
    <layers form="iso">
        <layer modifier="none">
            <row keys="c-tikka 1 2 3 4 5 6 7 8 9 0 hyphen equal" />
            <row keys="q w e r t y u i o p g-tikka h-maqtugha" />
            <row keys="a s d f g h j k l semi-colon hash" />
            <row keys="z-tikka z x c v b n m comma period slash" />
            <row keys="space" />
        </layer>

        <layer modifier="shift">
            <row keys="C-tikka bang double-quote euro dollar percent caret amp open-paren close-paren underscore plus" />
            <row keys="Q W E R T Y U I O P G-tikka H-maqtugha" />
            <row keys="A S D F G H J K L colon at tilde" />
            <row keys="Z-tikka Z X C V B N M open-angle close-angle question" />
            <row keys="space" />
        </layer>

        <layer modifier="altR">
            <row keys="grave gap gap pound gap gap gap gap gap gap gap gap gap" />
            <row keys="gap gap e-grave gap gap gap u-grave i-grave o-grave gap open-square close-square" />
            <row keys="a-grave gap gap gap gap gap gap gap gap gap gap gap" />
            <row keys="backslash gap gap gap gap gap gap gap gap gap gap" />
            <row keys="space" />
        </layer>

        <layer modifier="altR shift">
            <row keys="not gap gap gap gap gap gap gap gap gap gap gap gap" />
            <row keys="gap gap E-grave gap gap gap U-grave I-grave O-grave gap open-curly close-curly" />
            <row keys="A-grave gap gap gap gap gap gap gap gap gap gap gap" />
            <row keys="pipe gap gap gap gap gap gap gap gap gap gap" />
            <row keys="space" />
        </layer>
    </layers>

</keyboard>
