<?xml version="1.0" encoding="UTF-8" ?>
<!DOCTYPE ldml SYSTEM "../../common/dtd/ldml.dtd">
<!-- Copyright © 1991-2023 Unicode, Inc.
For terms of use, see http://www.unicode.org/copyright.html
SPDX-License-Identifier: Unicode-DFS-2016
CLDR data files are interpreted according to the LDML specification (http://unicode.org/reports/tr35/)

Derived short names and annotations, using GenerateDerivedAnnotations.java. See warnings in /annotations/ file.
-->
<ldml>
	<identity>
		<version number="$Revision$"/>
		<language type="de"/>
		<territory type="CH"/>
	</identity>
	<annotations>
		<annotation cp="🖖🏻">Finger | Hand | helle Hautfarbe | Spock | Vulkanier(in) | vulkanisch | Vulkanischer Gruss | Vulkanischer Gruss: helle Hautfarbe</annotation>
		<annotation cp="🖖🏻" type="tts">Vulkanischer Gruss: helle Hautfarbe</annotation>
		<annotation cp="🖖🏼">Finger | Hand | mittelhelle Hautfarbe | Spock | Vulkanier(in) | vulkanisch | Vulkanischer Gruss | Vulkanischer Gruss: mittelhelle Hautfarbe</annotation>
		<annotation cp="🖖🏼" type="tts">Vulkanischer Gruss: mittelhelle Hautfarbe</annotation>
		<annotation cp="🖖🏽">Finger | Hand | mittlere Hautfarbe | Spock | Vulkanier(in) | vulkanisch | Vulkanischer Gruss | Vulkanischer Gruss: mittlere Hautfarbe</annotation>
		<annotation cp="🖖🏽" type="tts">Vulkanischer Gruss: mittlere Hautfarbe</annotation>
		<annotation cp="🖖🏾">Finger | Hand | mitteldunkle Hautfarbe | Spock | Vulkanier(in) | vulkanisch | Vulkanischer Gruss | Vulkanischer Gruss: mitteldunkle Hautfarbe</annotation>
		<annotation cp="🖖🏾" type="tts">Vulkanischer Gruss: mitteldunkle Hautfarbe</annotation>
		<annotation cp="🖖🏿">dunkle Hautfarbe | Finger | Hand | Spock | Vulkanier(in) | vulkanisch | Vulkanischer Gruss | Vulkanischer Gruss: dunkle Hautfarbe</annotation>
		<annotation cp="🖖🏿" type="tts">Vulkanischer Gruss: dunkle Hautfarbe</annotation>
		<annotation cp="🫷🏻">drücken | helle Hautfarbe | High Five | nach links | nach links drückende Hand | nach links drückende Hand: helle Hautfarbe | nein | Stopp | warten</annotation>
		<annotation cp="🫷🏻" type="tts">nach links drückende Hand: helle Hautfarbe</annotation>
		<annotation cp="🫷🏼">drücken | High Five | mittelhelle Hautfarbe | nach links | nach links drückende Hand | nach links drückende Hand: mittelhelle Hautfarbe | nein | Stopp | warten</annotation>
		<annotation cp="🫷🏼" type="tts">nach links drückende Hand: mittelhelle Hautfarbe</annotation>
		<annotation cp="🫷🏽">drücken | High Five | mittlere Hautfarbe | nach links | nach links drückende Hand | nach links drückende Hand: mittlere Hautfarbe | nein | Stopp | warten</annotation>
		<annotation cp="🫷🏽" type="tts">nach links drückende Hand: mittlere Hautfarbe</annotation>
		<annotation cp="🫷🏾">drücken | High Five | mitteldunkle Hautfarbe | nach links | nach links drückende Hand | nach links drückende Hand: mitteldunkle Hautfarbe | nein | Stopp | warten</annotation>
		<annotation cp="🫷🏾" type="tts">nach links drückende Hand: mitteldunkle Hautfarbe</annotation>
		<annotation cp="🫷🏿">drücken | dunkle Hautfarbe | High Five | nach links | nach links drückende Hand | nach links drückende Hand: dunkle Hautfarbe | nein | Stopp | warten</annotation>
		<annotation cp="🫷🏿" type="tts">nach links drückende Hand: dunkle Hautfarbe</annotation>
		<annotation cp="🫸🏻">drücken | helle Hautfarbe | High Five | nach rechts | nach rechts drückende Hand | nach rechts drückende Hand: helle Hautfarbe | nein | Stopp | warten</annotation>
		<annotation cp="🫸🏻" type="tts">nach rechts drückende Hand: helle Hautfarbe</annotation>
		<annotation cp="🫸🏼">drücken | High Five | mittelhelle Hautfarbe | nach rechts | nach rechts drückende Hand | nach rechts drückende Hand: mittelhelle Hautfarbe | nein | Stopp | warten</annotation>
		<annotation cp="🫸🏼" type="tts">nach rechts drückende Hand: mittelhelle Hautfarbe</annotation>
		<annotation cp="🫸🏽">drücken | High Five | mittlere Hautfarbe | nach rechts | nach rechts drückende Hand | nach rechts drückende Hand: mittlere Hautfarbe | nein | Stopp | warten</annotation>
		<annotation cp="🫸🏽" type="tts">nach rechts drückende Hand: mittlere Hautfarbe</annotation>
		<annotation cp="🫸🏾">drücken | High Five | mitteldunkle Hautfarbe | nach rechts | nach rechts drückende Hand | nach rechts drückende Hand: mitteldunkle Hautfarbe | nein | Stopp | warten</annotation>
		<annotation cp="🫸🏾" type="tts">nach rechts drückende Hand: mitteldunkle Hautfarbe</annotation>
		<annotation cp="🫸🏿">drücken | dunkle Hautfarbe | High Five | nach rechts | nach rechts drückende Hand | nach rechts drückende Hand: dunkle Hautfarbe | nein | Stopp | warten</annotation>
		<annotation cp="🫸🏿" type="tts">nach rechts drückende Hand: dunkle Hautfarbe</annotation>
		<annotation cp="🤘🏻">Finger | Hand | helle Hautfarbe | Hörner | Rock | Teufel | Teufelsgruss | Teufelsgruss: helle Hautfarbe</annotation>
		<annotation cp="🤘🏻" type="tts">Teufelsgruss: helle Hautfarbe</annotation>
		<annotation cp="🤘🏼">Finger | Hand | Hörner | mittelhelle Hautfarbe | Rock | Teufel | Teufelsgruss | Teufelsgruss: mittelhelle Hautfarbe</annotation>
		<annotation cp="🤘🏼" type="tts">Teufelsgruss: mittelhelle Hautfarbe</annotation>
		<annotation cp="🤘🏽">Finger | Hand | Hörner | mittlere Hautfarbe | Rock | Teufel | Teufelsgruss | Teufelsgruss: mittlere Hautfarbe</annotation>
		<annotation cp="🤘🏽" type="tts">Teufelsgruss: mittlere Hautfarbe</annotation>
		<annotation cp="🤘🏾">Finger | Hand | Hörner | mitteldunkle Hautfarbe | Rock | Teufel | Teufelsgruss | Teufelsgruss: mitteldunkle Hautfarbe</annotation>
		<annotation cp="🤘🏾" type="tts">Teufelsgruss: mitteldunkle Hautfarbe</annotation>
		<annotation cp="🤘🏿">dunkle Hautfarbe | Finger | Hand | Hörner | Rock | Teufel | Teufelsgruss | Teufelsgruss: dunkle Hautfarbe</annotation>
		<annotation cp="🤘🏿" type="tts">Teufelsgruss: dunkle Hautfarbe</annotation>
		<annotation cp="🙏🏻">beten | betende Hände | bitten | danken | Gebet | grüssen | helle Hautfarbe | zusammengelegte Handflächen</annotation>
		<annotation cp="🙏🏼">beten | betende Hände | bitten | danken | Gebet | grüssen | mittelhelle Hautfarbe | zusammengelegte Handflächen</annotation>
		<annotation cp="🙏🏽">beten | betende Hände | bitten | danken | Gebet | grüssen | mittlere Hautfarbe | zusammengelegte Handflächen</annotation>
		<annotation cp="🙏🏾">beten | betende Hände | bitten | danken | Gebet | grüssen | mitteldunkle Hautfarbe | zusammengelegte Handflächen</annotation>
		<annotation cp="🙏🏿">beten | betende Hände | bitten | danken | dunkle Hautfarbe | Gebet | grüssen | zusammengelegte Handflächen</annotation>
		<annotation cp="🦶🏻">Fuss | Fuss: helle Hautfarbe | helle Hautfarbe | Kick | stampfen</annotation>
		<annotation cp="🦶🏻" type="tts">Fuss: helle Hautfarbe</annotation>
		<annotation cp="🦶🏼">Fuss | Fuss: mittelhelle Hautfarbe | Kick | mittelhelle Hautfarbe | stampfen</annotation>
		<annotation cp="🦶🏼" type="tts">Fuss: mittelhelle Hautfarbe</annotation>
		<annotation cp="🦶🏽">Fuss | Fuss: mittlere Hautfarbe | Kick | mittlere Hautfarbe | stampfen</annotation>
		<annotation cp="🦶🏽" type="tts">Fuss: mittlere Hautfarbe</annotation>
		<annotation cp="🦶🏾">Fuss | Fuss: mitteldunkle Hautfarbe | Kick | mitteldunkle Hautfarbe | stampfen</annotation>
		<annotation cp="🦶🏾" type="tts">Fuss: mitteldunkle Hautfarbe</annotation>
		<annotation cp="🦶🏿">dunkle Hautfarbe | Fuss | Fuss: dunkle Hautfarbe | Kick | stampfen</annotation>
		<annotation cp="🦶🏿" type="tts">Fuss: dunkle Hautfarbe</annotation>
		<annotation cp="🧑‍🦳">erwachsene Person | geschlechtsneutral | Mensch | ohne eindeutiges Geschlecht | Person | Person: weisses Haar | weisses Haar</annotation>
		<annotation cp="🧑‍🦳" type="tts">Person: weisses Haar</annotation>
		<annotation cp="🧑🏻‍🦳">erwachsene Person | geschlechtsneutral | helle Hautfarbe | Mensch | ohne eindeutiges Geschlecht | Person | Person: helle Hautfarbe, weisses Haar | weisses Haar</annotation>
		<annotation cp="🧑🏻‍🦳" type="tts">Person: helle Hautfarbe, weisses Haar</annotation>
		<annotation cp="🧑🏼‍🦳">erwachsene Person | geschlechtsneutral | Mensch | mittelhelle Hautfarbe | ohne eindeutiges Geschlecht | Person | Person: mittelhelle Hautfarbe, weisses Haar | weisses Haar</annotation>
		<annotation cp="🧑🏼‍🦳" type="tts">Person: mittelhelle Hautfarbe, weisses Haar</annotation>
		<annotation cp="🧑🏽‍🦳">erwachsene Person | geschlechtsneutral | Mensch | mittlere Hautfarbe | ohne eindeutiges Geschlecht | Person | Person: mittlere Hautfarbe, weisses Haar | weisses Haar</annotation>
		<annotation cp="🧑🏽‍🦳" type="tts">Person: mittlere Hautfarbe, weisses Haar</annotation>
		<annotation cp="🧑🏾‍🦳">erwachsene Person | geschlechtsneutral | Mensch | mitteldunkle Hautfarbe | ohne eindeutiges Geschlecht | Person | Person: mitteldunkle Hautfarbe, weisses Haar | weisses Haar</annotation>
		<annotation cp="🧑🏾‍🦳" type="tts">Person: mitteldunkle Hautfarbe, weisses Haar</annotation>
		<annotation cp="🧑🏿‍🦳">dunkle Hautfarbe | erwachsene Person | geschlechtsneutral | Mensch | ohne eindeutiges Geschlecht | Person | Person: dunkle Hautfarbe, weisses Haar | weisses Haar</annotation>
		<annotation cp="🧑🏿‍🦳" type="tts">Person: dunkle Hautfarbe, weisses Haar</annotation>
		<annotation cp="👨‍🦳">Mann | Mann: weisses Haar | weisses Haar</annotation>
		<annotation cp="👨‍🦳" type="tts">Mann: weisses Haar</annotation>
		<annotation cp="👨🏻‍🦳">helle Hautfarbe | Mann | Mann: helle Hautfarbe, weisses Haar | weisses Haar</annotation>
		<annotation cp="👨🏻‍🦳" type="tts">Mann: helle Hautfarbe, weisses Haar</annotation>
		<annotation cp="👨🏼‍🦳">Mann | Mann: mittelhelle Hautfarbe, weisses Haar | mittelhelle Hautfarbe | weisses Haar</annotation>
		<annotation cp="👨🏼‍🦳" type="tts">Mann: mittelhelle Hautfarbe, weisses Haar</annotation>
		<annotation cp="👨🏽‍🦳">Mann | Mann: mittlere Hautfarbe, weisses Haar | mittlere Hautfarbe | weisses Haar</annotation>
		<annotation cp="👨🏽‍🦳" type="tts">Mann: mittlere Hautfarbe, weisses Haar</annotation>
		<annotation cp="👨🏾‍🦳">Mann | Mann: mitteldunkle Hautfarbe, weisses Haar | mitteldunkle Hautfarbe | weisses Haar</annotation>
		<annotation cp="👨🏾‍🦳" type="tts">Mann: mitteldunkle Hautfarbe, weisses Haar</annotation>
		<annotation cp="👨🏿‍🦳">dunkle Hautfarbe | Mann | Mann: dunkle Hautfarbe, weisses Haar | weisses Haar</annotation>
		<annotation cp="👨🏿‍🦳" type="tts">Mann: dunkle Hautfarbe, weisses Haar</annotation>
		<annotation cp="👩‍🦳">Frau | Frau: weisses Haar | weisses Haar</annotation>
		<annotation cp="👩‍🦳" type="tts">Frau: weisses Haar</annotation>
		<annotation cp="👩🏻‍🦳">Frau | Frau: helle Hautfarbe, weisses Haar | helle Hautfarbe | weisses Haar</annotation>
		<annotation cp="👩🏻‍🦳" type="tts">Frau: helle Hautfarbe, weisses Haar</annotation>
		<annotation cp="👩🏼‍🦳">Frau | Frau: mittelhelle Hautfarbe, weisses Haar | mittelhelle Hautfarbe | weisses Haar</annotation>
		<annotation cp="👩🏼‍🦳" type="tts">Frau: mittelhelle Hautfarbe, weisses Haar</annotation>
		<annotation cp="👩🏽‍🦳">Frau | Frau: mittlere Hautfarbe, weisses Haar | mittlere Hautfarbe | weisses Haar</annotation>
		<annotation cp="👩🏽‍🦳" type="tts">Frau: mittlere Hautfarbe, weisses Haar</annotation>
		<annotation cp="👩🏾‍🦳">Frau | Frau: mitteldunkle Hautfarbe, weisses Haar | mitteldunkle Hautfarbe | weisses Haar</annotation>
		<annotation cp="👩🏾‍🦳" type="tts">Frau: mitteldunkle Hautfarbe, weisses Haar</annotation>
		<annotation cp="👩🏿‍🦳">dunkle Hautfarbe | Frau | Frau: dunkle Hautfarbe, weisses Haar | weisses Haar</annotation>
		<annotation cp="👩🏿‍🦳" type="tts">Frau: dunkle Hautfarbe, weisses Haar</annotation>
		<annotation cp="🧑🏻‍⚕">Arzt | Arzt/Ärztin | Gesundheitswesen | helle Hautfarbe | Krankenpfleger | Krankenpflegerin | Therapeut</annotation>
		<annotation cp="🧑🏼‍⚕">Arzt | Arzt/Ärztin | Gesundheitswesen | Krankenpfleger | Krankenpflegerin | mittelhelle Hautfarbe | Therapeut</annotation>
		<annotation cp="🧑🏽‍⚕">Arzt | Arzt/Ärztin | Gesundheitswesen | Krankenpfleger | Krankenpflegerin | mittlere Hautfarbe | Therapeut</annotation>
		<annotation cp="🧑🏾‍⚕">Arzt | Arzt/Ärztin | Gesundheitswesen | Krankenpfleger | Krankenpflegerin | mitteldunkle Hautfarbe | Therapeut</annotation>
		<annotation cp="🧑🏿‍⚕">Arzt | Arzt/Ärztin | dunkle Hautfarbe | Gesundheitswesen | Krankenpfleger | Krankenpflegerin | Therapeut</annotation>
		<annotation cp="🧑🏻‍🔧">helle Hautfarbe | Mechaniker(in)</annotation>
		<annotation cp="🧑🏼‍🔧">Mechaniker(in) | mittelhelle Hautfarbe</annotation>
		<annotation cp="🧑🏽‍🔧">Mechaniker(in) | mittlere Hautfarbe</annotation>
		<annotation cp="🧑🏾‍🔧">Mechaniker(in) | mitteldunkle Hautfarbe</annotation>
		<annotation cp="🧑🏿‍🔧">dunkle Hautfarbe | Mechaniker(in)</annotation>
		<annotation cp="👨🏻‍🏭">Arbeiter | Fabrik | Fabrikarbeiter | helle Hautfarbe | industriell | Montage</annotation>
		<annotation cp="👨🏼‍🏭">Arbeiter | Fabrik | Fabrikarbeiter | industriell | mittelhelle Hautfarbe | Montage</annotation>
		<annotation cp="👨🏽‍🏭">Arbeiter | Fabrik | Fabrikarbeiter | industriell | mittlere Hautfarbe | Montage</annotation>
		<annotation cp="👨🏾‍🏭">Arbeiter | Fabrik | Fabrikarbeiter | industriell | mitteldunkle Hautfarbe | Montage</annotation>
		<annotation cp="👨🏿‍🏭">Arbeiter | dunkle Hautfarbe | Fabrik | Fabrikarbeiter | industriell | Montage</annotation>
		<annotation cp="👩🏻‍🏭">Arbeiter | Fabrik | Fabrikarbeiterin | helle Hautfarbe | industriell | Montage</annotation>
		<annotation cp="👩🏼‍🏭">Arbeiter | Fabrik | Fabrikarbeiterin | industriell | mittelhelle Hautfarbe | Montage</annotation>
		<annotation cp="👩🏽‍🏭">Arbeiter | Fabrik | Fabrikarbeiterin | industriell | mittlere Hautfarbe | Montage</annotation>
		<annotation cp="👩🏾‍🏭">Arbeiter | Fabrik | Fabrikarbeiterin | industriell | mitteldunkle Hautfarbe | Montage</annotation>
		<annotation cp="👩🏿‍🏭">Arbeiter | dunkle Hautfarbe | Fabrik | Fabrikarbeiterin | industriell | Montage</annotation>
		<annotation cp="🧑🏻‍💼">Architekt | Büroangestellte(r) | Business | helle Hautfarbe | Manager</annotation>
		<annotation cp="🧑🏼‍💼">Architekt | Büroangestellte(r) | Business | Manager | mittelhelle Hautfarbe</annotation>
		<annotation cp="🧑🏽‍💼">Architekt | Büroangestellte(r) | Business | Manager | mittlere Hautfarbe</annotation>
		<annotation cp="🧑🏾‍💼">Architekt | Büroangestellte(r) | Business | Manager | mitteldunkle Hautfarbe</annotation>
		<annotation cp="🧑🏿‍💼">Architekt | Büroangestellte(r) | Business | dunkle Hautfarbe | Manager</annotation>
		<annotation cp="🧑🏻‍🔬">helle Hautfarbe | Wissenschaftler(in)</annotation>
		<annotation cp="🧑🏼‍🔬">mittelhelle Hautfarbe | Wissenschaftler(in)</annotation>
		<annotation cp="🧑🏽‍🔬">mittlere Hautfarbe | Wissenschaftler(in)</annotation>
		<annotation cp="🧑🏾‍🔬">mitteldunkle Hautfarbe | Wissenschaftler(in)</annotation>
		<annotation cp="🧑🏿‍🔬">dunkle Hautfarbe | Wissenschaftler(in)</annotation>
		<annotation cp="🎅🏻">helle Hautfarbe | Samichlaus | Weihnachten | Weihnachtsmann</annotation>
		<annotation cp="🎅🏼">mittelhelle Hautfarbe | Samichlaus | Weihnachten | Weihnachtsmann</annotation>
		<annotation cp="🎅🏽">mittlere Hautfarbe | Samichlaus | Weihnachten | Weihnachtsmann</annotation>
		<annotation cp="🎅🏾">mitteldunkle Hautfarbe | Samichlaus | Weihnachten | Weihnachtsmann</annotation>
		<annotation cp="🎅🏿">dunkle Hautfarbe | Samichlaus | Weihnachten | Weihnachtsmann</annotation>
		<annotation cp="💇🏻">Coiffeur | Friseur | Frisur | helle Hautfarbe | Person beim Haareschneiden</annotation>
		<annotation cp="💇🏼">Coiffeur | Friseur | Frisur | mittelhelle Hautfarbe | Person beim Haareschneiden</annotation>
		<annotation cp="💇🏽">Coiffeur | Friseur | Frisur | mittlere Hautfarbe | Person beim Haareschneiden</annotation>
		<annotation cp="💇🏾">Coiffeur | Friseur | Frisur | mitteldunkle Hautfarbe | Person beim Haareschneiden</annotation>
		<annotation cp="💇🏿">Coiffeur | dunkle Hautfarbe | Friseur | Frisur | Person beim Haareschneiden</annotation>
		<annotation cp="💇🏻‍♂">Coiffeur | Friseur | Haarschnitt | helle Hautfarbe | Mann | Mann beim Haareschneiden | Schere</annotation>
		<annotation cp="💇🏼‍♂">Coiffeur | Friseur | Haarschnitt | Mann | Mann beim Haareschneiden | mittelhelle Hautfarbe | Schere</annotation>
		<annotation cp="💇🏽‍♂">Coiffeur | Friseur | Haarschnitt | Mann | Mann beim Haareschneiden | mittlere Hautfarbe | Schere</annotation>
		<annotation cp="💇🏾‍♂">Coiffeur | Friseur | Haarschnitt | Mann | Mann beim Haareschneiden | mitteldunkle Hautfarbe | Schere</annotation>
		<annotation cp="💇🏿‍♂">Coiffeur | dunkle Hautfarbe | Friseur | Haarschnitt | Mann | Mann beim Haareschneiden | Schere</annotation>
		<annotation cp="💇🏻‍♀">Coiffeur | Frau | Frau beim Haareschneiden | Friseur | Haarschnitt | helle Hautfarbe | Schere</annotation>
		<annotation cp="💇🏼‍♀">Coiffeur | Frau | Frau beim Haareschneiden | Friseur | Haarschnitt | mittelhelle Hautfarbe | Schere</annotation>
		<annotation cp="💇🏽‍♀">Coiffeur | Frau | Frau beim Haareschneiden | Friseur | Haarschnitt | mittlere Hautfarbe | Schere</annotation>
		<annotation cp="💇🏾‍♀">Coiffeur | Frau | Frau beim Haareschneiden | Friseur | Haarschnitt | mitteldunkle Hautfarbe | Schere</annotation>
		<annotation cp="💇🏿‍♀">Coiffeur | dunkle Hautfarbe | Frau | Frau beim Haareschneiden | Friseur | Haarschnitt | Schere</annotation>
		<annotation cp="🚶🏻">Fussgänger(in) | Fussgänger(in): helle Hautfarbe | gehen | gehend | helle Hautfarbe | wandern</annotation>
		<annotation cp="🚶🏻" type="tts">Fussgänger(in): helle Hautfarbe</annotation>
		<annotation cp="🚶🏼">Fussgänger(in) | Fussgänger(in): mittelhelle Hautfarbe | gehen | gehend | mittelhelle Hautfarbe | wandern</annotation>
		<annotation cp="🚶🏼" type="tts">Fussgänger(in): mittelhelle Hautfarbe</annotation>
		<annotation cp="🚶🏽">Fussgänger(in) | Fussgänger(in): mittlere Hautfarbe | gehen | gehend | mittlere Hautfarbe | wandern</annotation>
		<annotation cp="🚶🏽" type="tts">Fussgänger(in): mittlere Hautfarbe</annotation>
		<annotation cp="🚶🏾">Fussgänger(in) | Fussgänger(in): mitteldunkle Hautfarbe | gehen | gehend | mitteldunkle Hautfarbe | wandern</annotation>
		<annotation cp="🚶🏾" type="tts">Fussgänger(in): mitteldunkle Hautfarbe</annotation>
		<annotation cp="🚶🏿">dunkle Hautfarbe | Fussgänger(in) | Fussgänger(in): dunkle Hautfarbe | gehen | gehend | wandern</annotation>
		<annotation cp="🚶🏿" type="tts">Fussgänger(in): dunkle Hautfarbe</annotation>
		<annotation cp="🚶🏻‍♂">Fussgänger | Fussgänger: helle Hautfarbe | gehen | helle Hautfarbe | Mann | Spaziergang</annotation>
		<annotation cp="🚶🏻‍♂" type="tts">Fussgänger: helle Hautfarbe</annotation>
		<annotation cp="🚶🏼‍♂">Fussgänger | Fussgänger: mittelhelle Hautfarbe | gehen | Mann | mittelhelle Hautfarbe | Spaziergang</annotation>
		<annotation cp="🚶🏼‍♂" type="tts">Fussgänger: mittelhelle Hautfarbe</annotation>
		<annotation cp="🚶🏽‍♂">Fussgänger | Fussgänger: mittlere Hautfarbe | gehen | Mann | mittlere Hautfarbe | Spaziergang</annotation>
		<annotation cp="🚶🏽‍♂" type="tts">Fussgänger: mittlere Hautfarbe</annotation>
		<annotation cp="🚶🏾‍♂">Fussgänger | Fussgänger: mitteldunkle Hautfarbe | gehen | Mann | mitteldunkle Hautfarbe | Spaziergang</annotation>
		<annotation cp="🚶🏾‍♂" type="tts">Fussgänger: mitteldunkle Hautfarbe</annotation>
		<annotation cp="🚶🏿‍♂">dunkle Hautfarbe | Fussgänger | Fussgänger: dunkle Hautfarbe | gehen | Mann | Spaziergang</annotation>
		<annotation cp="🚶🏿‍♂" type="tts">Fussgänger: dunkle Hautfarbe</annotation>
		<annotation cp="🚶🏻‍♀">Frau | Fussgängerin | Fussgängerin: helle Hautfarbe | gehen | helle Hautfarbe | Spaziergang</annotation>
		<annotation cp="🚶🏻‍♀" type="tts">Fussgängerin: helle Hautfarbe</annotation>
		<annotation cp="🚶🏼‍♀">Frau | Fussgängerin | Fussgängerin: mittelhelle Hautfarbe | gehen | mittelhelle Hautfarbe | Spaziergang</annotation>
		<annotation cp="🚶🏼‍♀" type="tts">Fussgängerin: mittelhelle Hautfarbe</annotation>
		<annotation cp="🚶🏽‍♀">Frau | Fussgängerin | Fussgängerin: mittlere Hautfarbe | gehen | mittlere Hautfarbe | Spaziergang</annotation>
		<annotation cp="🚶🏽‍♀" type="tts">Fussgängerin: mittlere Hautfarbe</annotation>
		<annotation cp="🚶🏾‍♀">Frau | Fussgängerin | Fussgängerin: mitteldunkle Hautfarbe | gehen | mitteldunkle Hautfarbe | Spaziergang</annotation>
		<annotation cp="🚶🏾‍♀" type="tts">Fussgängerin: mitteldunkle Hautfarbe</annotation>
		<annotation cp="🚶🏿‍♀">dunkle Hautfarbe | Frau | Fussgängerin | Fussgängerin: dunkle Hautfarbe | gehen | Spaziergang</annotation>
		<annotation cp="🚶🏿‍♀" type="tts">Fussgängerin: dunkle Hautfarbe</annotation>
		<annotation cp="🧑🏻‍🦯">Barrierefreiheit | blind | helle Hautfarbe | Person mit Langstock</annotation>
		<annotation cp="🧑🏼‍🦯">Barrierefreiheit | blind | mittelhelle Hautfarbe | Person mit Langstock</annotation>
		<annotation cp="🧑🏽‍🦯">Barrierefreiheit | blind | mittlere Hautfarbe | Person mit Langstock</annotation>
		<annotation cp="🧑🏾‍🦯">Barrierefreiheit | blind | mitteldunkle Hautfarbe | Person mit Langstock</annotation>
		<annotation cp="🧑🏿‍🦯">Barrierefreiheit | blind | dunkle Hautfarbe | Person mit Langstock</annotation>
		<annotation cp="👨🏻‍🦯">helle Hautfarbe | Mann mit Gehstock | Mann mit Langstock</annotation>
		<annotation cp="👨🏼‍🦯">Mann mit Gehstock | Mann mit Langstock | mittelhelle Hautfarbe</annotation>
		<annotation cp="👨🏽‍🦯">Mann mit Gehstock | Mann mit Langstock | mittlere Hautfarbe</annotation>
		<annotation cp="👨🏾‍🦯">Mann mit Gehstock | Mann mit Langstock | mitteldunkle Hautfarbe</annotation>
		<annotation cp="👨🏿‍🦯">dunkle Hautfarbe | Mann mit Gehstock | Mann mit Langstock</annotation>
		<annotation cp="🧗🏻‍♂">bergsteigen | Bergsteiger | helle Hautfarbe | Kletterer | klettern</annotation>
		<annotation cp="🧗🏼‍♂">bergsteigen | Bergsteiger | Kletterer | klettern | mittelhelle Hautfarbe</annotation>
		<annotation cp="🧗🏽‍♂">bergsteigen | Bergsteiger | Kletterer | klettern | mittlere Hautfarbe</annotation>
		<annotation cp="🧗🏾‍♂">bergsteigen | Bergsteiger | Kletterer | klettern | mitteldunkle Hautfarbe</annotation>
		<annotation cp="🧗🏿‍♂">bergsteigen | Bergsteiger | dunkle Hautfarbe | Kletterer | klettern</annotation>
		<annotation cp="🧗🏻‍♀">bergsteigen | Bergsteigerin | helle Hautfarbe | Kletterin | klettern</annotation>
		<annotation cp="🧗🏼‍♀">bergsteigen | Bergsteigerin | Kletterin | klettern | mittelhelle Hautfarbe</annotation>
		<annotation cp="🧗🏽‍♀">bergsteigen | Bergsteigerin | Kletterin | klettern | mittlere Hautfarbe</annotation>
		<annotation cp="🧗🏾‍♀">bergsteigen | Bergsteigerin | Kletterin | klettern | mitteldunkle Hautfarbe</annotation>
		<annotation cp="🧗🏿‍♀">bergsteigen | Bergsteigerin | dunkle Hautfarbe | Kletterin | klettern</annotation>
		<annotation cp="🇧🇳">Flagge | Flagge: Brunei</annotation>
		<annotation cp="🇧🇳" type="tts">Flagge: Brunei</annotation>
		<annotation cp="🇧🇼">Flagge | Flagge: Botswana</annotation>
		<annotation cp="🇧🇼" type="tts">Flagge: Botswana</annotation>
		<annotation cp="🇨🇻">Flagge | Flagge: Kapverden</annotation>
		<annotation cp="🇨🇻" type="tts">Flagge: Kapverden</annotation>
		<annotation cp="🇸🇧">Flagge | Flagge: Salomon-Inseln</annotation>
		<annotation cp="🇸🇧" type="tts">Flagge: Salomon-Inseln</annotation>
		<annotation cp="🇹🇱">Flagge | Flagge: Osttimor</annotation>
		<annotation cp="🇹🇱" type="tts">Flagge: Osttimor</annotation>
		<annotation cp="🇿🇼">Flagge | Flagge: Zimbabwe</annotation>
		<annotation cp="🇿🇼" type="tts">Flagge: Zimbabwe</annotation>
	</annotations>
</ldml>
