<?xml version="1.0" encoding="UTF-8" ?>
<!DOCTYPE ldml SYSTEM "../../common/dtd/ldml.dtd">
<!-- Copyright © 1991-2023 Unicode, Inc.
For terms of use, see http://www.unicode.org/copyright.html
SPDX-License-Identifier: Unicode-DFS-2016
CLDR data files are interpreted according to the LDML specification (http://unicode.org/reports/tr35/)

Derived short names and annotations, using GenerateDerivedAnnotations.java. See warnings in /annotations/ file.
-->
<ldml>
	<identity>
		<version number="$Revision$"/>
		<language type="ia"/>
	</identity>
	<annotations>
		<annotation cp="💪🏻">biceps | biceps contrahite | biceps flectite | biceps flectite: tono de pelle clar | flexion | forte | musculo | tono de pelle clar</annotation>
		<annotation cp="💪🏻" type="tts">biceps flectite: tono de pelle clar</annotation>
		<annotation cp="💪🏼">biceps | biceps contrahite | biceps flectite | biceps flectite: tono de pelle medio clar | flexion | forte | musculo | tono de pelle medio clar</annotation>
		<annotation cp="💪🏼" type="tts">biceps flectite: tono de pelle medio clar</annotation>
		<annotation cp="💪🏽">biceps | biceps contrahite | biceps flectite | biceps flectite: tono de pelle medie | flexion | forte | musculo | tono de pelle medie</annotation>
		<annotation cp="💪🏽" type="tts">biceps flectite: tono de pelle medie</annotation>
		<annotation cp="💪🏾">biceps | biceps contrahite | biceps flectite | biceps flectite: tono de pelle medio-obscur | flexion | forte | musculo | tono de pelle medio-obscur</annotation>
		<annotation cp="💪🏾" type="tts">biceps flectite: tono de pelle medio-obscur</annotation>
		<annotation cp="💪🏿">biceps | biceps contrahite | biceps flectite | biceps flectite: tono de pelle obscur | flexion | forte | musculo | tono de pelle obscur</annotation>
		<annotation cp="💪🏿" type="tts">biceps flectite: tono de pelle obscur</annotation>
		<annotation cp="🦵🏻">colpo de pede | gamba | gamba: tono de pelle clar | membro | tono de pelle clar</annotation>
		<annotation cp="🦵🏻" type="tts">gamba: tono de pelle clar</annotation>
		<annotation cp="🦵🏼">colpo de pede | gamba | gamba: tono de pelle medio clar | membro | tono de pelle medio clar</annotation>
		<annotation cp="🦵🏼" type="tts">gamba: tono de pelle medio clar</annotation>
		<annotation cp="🦵🏽">colpo de pede | gamba | gamba: tono de pelle medie | membro | tono de pelle medie</annotation>
		<annotation cp="🦵🏽" type="tts">gamba: tono de pelle medie</annotation>
		<annotation cp="🦵🏾">colpo de pede | gamba | gamba: tono de pelle medio-obscur | membro | tono de pelle medio-obscur</annotation>
		<annotation cp="🦵🏾" type="tts">gamba: tono de pelle medio-obscur</annotation>
		<annotation cp="🦵🏿">colpo de pede | gamba | gamba: tono de pelle obscur | membro | tono de pelle obscur</annotation>
		<annotation cp="🦵🏿" type="tts">gamba: tono de pelle obscur</annotation>
		<annotation cp="🦶🏻">colpo de pede | pede | pede: tono de pelle clar | tono de pelle clar</annotation>
		<annotation cp="🦶🏻" type="tts">pede: tono de pelle clar</annotation>
		<annotation cp="🦶🏼">colpo de pede | pede | pede: tono de pelle medio clar | tono de pelle medio clar</annotation>
		<annotation cp="🦶🏼" type="tts">pede: tono de pelle medio clar</annotation>
		<annotation cp="🦶🏽">colpo de pede | pede | pede: tono de pelle medie | tono de pelle medie</annotation>
		<annotation cp="🦶🏽" type="tts">pede: tono de pelle medie</annotation>
		<annotation cp="🦶🏾">colpo de pede | pede | pede: tono de pelle medio-obscur | tono de pelle medio-obscur</annotation>
		<annotation cp="🦶🏾" type="tts">pede: tono de pelle medio-obscur</annotation>
		<annotation cp="🦶🏿">colpo de pede | pede | pede: tono de pelle obscur | tono de pelle obscur</annotation>
		<annotation cp="🦶🏿" type="tts">pede: tono de pelle obscur</annotation>
		<annotation cp="👂🏻">audientia | audita | audition | aural | aure | aure: tono de pelle clar | auricular | corpore | tono de pelle clar</annotation>
		<annotation cp="👂🏻" type="tts">aure: tono de pelle clar</annotation>
		<annotation cp="👂🏼">audientia | audita | audition | aural | aure | aure: tono de pelle medio clar | auricular | corpore | tono de pelle medio clar</annotation>
		<annotation cp="👂🏼" type="tts">aure: tono de pelle medio clar</annotation>
		<annotation cp="👂🏽">audientia | audita | audition | aural | aure | aure: tono de pelle medie | auricular | corpore | tono de pelle medie</annotation>
		<annotation cp="👂🏽" type="tts">aure: tono de pelle medie</annotation>
		<annotation cp="👂🏾">audientia | audita | audition | aural | aure | aure: tono de pelle medio-obscur | auricular | corpore | tono de pelle medio-obscur</annotation>
		<annotation cp="👂🏾" type="tts">aure: tono de pelle medio-obscur</annotation>
		<annotation cp="👂🏿">audientia | audita | audition | aural | aure | aure: tono de pelle obscur | auricular | corpore | tono de pelle obscur</annotation>
		<annotation cp="👂🏿" type="tts">aure: tono de pelle obscur</annotation>
		<annotation cp="🦻🏻">accessibilitate | aure con audiophono | aure con audiophono: tono de pelle clar | debile de audito | dur de aure | tono de pelle clar</annotation>
		<annotation cp="🦻🏻" type="tts">aure con audiophono: tono de pelle clar</annotation>
		<annotation cp="🦻🏼">accessibilitate | aure con audiophono | aure con audiophono: tono de pelle medio clar | debile de audito | dur de aure | tono de pelle medio clar</annotation>
		<annotation cp="🦻🏼" type="tts">aure con audiophono: tono de pelle medio clar</annotation>
		<annotation cp="🦻🏽">accessibilitate | aure con audiophono | aure con audiophono: tono de pelle medie | debile de audito | dur de aure | tono de pelle medie</annotation>
		<annotation cp="🦻🏽" type="tts">aure con audiophono: tono de pelle medie</annotation>
		<annotation cp="🦻🏾">accessibilitate | aure con audiophono | aure con audiophono: tono de pelle medio-obscur | debile de audito | dur de aure | tono de pelle medio-obscur</annotation>
		<annotation cp="🦻🏾" type="tts">aure con audiophono: tono de pelle medio-obscur</annotation>
		<annotation cp="🦻🏿">accessibilitate | aure con audiophono | aure con audiophono: tono de pelle obscur | debile de audito | dur de aure | tono de pelle obscur</annotation>
		<annotation cp="🦻🏿" type="tts">aure con audiophono: tono de pelle obscur</annotation>
		<annotation cp="👃🏻">corpore | naso | naso: tono de pelle clar | tono de pelle clar</annotation>
		<annotation cp="👃🏻" type="tts">naso: tono de pelle clar</annotation>
		<annotation cp="👃🏼">corpore | naso | naso: tono de pelle medio clar | tono de pelle medio clar</annotation>
		<annotation cp="👃🏼" type="tts">naso: tono de pelle medio clar</annotation>
		<annotation cp="👃🏽">corpore | naso | naso: tono de pelle medie | tono de pelle medie</annotation>
		<annotation cp="👃🏽" type="tts">naso: tono de pelle medie</annotation>
		<annotation cp="👃🏾">corpore | naso | naso: tono de pelle medio-obscur | tono de pelle medio-obscur</annotation>
		<annotation cp="👃🏾" type="tts">naso: tono de pelle medio-obscur</annotation>
		<annotation cp="👃🏿">corpore | naso | naso: tono de pelle obscur | tono de pelle obscur</annotation>
		<annotation cp="👃🏿" type="tts">naso: tono de pelle obscur</annotation>
		<annotation cp="🤵🏻">fidantiato | homine | marito | persona in tuxedo | persona in tuxedo: tono de pelle clar | sponso | sposo | tono de pelle clar | tuxedo</annotation>
		<annotation cp="🤵🏻" type="tts">persona in tuxedo: tono de pelle clar</annotation>
		<annotation cp="🤵🏼">fidantiato | homine | marito | persona in tuxedo | persona in tuxedo: tono de pelle medio clar | sponso | sposo | tono de pelle medio clar | tuxedo</annotation>
		<annotation cp="🤵🏼" type="tts">persona in tuxedo: tono de pelle medio clar</annotation>
		<annotation cp="🤵🏽">fidantiato | homine | marito | persona in tuxedo | persona in tuxedo: tono de pelle medie | sponso | sposo | tono de pelle medie | tuxedo</annotation>
		<annotation cp="🤵🏽" type="tts">persona in tuxedo: tono de pelle medie</annotation>
		<annotation cp="🤵🏾">fidantiato | homine | marito | persona in tuxedo | persona in tuxedo: tono de pelle medio-obscur | sponso | sposo | tono de pelle medio-obscur | tuxedo</annotation>
		<annotation cp="🤵🏾" type="tts">persona in tuxedo: tono de pelle medio-obscur</annotation>
		<annotation cp="🤵🏿">fidantiato | homine | marito | persona in tuxedo | persona in tuxedo: tono de pelle obscur | sponso | sposo | tono de pelle obscur | tuxedo</annotation>
		<annotation cp="🤵🏿" type="tts">persona in tuxedo: tono de pelle obscur</annotation>
		<annotation cp="👰🏻">femina | fidantiata | marita | persona con vela | persona con vela: tono de pelle clar | sponsa | sposa | tono de pelle clar | vela</annotation>
		<annotation cp="👰🏻" type="tts">persona con vela: tono de pelle clar</annotation>
		<annotation cp="👰🏼">femina | fidantiata | marita | persona con vela | persona con vela: tono de pelle medio clar | sponsa | sposa | tono de pelle medio clar | vela</annotation>
		<annotation cp="👰🏼" type="tts">persona con vela: tono de pelle medio clar</annotation>
		<annotation cp="👰🏽">femina | fidantiata | marita | persona con vela | persona con vela: tono de pelle medie | sponsa | sposa | tono de pelle medie | vela</annotation>
		<annotation cp="👰🏽" type="tts">persona con vela: tono de pelle medie</annotation>
		<annotation cp="👰🏾">femina | fidantiata | marita | persona con vela | persona con vela: tono de pelle medio-obscur | sponsa | sposa | tono de pelle medio-obscur | vela</annotation>
		<annotation cp="👰🏾" type="tts">persona con vela: tono de pelle medio-obscur</annotation>
		<annotation cp="👰🏿">femina | fidantiata | marita | persona con vela | persona con vela: tono de pelle obscur | sponsa | sposa | tono de pelle obscur | vela</annotation>
		<annotation cp="👰🏿" type="tts">persona con vela: tono de pelle obscur</annotation>
		<annotation cp="#⃣">clave | clave: #</annotation>
		<annotation cp="#⃣" type="tts">clave: #</annotation>
		<annotation cp="*⃣">clave | clave: *</annotation>
		<annotation cp="*⃣" type="tts">clave: *</annotation>
		<annotation cp="🔟">clave | clave: 10</annotation>
		<annotation cp="🔟" type="tts">clave: 10</annotation>
		<annotation cp="🇦🇨">bandiera | bandiera: Insula del Ascension</annotation>
		<annotation cp="🇦🇨" type="tts">bandiera: Insula del Ascension</annotation>
		<annotation cp="🇦🇩">bandiera | bandiera: Andorra</annotation>
		<annotation cp="🇦🇩" type="tts">bandiera: Andorra</annotation>
		<annotation cp="🇦🇪">bandiera | bandiera: Emiratos Arabe Unite</annotation>
		<annotation cp="🇦🇪" type="tts">bandiera: Emiratos Arabe Unite</annotation>
		<annotation cp="🇦🇫">bandiera | bandiera: Afghanistan</annotation>
		<annotation cp="🇦🇫" type="tts">bandiera: Afghanistan</annotation>
		<annotation cp="🇦🇬">bandiera | bandiera: Antigua e Barbuda</annotation>
		<annotation cp="🇦🇬" type="tts">bandiera: Antigua e Barbuda</annotation>
		<annotation cp="🇦🇮">bandiera | bandiera: Anguilla</annotation>
		<annotation cp="🇦🇮" type="tts">bandiera: Anguilla</annotation>
		<annotation cp="🇦🇱">bandiera | bandiera: Albania</annotation>
		<annotation cp="🇦🇱" type="tts">bandiera: Albania</annotation>
		<annotation cp="🇦🇲">bandiera | bandiera: Armenia</annotation>
		<annotation cp="🇦🇲" type="tts">bandiera: Armenia</annotation>
		<annotation cp="🇦🇴">bandiera | bandiera: Angola</annotation>
		<annotation cp="🇦🇴" type="tts">bandiera: Angola</annotation>
		<annotation cp="🇦🇶">bandiera | bandiera: Antarctica</annotation>
		<annotation cp="🇦🇶" type="tts">bandiera: Antarctica</annotation>
		<annotation cp="🇦🇷">bandiera | bandiera: Argentina</annotation>
		<annotation cp="🇦🇷" type="tts">bandiera: Argentina</annotation>
		<annotation cp="🇦🇸">bandiera | bandiera: Samoa american</annotation>
		<annotation cp="🇦🇸" type="tts">bandiera: Samoa american</annotation>
		<annotation cp="🇦🇹">bandiera | bandiera: Austria</annotation>
		<annotation cp="🇦🇹" type="tts">bandiera: Austria</annotation>
		<annotation cp="🇦🇺">bandiera | bandiera: Australia</annotation>
		<annotation cp="🇦🇺" type="tts">bandiera: Australia</annotation>
		<annotation cp="🇦🇼">bandiera | bandiera: Aruba</annotation>
		<annotation cp="🇦🇼" type="tts">bandiera: Aruba</annotation>
		<annotation cp="🇦🇽">bandiera | bandiera: Insulas Åland</annotation>
		<annotation cp="🇦🇽" type="tts">bandiera: Insulas Åland</annotation>
		<annotation cp="🇦🇿">bandiera | bandiera: Azerbaidzhan</annotation>
		<annotation cp="🇦🇿" type="tts">bandiera: Azerbaidzhan</annotation>
		<annotation cp="🇧🇦">bandiera | bandiera: Bosnia e Herzegovina</annotation>
		<annotation cp="🇧🇦" type="tts">bandiera: Bosnia e Herzegovina</annotation>
		<annotation cp="🇧🇧">bandiera | bandiera: Barbados</annotation>
		<annotation cp="🇧🇧" type="tts">bandiera: Barbados</annotation>
		<annotation cp="🇧🇩">bandiera | bandiera: Bangladesh</annotation>
		<annotation cp="🇧🇩" type="tts">bandiera: Bangladesh</annotation>
		<annotation cp="🇧🇪">bandiera | bandiera: Belgica</annotation>
		<annotation cp="🇧🇪" type="tts">bandiera: Belgica</annotation>
		<annotation cp="🇧🇫">bandiera | bandiera: Burkina Faso</annotation>
		<annotation cp="🇧🇫" type="tts">bandiera: Burkina Faso</annotation>
		<annotation cp="🇧🇬">bandiera | bandiera: Bulgaria</annotation>
		<annotation cp="🇧🇬" type="tts">bandiera: Bulgaria</annotation>
		<annotation cp="🇧🇭">bandiera | bandiera: Bahrain</annotation>
		<annotation cp="🇧🇭" type="tts">bandiera: Bahrain</annotation>
		<annotation cp="🇧🇮">bandiera | bandiera: Burundi</annotation>
		<annotation cp="🇧🇮" type="tts">bandiera: Burundi</annotation>
		<annotation cp="🇧🇯">bandiera | bandiera: Benin</annotation>
		<annotation cp="🇧🇯" type="tts">bandiera: Benin</annotation>
		<annotation cp="🇧🇱">bandiera | bandiera: Sancte Bartholomeo</annotation>
		<annotation cp="🇧🇱" type="tts">bandiera: Sancte Bartholomeo</annotation>
		<annotation cp="🇧🇲">bandiera | bandiera: Bermuda</annotation>
		<annotation cp="🇧🇲" type="tts">bandiera: Bermuda</annotation>
		<annotation cp="🇧🇳">bandiera | bandiera: Brunei</annotation>
		<annotation cp="🇧🇳" type="tts">bandiera: Brunei</annotation>
		<annotation cp="🇧🇴">bandiera | bandiera: Bolivia</annotation>
		<annotation cp="🇧🇴" type="tts">bandiera: Bolivia</annotation>
		<annotation cp="🇧🇶">bandiera | bandiera: Paises Basse caribe</annotation>
		<annotation cp="🇧🇶" type="tts">bandiera: Paises Basse caribe</annotation>
		<annotation cp="🇧🇷">bandiera | bandiera: Brasil</annotation>
		<annotation cp="🇧🇷" type="tts">bandiera: Brasil</annotation>
		<annotation cp="🇧🇸">bandiera | bandiera: Bahamas</annotation>
		<annotation cp="🇧🇸" type="tts">bandiera: Bahamas</annotation>
		<annotation cp="🇧🇹">bandiera | bandiera: Bhutan</annotation>
		<annotation cp="🇧🇹" type="tts">bandiera: Bhutan</annotation>
		<annotation cp="🇧🇻">bandiera | bandiera: Insula de Bouvet</annotation>
		<annotation cp="🇧🇻" type="tts">bandiera: Insula de Bouvet</annotation>
		<annotation cp="🇧🇼">bandiera | bandiera: Botswana</annotation>
		<annotation cp="🇧🇼" type="tts">bandiera: Botswana</annotation>
		<annotation cp="🇧🇾">bandiera | bandiera: Bielorussia</annotation>
		<annotation cp="🇧🇾" type="tts">bandiera: Bielorussia</annotation>
		<annotation cp="🇧🇿">bandiera | bandiera: Belize</annotation>
		<annotation cp="🇧🇿" type="tts">bandiera: Belize</annotation>
		<annotation cp="🇨🇦">bandiera | bandiera: Canada</annotation>
		<annotation cp="🇨🇦" type="tts">bandiera: Canada</annotation>
		<annotation cp="🇨🇨">bandiera | bandiera: Insulas Cocos (Keeling)</annotation>
		<annotation cp="🇨🇨" type="tts">bandiera: Insulas Cocos (Keeling)</annotation>
		<annotation cp="🇨🇩">bandiera | bandiera: Congo - Kinshasa</annotation>
		<annotation cp="🇨🇩" type="tts">bandiera: Congo - Kinshasa</annotation>
		<annotation cp="🇨🇫">bandiera | bandiera: Republica African Central</annotation>
		<annotation cp="🇨🇫" type="tts">bandiera: Republica African Central</annotation>
		<annotation cp="🇨🇬">bandiera | bandiera: Congo - Brazzaville</annotation>
		<annotation cp="🇨🇬" type="tts">bandiera: Congo - Brazzaville</annotation>
		<annotation cp="🇨🇭">bandiera | bandiera: Suissa</annotation>
		<annotation cp="🇨🇭" type="tts">bandiera: Suissa</annotation>
		<annotation cp="🇨🇮">bandiera | bandiera: Costa de Ebore</annotation>
		<annotation cp="🇨🇮" type="tts">bandiera: Costa de Ebore</annotation>
		<annotation cp="🇨🇰">bandiera | bandiera: Insulas Cook</annotation>
		<annotation cp="🇨🇰" type="tts">bandiera: Insulas Cook</annotation>
		<annotation cp="🇨🇱">bandiera | bandiera: Chile</annotation>
		<annotation cp="🇨🇱" type="tts">bandiera: Chile</annotation>
		<annotation cp="🇨🇲">bandiera | bandiera: Camerun</annotation>
		<annotation cp="🇨🇲" type="tts">bandiera: Camerun</annotation>
		<annotation cp="🇨🇳">bandiera | bandiera: China</annotation>
		<annotation cp="🇨🇳" type="tts">bandiera: China</annotation>
		<annotation cp="🇨🇴">bandiera | bandiera: Colombia</annotation>
		<annotation cp="🇨🇴" type="tts">bandiera: Colombia</annotation>
		<annotation cp="🇨🇵">bandiera | bandiera: Insula Clipperton</annotation>
		<annotation cp="🇨🇵" type="tts">bandiera: Insula Clipperton</annotation>
		<annotation cp="🇨🇷">bandiera | bandiera: Costa Rica</annotation>
		<annotation cp="🇨🇷" type="tts">bandiera: Costa Rica</annotation>
		<annotation cp="🇨🇺">bandiera | bandiera: Cuba</annotation>
		<annotation cp="🇨🇺" type="tts">bandiera: Cuba</annotation>
		<annotation cp="🇨🇻">bandiera | bandiera: Capo Verde</annotation>
		<annotation cp="🇨🇻" type="tts">bandiera: Capo Verde</annotation>
		<annotation cp="🇨🇼">bandiera | bandiera: Curaçao</annotation>
		<annotation cp="🇨🇼" type="tts">bandiera: Curaçao</annotation>
		<annotation cp="🇨🇽">bandiera | bandiera: Insula de Natal</annotation>
		<annotation cp="🇨🇽" type="tts">bandiera: Insula de Natal</annotation>
		<annotation cp="🇨🇾">bandiera | bandiera: Cypro</annotation>
		<annotation cp="🇨🇾" type="tts">bandiera: Cypro</annotation>
		<annotation cp="🇨🇿">bandiera | bandiera: Chechia</annotation>
		<annotation cp="🇨🇿" type="tts">bandiera: Chechia</annotation>
		<annotation cp="🇩🇪">bandiera | bandiera: Germania</annotation>
		<annotation cp="🇩🇪" type="tts">bandiera: Germania</annotation>
		<annotation cp="🇩🇬">bandiera | bandiera: Diego Garcia</annotation>
		<annotation cp="🇩🇬" type="tts">bandiera: Diego Garcia</annotation>
		<annotation cp="🇩🇯">bandiera | bandiera: Djibuti</annotation>
		<annotation cp="🇩🇯" type="tts">bandiera: Djibuti</annotation>
		<annotation cp="🇩🇰">bandiera | bandiera: Danmark</annotation>
		<annotation cp="🇩🇰" type="tts">bandiera: Danmark</annotation>
		<annotation cp="🇩🇲">bandiera | bandiera: Dominica</annotation>
		<annotation cp="🇩🇲" type="tts">bandiera: Dominica</annotation>
		<annotation cp="🇩🇴">bandiera | bandiera: Republica Dominican</annotation>
		<annotation cp="🇩🇴" type="tts">bandiera: Republica Dominican</annotation>
		<annotation cp="🇩🇿">bandiera | bandiera: Algeria</annotation>
		<annotation cp="🇩🇿" type="tts">bandiera: Algeria</annotation>
		<annotation cp="🇪🇦">bandiera | bandiera: Ceuta e Melilla</annotation>
		<annotation cp="🇪🇦" type="tts">bandiera: Ceuta e Melilla</annotation>
		<annotation cp="🇪🇨">bandiera | bandiera: Ecuador</annotation>
		<annotation cp="🇪🇨" type="tts">bandiera: Ecuador</annotation>
		<annotation cp="🇪🇪">bandiera | bandiera: Estonia</annotation>
		<annotation cp="🇪🇪" type="tts">bandiera: Estonia</annotation>
		<annotation cp="🇪🇬">bandiera | bandiera: Egypto</annotation>
		<annotation cp="🇪🇬" type="tts">bandiera: Egypto</annotation>
		<annotation cp="🇪🇭">bandiera | bandiera: Sahara occidental</annotation>
		<annotation cp="🇪🇭" type="tts">bandiera: Sahara occidental</annotation>
		<annotation cp="🇪🇷">bandiera | bandiera: Eritrea</annotation>
		<annotation cp="🇪🇷" type="tts">bandiera: Eritrea</annotation>
		<annotation cp="🇪🇸">bandiera | bandiera: Espania</annotation>
		<annotation cp="🇪🇸" type="tts">bandiera: Espania</annotation>
		<annotation cp="🇪🇹">bandiera | bandiera: Ethiopia</annotation>
		<annotation cp="🇪🇹" type="tts">bandiera: Ethiopia</annotation>
		<annotation cp="🇪🇺">bandiera | bandiera: Union Europee</annotation>
		<annotation cp="🇪🇺" type="tts">bandiera: Union Europee</annotation>
		<annotation cp="🇫🇮">bandiera | bandiera: Finlandia</annotation>
		<annotation cp="🇫🇮" type="tts">bandiera: Finlandia</annotation>
		<annotation cp="🇫🇯">bandiera | bandiera: Fiji</annotation>
		<annotation cp="🇫🇯" type="tts">bandiera: Fiji</annotation>
		<annotation cp="🇫🇰">bandiera | bandiera: Insulas Falkland</annotation>
		<annotation cp="🇫🇰" type="tts">bandiera: Insulas Falkland</annotation>
		<annotation cp="🇫🇲">bandiera | bandiera: Micronesia</annotation>
		<annotation cp="🇫🇲" type="tts">bandiera: Micronesia</annotation>
		<annotation cp="🇫🇴">bandiera | bandiera: Insulas Feroe</annotation>
		<annotation cp="🇫🇴" type="tts">bandiera: Insulas Feroe</annotation>
		<annotation cp="🇫🇷">bandiera | bandiera: Francia</annotation>
		<annotation cp="🇫🇷" type="tts">bandiera: Francia</annotation>
		<annotation cp="🇬🇦">bandiera | bandiera: Gabon</annotation>
		<annotation cp="🇬🇦" type="tts">bandiera: Gabon</annotation>
		<annotation cp="🇬🇧">bandiera | bandiera: Regno Unite</annotation>
		<annotation cp="🇬🇧" type="tts">bandiera: Regno Unite</annotation>
		<annotation cp="🇬🇩">bandiera | bandiera: Grenada</annotation>
		<annotation cp="🇬🇩" type="tts">bandiera: Grenada</annotation>
		<annotation cp="🇬🇪">bandiera | bandiera: Georgia</annotation>
		<annotation cp="🇬🇪" type="tts">bandiera: Georgia</annotation>
		<annotation cp="🇬🇫">bandiera | bandiera: Guyana francese</annotation>
		<annotation cp="🇬🇫" type="tts">bandiera: Guyana francese</annotation>
		<annotation cp="🇬🇬">bandiera | bandiera: Guernsey</annotation>
		<annotation cp="🇬🇬" type="tts">bandiera: Guernsey</annotation>
		<annotation cp="🇬🇭">bandiera | bandiera: Ghana</annotation>
		<annotation cp="🇬🇭" type="tts">bandiera: Ghana</annotation>
		<annotation cp="🇬🇮">bandiera | bandiera: Gibraltar</annotation>
		<annotation cp="🇬🇮" type="tts">bandiera: Gibraltar</annotation>
		<annotation cp="🇬🇱">bandiera | bandiera: Groenlandia</annotation>
		<annotation cp="🇬🇱" type="tts">bandiera: Groenlandia</annotation>
		<annotation cp="🇬🇲">bandiera | bandiera: Gambia</annotation>
		<annotation cp="🇬🇲" type="tts">bandiera: Gambia</annotation>
		<annotation cp="🇬🇳">bandiera | bandiera: Guinea</annotation>
		<annotation cp="🇬🇳" type="tts">bandiera: Guinea</annotation>
		<annotation cp="🇬🇵">bandiera | bandiera: Guadeloupe</annotation>
		<annotation cp="🇬🇵" type="tts">bandiera: Guadeloupe</annotation>
		<annotation cp="🇬🇶">bandiera | bandiera: Guinea equatorial</annotation>
		<annotation cp="🇬🇶" type="tts">bandiera: Guinea equatorial</annotation>
		<annotation cp="🇬🇷">bandiera | bandiera: Grecia</annotation>
		<annotation cp="🇬🇷" type="tts">bandiera: Grecia</annotation>
		<annotation cp="🇬🇸">bandiera | bandiera: Georgia del Sud e Insulas Sandwich Austral</annotation>
		<annotation cp="🇬🇸" type="tts">bandiera: Georgia del Sud e Insulas Sandwich Austral</annotation>
		<annotation cp="🇬🇹">bandiera | bandiera: Guatemala</annotation>
		<annotation cp="🇬🇹" type="tts">bandiera: Guatemala</annotation>
		<annotation cp="🇬🇺">bandiera | bandiera: Guam</annotation>
		<annotation cp="🇬🇺" type="tts">bandiera: Guam</annotation>
		<annotation cp="🇬🇼">bandiera | bandiera: Guinea-Bissau</annotation>
		<annotation cp="🇬🇼" type="tts">bandiera: Guinea-Bissau</annotation>
		<annotation cp="🇬🇾">bandiera | bandiera: Guyana</annotation>
		<annotation cp="🇬🇾" type="tts">bandiera: Guyana</annotation>
		<annotation cp="🇭🇰">bandiera | bandiera: Hongkong, R.A.S. de China</annotation>
		<annotation cp="🇭🇰" type="tts">bandiera: Hongkong, R.A.S. de China</annotation>
		<annotation cp="🇭🇲">bandiera | bandiera: Insulas Heard e McDonald</annotation>
		<annotation cp="🇭🇲" type="tts">bandiera: Insulas Heard e McDonald</annotation>
		<annotation cp="🇭🇳">bandiera | bandiera: Honduras</annotation>
		<annotation cp="🇭🇳" type="tts">bandiera: Honduras</annotation>
		<annotation cp="🇭🇷">bandiera | bandiera: Croatia</annotation>
		<annotation cp="🇭🇷" type="tts">bandiera: Croatia</annotation>
		<annotation cp="🇭🇹">bandiera | bandiera: Haiti</annotation>
		<annotation cp="🇭🇹" type="tts">bandiera: Haiti</annotation>
		<annotation cp="🇭🇺">bandiera | bandiera: Hungaria</annotation>
		<annotation cp="🇭🇺" type="tts">bandiera: Hungaria</annotation>
		<annotation cp="🇮🇨">bandiera | bandiera: Insulas Canari</annotation>
		<annotation cp="🇮🇨" type="tts">bandiera: Insulas Canari</annotation>
		<annotation cp="🇮🇩">bandiera | bandiera: Indonesia</annotation>
		<annotation cp="🇮🇩" type="tts">bandiera: Indonesia</annotation>
		<annotation cp="🇮🇪">bandiera | bandiera: Irlanda</annotation>
		<annotation cp="🇮🇪" type="tts">bandiera: Irlanda</annotation>
		<annotation cp="🇮🇱">bandiera | bandiera: Israel</annotation>
		<annotation cp="🇮🇱" type="tts">bandiera: Israel</annotation>
		<annotation cp="🇮🇲">bandiera | bandiera: Insula de Man</annotation>
		<annotation cp="🇮🇲" type="tts">bandiera: Insula de Man</annotation>
		<annotation cp="🇮🇳">bandiera | bandiera: India</annotation>
		<annotation cp="🇮🇳" type="tts">bandiera: India</annotation>
		<annotation cp="🇮🇴">bandiera | bandiera: Territorio oceanic britanno-indian</annotation>
		<annotation cp="🇮🇴" type="tts">bandiera: Territorio oceanic britanno-indian</annotation>
		<annotation cp="🇮🇶">bandiera | bandiera: Irak</annotation>
		<annotation cp="🇮🇶" type="tts">bandiera: Irak</annotation>
		<annotation cp="🇮🇷">bandiera | bandiera: Iran</annotation>
		<annotation cp="🇮🇷" type="tts">bandiera: Iran</annotation>
		<annotation cp="🇮🇸">bandiera | bandiera: Islanda</annotation>
		<annotation cp="🇮🇸" type="tts">bandiera: Islanda</annotation>
		<annotation cp="🇮🇹">bandiera | bandiera: Italia</annotation>
		<annotation cp="🇮🇹" type="tts">bandiera: Italia</annotation>
		<annotation cp="🇯🇪">bandiera | bandiera: Jersey</annotation>
		<annotation cp="🇯🇪" type="tts">bandiera: Jersey</annotation>
		<annotation cp="🇯🇲">bandiera | bandiera: Jamaica</annotation>
		<annotation cp="🇯🇲" type="tts">bandiera: Jamaica</annotation>
		<annotation cp="🇯🇴">bandiera | bandiera: Jordania</annotation>
		<annotation cp="🇯🇴" type="tts">bandiera: Jordania</annotation>
		<annotation cp="🇯🇵">bandiera | bandiera: Japon</annotation>
		<annotation cp="🇯🇵" type="tts">bandiera: Japon</annotation>
		<annotation cp="🇰🇪">bandiera | bandiera: Kenya</annotation>
		<annotation cp="🇰🇪" type="tts">bandiera: Kenya</annotation>
		<annotation cp="🇰🇬">bandiera | bandiera: Kirghizistan</annotation>
		<annotation cp="🇰🇬" type="tts">bandiera: Kirghizistan</annotation>
		<annotation cp="🇰🇭">bandiera | bandiera: Cambodgia</annotation>
		<annotation cp="🇰🇭" type="tts">bandiera: Cambodgia</annotation>
		<annotation cp="🇰🇮">bandiera | bandiera: Kiribati</annotation>
		<annotation cp="🇰🇮" type="tts">bandiera: Kiribati</annotation>
		<annotation cp="🇰🇲">bandiera | bandiera: Comoros</annotation>
		<annotation cp="🇰🇲" type="tts">bandiera: Comoros</annotation>
		<annotation cp="🇰🇳">bandiera | bandiera: Sancte Christophoro e Nevis</annotation>
		<annotation cp="🇰🇳" type="tts">bandiera: Sancte Christophoro e Nevis</annotation>
		<annotation cp="🇰🇵">bandiera | bandiera: Corea del Nord</annotation>
		<annotation cp="🇰🇵" type="tts">bandiera: Corea del Nord</annotation>
		<annotation cp="🇰🇷">bandiera | bandiera: Corea del Sud</annotation>
		<annotation cp="🇰🇷" type="tts">bandiera: Corea del Sud</annotation>
		<annotation cp="🇰🇼">bandiera | bandiera: Kuwait</annotation>
		<annotation cp="🇰🇼" type="tts">bandiera: Kuwait</annotation>
		<annotation cp="🇰🇾">bandiera | bandiera: Insulas de Caiman</annotation>
		<annotation cp="🇰🇾" type="tts">bandiera: Insulas de Caiman</annotation>
		<annotation cp="🇰🇿">bandiera | bandiera: Kazakhstan</annotation>
		<annotation cp="🇰🇿" type="tts">bandiera: Kazakhstan</annotation>
		<annotation cp="🇱🇦">bandiera | bandiera: Laos</annotation>
		<annotation cp="🇱🇦" type="tts">bandiera: Laos</annotation>
		<annotation cp="🇱🇧">bandiera | bandiera: Libano</annotation>
		<annotation cp="🇱🇧" type="tts">bandiera: Libano</annotation>
		<annotation cp="🇱🇨">bandiera | bandiera: Sancte Lucia</annotation>
		<annotation cp="🇱🇨" type="tts">bandiera: Sancte Lucia</annotation>
		<annotation cp="🇱🇮">bandiera | bandiera: Liechtenstein</annotation>
		<annotation cp="🇱🇮" type="tts">bandiera: Liechtenstein</annotation>
		<annotation cp="🇱🇰">bandiera | bandiera: Sri Lanka</annotation>
		<annotation cp="🇱🇰" type="tts">bandiera: Sri Lanka</annotation>
		<annotation cp="🇱🇷">bandiera | bandiera: Liberia</annotation>
		<annotation cp="🇱🇷" type="tts">bandiera: Liberia</annotation>
		<annotation cp="🇱🇸">bandiera | bandiera: Lesotho</annotation>
		<annotation cp="🇱🇸" type="tts">bandiera: Lesotho</annotation>
		<annotation cp="🇱🇹">bandiera | bandiera: Lituania</annotation>
		<annotation cp="🇱🇹" type="tts">bandiera: Lituania</annotation>
		<annotation cp="🇱🇺">bandiera | bandiera: Luxemburg</annotation>
		<annotation cp="🇱🇺" type="tts">bandiera: Luxemburg</annotation>
		<annotation cp="🇱🇻">bandiera | bandiera: Lettonia</annotation>
		<annotation cp="🇱🇻" type="tts">bandiera: Lettonia</annotation>
		<annotation cp="🇱🇾">bandiera | bandiera: Libya</annotation>
		<annotation cp="🇱🇾" type="tts">bandiera: Libya</annotation>
		<annotation cp="🇲🇦">bandiera | bandiera: Marocco</annotation>
		<annotation cp="🇲🇦" type="tts">bandiera: Marocco</annotation>
		<annotation cp="🇲🇨">bandiera | bandiera: Monaco</annotation>
		<annotation cp="🇲🇨" type="tts">bandiera: Monaco</annotation>
		<annotation cp="🇲🇩">bandiera | bandiera: Moldavia</annotation>
		<annotation cp="🇲🇩" type="tts">bandiera: Moldavia</annotation>
		<annotation cp="🇲🇪">bandiera | bandiera: Montenegro</annotation>
		<annotation cp="🇲🇪" type="tts">bandiera: Montenegro</annotation>
		<annotation cp="🇲🇫">bandiera | bandiera: Sancte Martino francese</annotation>
		<annotation cp="🇲🇫" type="tts">bandiera: Sancte Martino francese</annotation>
		<annotation cp="🇲🇬">bandiera | bandiera: Madagascar</annotation>
		<annotation cp="🇲🇬" type="tts">bandiera: Madagascar</annotation>
		<annotation cp="🇲🇭">bandiera | bandiera: Insulas Marshall</annotation>
		<annotation cp="🇲🇭" type="tts">bandiera: Insulas Marshall</annotation>
		<annotation cp="🇲🇰">bandiera | bandiera: Macedonia del Nord</annotation>
		<annotation cp="🇲🇰" type="tts">bandiera: Macedonia del Nord</annotation>
		<annotation cp="🇲🇱">bandiera | bandiera: Mali</annotation>
		<annotation cp="🇲🇱" type="tts">bandiera: Mali</annotation>
		<annotation cp="🇲🇲">bandiera | bandiera: Myanmar (Birmania)</annotation>
		<annotation cp="🇲🇲" type="tts">bandiera: Myanmar (Birmania)</annotation>
		<annotation cp="🇲🇳">bandiera | bandiera: Mongolia</annotation>
		<annotation cp="🇲🇳" type="tts">bandiera: Mongolia</annotation>
		<annotation cp="🇲🇴">bandiera | bandiera: Macao, R.A.S. de China</annotation>
		<annotation cp="🇲🇴" type="tts">bandiera: Macao, R.A.S. de China</annotation>
		<annotation cp="🇲🇵">bandiera | bandiera: Insulas Marianna del Nord</annotation>
		<annotation cp="🇲🇵" type="tts">bandiera: Insulas Marianna del Nord</annotation>
		<annotation cp="🇲🇶">bandiera | bandiera: Martinica</annotation>
		<annotation cp="🇲🇶" type="tts">bandiera: Martinica</annotation>
		<annotation cp="🇲🇷">bandiera | bandiera: Mauritania</annotation>
		<annotation cp="🇲🇷" type="tts">bandiera: Mauritania</annotation>
		<annotation cp="🇲🇸">bandiera | bandiera: Montserrat</annotation>
		<annotation cp="🇲🇸" type="tts">bandiera: Montserrat</annotation>
		<annotation cp="🇲🇹">bandiera | bandiera: Malta</annotation>
		<annotation cp="🇲🇹" type="tts">bandiera: Malta</annotation>
		<annotation cp="🇲🇺">bandiera | bandiera: Mauritio</annotation>
		<annotation cp="🇲🇺" type="tts">bandiera: Mauritio</annotation>
		<annotation cp="🇲🇻">bandiera | bandiera: Maldivas</annotation>
		<annotation cp="🇲🇻" type="tts">bandiera: Maldivas</annotation>
		<annotation cp="🇲🇼">bandiera | bandiera: Malawi</annotation>
		<annotation cp="🇲🇼" type="tts">bandiera: Malawi</annotation>
		<annotation cp="🇲🇽">bandiera | bandiera: Mexico</annotation>
		<annotation cp="🇲🇽" type="tts">bandiera: Mexico</annotation>
		<annotation cp="🇲🇾">bandiera | bandiera: Malaysia</annotation>
		<annotation cp="🇲🇾" type="tts">bandiera: Malaysia</annotation>
		<annotation cp="🇲🇿">bandiera | bandiera: Mozambique</annotation>
		<annotation cp="🇲🇿" type="tts">bandiera: Mozambique</annotation>
		<annotation cp="🇳🇦">bandiera | bandiera: Namibia</annotation>
		<annotation cp="🇳🇦" type="tts">bandiera: Namibia</annotation>
		<annotation cp="🇳🇨">bandiera | bandiera: Nove Caledonia</annotation>
		<annotation cp="🇳🇨" type="tts">bandiera: Nove Caledonia</annotation>
		<annotation cp="🇳🇪">bandiera | bandiera: Niger</annotation>
		<annotation cp="🇳🇪" type="tts">bandiera: Niger</annotation>
		<annotation cp="🇳🇫">bandiera | bandiera: Insula Norfolk</annotation>
		<annotation cp="🇳🇫" type="tts">bandiera: Insula Norfolk</annotation>
		<annotation cp="🇳🇬">bandiera | bandiera: Nigeria</annotation>
		<annotation cp="🇳🇬" type="tts">bandiera: Nigeria</annotation>
		<annotation cp="🇳🇮">bandiera | bandiera: Nicaragua</annotation>
		<annotation cp="🇳🇮" type="tts">bandiera: Nicaragua</annotation>
		<annotation cp="🇳🇱">bandiera | bandiera: Nederlandia</annotation>
		<annotation cp="🇳🇱" type="tts">bandiera: Nederlandia</annotation>
		<annotation cp="🇳🇴">bandiera | bandiera: Norvegia</annotation>
		<annotation cp="🇳🇴" type="tts">bandiera: Norvegia</annotation>
		<annotation cp="🇳🇵">bandiera | bandiera: Nepal</annotation>
		<annotation cp="🇳🇵" type="tts">bandiera: Nepal</annotation>
		<annotation cp="🇳🇷">bandiera | bandiera: Nauru</annotation>
		<annotation cp="🇳🇷" type="tts">bandiera: Nauru</annotation>
		<annotation cp="🇳🇺">bandiera | bandiera: Niue</annotation>
		<annotation cp="🇳🇺" type="tts">bandiera: Niue</annotation>
		<annotation cp="🇳🇿">bandiera | bandiera: Nove Zelanda</annotation>
		<annotation cp="🇳🇿" type="tts">bandiera: Nove Zelanda</annotation>
		<annotation cp="🇴🇲">bandiera | bandiera: Oman</annotation>
		<annotation cp="🇴🇲" type="tts">bandiera: Oman</annotation>
		<annotation cp="🇵🇦">bandiera | bandiera: Panama</annotation>
		<annotation cp="🇵🇦" type="tts">bandiera: Panama</annotation>
		<annotation cp="🇵🇪">bandiera | bandiera: Peru</annotation>
		<annotation cp="🇵🇪" type="tts">bandiera: Peru</annotation>
		<annotation cp="🇵🇫">bandiera | bandiera: Polynesia francese</annotation>
		<annotation cp="🇵🇫" type="tts">bandiera: Polynesia francese</annotation>
		<annotation cp="🇵🇬">bandiera | bandiera: Papua Nove Guinea</annotation>
		<annotation cp="🇵🇬" type="tts">bandiera: Papua Nove Guinea</annotation>
		<annotation cp="🇵🇭">bandiera | bandiera: Philippinas</annotation>
		<annotation cp="🇵🇭" type="tts">bandiera: Philippinas</annotation>
		<annotation cp="🇵🇰">bandiera | bandiera: Pakistan</annotation>
		<annotation cp="🇵🇰" type="tts">bandiera: Pakistan</annotation>
		<annotation cp="🇵🇱">bandiera | bandiera: Polonia</annotation>
		<annotation cp="🇵🇱" type="tts">bandiera: Polonia</annotation>
		<annotation cp="🇵🇲">bandiera | bandiera: St. Pierre e Miquelon</annotation>
		<annotation cp="🇵🇲" type="tts">bandiera: St. Pierre e Miquelon</annotation>
		<annotation cp="🇵🇳">bandiera | bandiera: Insulas Pitcairn</annotation>
		<annotation cp="🇵🇳" type="tts">bandiera: Insulas Pitcairn</annotation>
		<annotation cp="🇵🇷">bandiera | bandiera: Porto Rico</annotation>
		<annotation cp="🇵🇷" type="tts">bandiera: Porto Rico</annotation>
		<annotation cp="🇵🇸">bandiera | bandiera: Territorios palestin</annotation>
		<annotation cp="🇵🇸" type="tts">bandiera: Territorios palestin</annotation>
		<annotation cp="🇵🇹">bandiera | bandiera: Portugal</annotation>
		<annotation cp="🇵🇹" type="tts">bandiera: Portugal</annotation>
		<annotation cp="🇵🇼">bandiera | bandiera: Palau</annotation>
		<annotation cp="🇵🇼" type="tts">bandiera: Palau</annotation>
		<annotation cp="🇵🇾">bandiera | bandiera: Paraguay</annotation>
		<annotation cp="🇵🇾" type="tts">bandiera: Paraguay</annotation>
		<annotation cp="🇶🇦">bandiera | bandiera: Qatar</annotation>
		<annotation cp="🇶🇦" type="tts">bandiera: Qatar</annotation>
		<annotation cp="🇷🇪">bandiera | bandiera: Reunion</annotation>
		<annotation cp="🇷🇪" type="tts">bandiera: Reunion</annotation>
		<annotation cp="🇷🇴">bandiera | bandiera: Romania</annotation>
		<annotation cp="🇷🇴" type="tts">bandiera: Romania</annotation>
		<annotation cp="🇷🇸">bandiera | bandiera: Serbia</annotation>
		<annotation cp="🇷🇸" type="tts">bandiera: Serbia</annotation>
		<annotation cp="🇷🇺">bandiera | bandiera: Russia</annotation>
		<annotation cp="🇷🇺" type="tts">bandiera: Russia</annotation>
		<annotation cp="🇷🇼">bandiera | bandiera: Ruanda</annotation>
		<annotation cp="🇷🇼" type="tts">bandiera: Ruanda</annotation>
		<annotation cp="🇸🇦">bandiera | bandiera: Arabia Saudita</annotation>
		<annotation cp="🇸🇦" type="tts">bandiera: Arabia Saudita</annotation>
		<annotation cp="🇸🇧">bandiera | bandiera: Insulas Solomon</annotation>
		<annotation cp="🇸🇧" type="tts">bandiera: Insulas Solomon</annotation>
		<annotation cp="🇸🇨">bandiera | bandiera: Seychelles</annotation>
		<annotation cp="🇸🇨" type="tts">bandiera: Seychelles</annotation>
		<annotation cp="🇸🇩">bandiera | bandiera: Sudan</annotation>
		<annotation cp="🇸🇩" type="tts">bandiera: Sudan</annotation>
		<annotation cp="🇸🇪">bandiera | bandiera: Svedia</annotation>
		<annotation cp="🇸🇪" type="tts">bandiera: Svedia</annotation>
		<annotation cp="🇸🇬">bandiera | bandiera: Singapur</annotation>
		<annotation cp="🇸🇬" type="tts">bandiera: Singapur</annotation>
		<annotation cp="🇸🇭">bandiera | bandiera: Sancte Helena</annotation>
		<annotation cp="🇸🇭" type="tts">bandiera: Sancte Helena</annotation>
		<annotation cp="🇸🇮">bandiera | bandiera: Slovenia</annotation>
		<annotation cp="🇸🇮" type="tts">bandiera: Slovenia</annotation>
		<annotation cp="🇸🇯">bandiera | bandiera: Svalbard e Jan Mayen</annotation>
		<annotation cp="🇸🇯" type="tts">bandiera: Svalbard e Jan Mayen</annotation>
		<annotation cp="🇸🇰">bandiera | bandiera: Slovachia</annotation>
		<annotation cp="🇸🇰" type="tts">bandiera: Slovachia</annotation>
		<annotation cp="🇸🇱">bandiera | bandiera: Sierra Leone</annotation>
		<annotation cp="🇸🇱" type="tts">bandiera: Sierra Leone</annotation>
		<annotation cp="🇸🇲">bandiera | bandiera: San Marino</annotation>
		<annotation cp="🇸🇲" type="tts">bandiera: San Marino</annotation>
		<annotation cp="🇸🇳">bandiera | bandiera: Senegal</annotation>
		<annotation cp="🇸🇳" type="tts">bandiera: Senegal</annotation>
		<annotation cp="🇸🇴">bandiera | bandiera: Somalia</annotation>
		<annotation cp="🇸🇴" type="tts">bandiera: Somalia</annotation>
		<annotation cp="🇸🇷">bandiera | bandiera: Suriname</annotation>
		<annotation cp="🇸🇷" type="tts">bandiera: Suriname</annotation>
		<annotation cp="🇸🇸">bandiera | bandiera: Sudan del Sud</annotation>
		<annotation cp="🇸🇸" type="tts">bandiera: Sudan del Sud</annotation>
		<annotation cp="🇸🇹">bandiera | bandiera: São Tomé e Príncipe</annotation>
		<annotation cp="🇸🇹" type="tts">bandiera: São Tomé e Príncipe</annotation>
		<annotation cp="🇸🇻">bandiera | bandiera: El Salvador</annotation>
		<annotation cp="🇸🇻" type="tts">bandiera: El Salvador</annotation>
		<annotation cp="🇸🇽">bandiera | bandiera: Sancte Martino nederlandese</annotation>
		<annotation cp="🇸🇽" type="tts">bandiera: Sancte Martino nederlandese</annotation>
		<annotation cp="🇸🇾">bandiera | bandiera: Syria</annotation>
		<annotation cp="🇸🇾" type="tts">bandiera: Syria</annotation>
		<annotation cp="🇸🇿">bandiera | bandiera: Eswatini</annotation>
		<annotation cp="🇸🇿" type="tts">bandiera: Eswatini</annotation>
		<annotation cp="🇹🇦">bandiera | bandiera: Tristan da Cunha</annotation>
		<annotation cp="🇹🇦" type="tts">bandiera: Tristan da Cunha</annotation>
		<annotation cp="🇹🇨">bandiera | bandiera: Insulas Turcos e Caicos</annotation>
		<annotation cp="🇹🇨" type="tts">bandiera: Insulas Turcos e Caicos</annotation>
		<annotation cp="🇹🇩">bandiera | bandiera: Tchad</annotation>
		<annotation cp="🇹🇩" type="tts">bandiera: Tchad</annotation>
		<annotation cp="🇹🇫">bandiera | bandiera: Territorios meridional francese</annotation>
		<annotation cp="🇹🇫" type="tts">bandiera: Territorios meridional francese</annotation>
		<annotation cp="🇹🇬">bandiera | bandiera: Togo</annotation>
		<annotation cp="🇹🇬" type="tts">bandiera: Togo</annotation>
		<annotation cp="🇹🇭">bandiera | bandiera: Thailandia</annotation>
		<annotation cp="🇹🇭" type="tts">bandiera: Thailandia</annotation>
		<annotation cp="🇹🇯">bandiera | bandiera: Tadzhikistan</annotation>
		<annotation cp="🇹🇯" type="tts">bandiera: Tadzhikistan</annotation>
		<annotation cp="🇹🇰">bandiera | bandiera: Tokelau</annotation>
		<annotation cp="🇹🇰" type="tts">bandiera: Tokelau</annotation>
		<annotation cp="🇹🇱">bandiera | bandiera: Timor del Est</annotation>
		<annotation cp="🇹🇱" type="tts">bandiera: Timor del Est</annotation>
		<annotation cp="🇹🇲">bandiera | bandiera: Turkmenistan</annotation>
		<annotation cp="🇹🇲" type="tts">bandiera: Turkmenistan</annotation>
		<annotation cp="🇹🇳">bandiera | bandiera: Tunisia</annotation>
		<annotation cp="🇹🇳" type="tts">bandiera: Tunisia</annotation>
		<annotation cp="🇹🇴">bandiera | bandiera: Tonga</annotation>
		<annotation cp="🇹🇴" type="tts">bandiera: Tonga</annotation>
		<annotation cp="🇹🇷">bandiera | bandiera: Turchia</annotation>
		<annotation cp="🇹🇷" type="tts">bandiera: Turchia</annotation>
		<annotation cp="🇹🇹">bandiera | bandiera: Trinidad e Tobago</annotation>
		<annotation cp="🇹🇹" type="tts">bandiera: Trinidad e Tobago</annotation>
		<annotation cp="🇹🇻">bandiera | bandiera: Tuvalu</annotation>
		<annotation cp="🇹🇻" type="tts">bandiera: Tuvalu</annotation>
		<annotation cp="🇹🇼">bandiera | bandiera: Taiwan</annotation>
		<annotation cp="🇹🇼" type="tts">bandiera: Taiwan</annotation>
		<annotation cp="🇹🇿">bandiera | bandiera: Tanzania</annotation>
		<annotation cp="🇹🇿" type="tts">bandiera: Tanzania</annotation>
		<annotation cp="🇺🇦">bandiera | bandiera: Ukraina</annotation>
		<annotation cp="🇺🇦" type="tts">bandiera: Ukraina</annotation>
		<annotation cp="🇺🇬">bandiera | bandiera: Uganda</annotation>
		<annotation cp="🇺🇬" type="tts">bandiera: Uganda</annotation>
		<annotation cp="🇺🇲">bandiera | bandiera: Insulas peripheric del SUA</annotation>
		<annotation cp="🇺🇲" type="tts">bandiera: Insulas peripheric del SUA</annotation>
		<annotation cp="🇺🇳">bandiera | bandiera: Nationes Unite</annotation>
		<annotation cp="🇺🇳" type="tts">bandiera: Nationes Unite</annotation>
		<annotation cp="🇺🇸">bandiera | bandiera: Statos Unite</annotation>
		<annotation cp="🇺🇸" type="tts">bandiera: Statos Unite</annotation>
		<annotation cp="🇺🇾">bandiera | bandiera: Uruguay</annotation>
		<annotation cp="🇺🇾" type="tts">bandiera: Uruguay</annotation>
		<annotation cp="🇺🇿">bandiera | bandiera: Uzbekistan</annotation>
		<annotation cp="🇺🇿" type="tts">bandiera: Uzbekistan</annotation>
		<annotation cp="🇻🇦">bandiera | bandiera: Citate del Vaticano</annotation>
		<annotation cp="🇻🇦" type="tts">bandiera: Citate del Vaticano</annotation>
		<annotation cp="🇻🇨">bandiera | bandiera: Sancte Vincente e le Grenadinas</annotation>
		<annotation cp="🇻🇨" type="tts">bandiera: Sancte Vincente e le Grenadinas</annotation>
		<annotation cp="🇻🇪">bandiera | bandiera: Venezuela</annotation>
		<annotation cp="🇻🇪" type="tts">bandiera: Venezuela</annotation>
		<annotation cp="🇻🇬">bandiera | bandiera: Insulas Virgine britannic</annotation>
		<annotation cp="🇻🇬" type="tts">bandiera: Insulas Virgine britannic</annotation>
		<annotation cp="🇻🇮">bandiera | bandiera: Insulas Virgine statounitese</annotation>
		<annotation cp="🇻🇮" type="tts">bandiera: Insulas Virgine statounitese</annotation>
		<annotation cp="🇻🇳">bandiera | bandiera: Vietnam</annotation>
		<annotation cp="🇻🇳" type="tts">bandiera: Vietnam</annotation>
		<annotation cp="🇻🇺">bandiera | bandiera: Vanuatu</annotation>
		<annotation cp="🇻🇺" type="tts">bandiera: Vanuatu</annotation>
		<annotation cp="🇼🇫">bandiera | bandiera: Wallis e Futuna</annotation>
		<annotation cp="🇼🇫" type="tts">bandiera: Wallis e Futuna</annotation>
		<annotation cp="🇼🇸">bandiera | bandiera: Samoa</annotation>
		<annotation cp="🇼🇸" type="tts">bandiera: Samoa</annotation>
		<annotation cp="🇽🇰">bandiera | bandiera: Kosovo</annotation>
		<annotation cp="🇽🇰" type="tts">bandiera: Kosovo</annotation>
		<annotation cp="🇾🇪">bandiera | bandiera: Yemen</annotation>
		<annotation cp="🇾🇪" type="tts">bandiera: Yemen</annotation>
		<annotation cp="🇾🇹">bandiera | bandiera: Mayotte</annotation>
		<annotation cp="🇾🇹" type="tts">bandiera: Mayotte</annotation>
		<annotation cp="🇿🇦">bandiera | bandiera: Africa del Sud</annotation>
		<annotation cp="🇿🇦" type="tts">bandiera: Africa del Sud</annotation>
		<annotation cp="🇿🇲">bandiera | bandiera: Zambia</annotation>
		<annotation cp="🇿🇲" type="tts">bandiera: Zambia</annotation>
		<annotation cp="🇿🇼">bandiera | bandiera: Zimbabwe</annotation>
		<annotation cp="🇿🇼" type="tts">bandiera: Zimbabwe</annotation>
		<annotation cp="¤">moneta incognite</annotation>
		<annotation cp="¤" type="tts">moneta incognite</annotation>
		<annotation cp="֏">dram armenie</annotation>
		<annotation cp="֏" type="tts">dram armenie</annotation>
		<annotation cp="؋">afghani</annotation>
		<annotation cp="؋" type="tts">afghani</annotation>
		<annotation cp="৳">taka bengalese</annotation>
		<annotation cp="৳" type="tts">taka bengalese</annotation>
		<annotation cp="฿">baht thailandese</annotation>
		<annotation cp="฿" type="tts">baht thailandese</annotation>
		<annotation cp="៛">riel cambodgian</annotation>
		<annotation cp="៛" type="tts">riel cambodgian</annotation>
		<annotation cp="₡">colon costarican</annotation>
		<annotation cp="₡" type="tts">colon costarican</annotation>
		<annotation cp="₦">naira nigerian</annotation>
		<annotation cp="₦" type="tts">naira nigerian</annotation>
		<annotation cp="₪">nove shekel israeli</annotation>
		<annotation cp="₪" type="tts">nove shekel israeli</annotation>
		<annotation cp="₫">dong vietnamese</annotation>
		<annotation cp="₫" type="tts">dong vietnamese</annotation>
		<annotation cp="₭">kip laotian</annotation>
		<annotation cp="₭" type="tts">kip laotian</annotation>
		<annotation cp="₮">tugrik mongol</annotation>
		<annotation cp="₮" type="tts">tugrik mongol</annotation>
		<annotation cp="₲">guarani paraguayan</annotation>
		<annotation cp="₲" type="tts">guarani paraguayan</annotation>
		<annotation cp="₴">hryvnia ukrainian</annotation>
		<annotation cp="₴" type="tts">hryvnia ukrainian</annotation>
		<annotation cp="₵">cedi ghanese</annotation>
		<annotation cp="₵" type="tts">cedi ghanese</annotation>
		<annotation cp="₸">tenge kazakh</annotation>
		<annotation cp="₸" type="tts">tenge kazakh</annotation>
		<annotation cp="₺">lira turc</annotation>
		<annotation cp="₺" type="tts">lira turc</annotation>
		<annotation cp="₼">manat azeri</annotation>
		<annotation cp="₼" type="tts">manat azeri</annotation>
		<annotation cp="₾">lari georgian</annotation>
		<annotation cp="₾" type="tts">lari georgian</annotation>
		<annotation cp="0⃣">clave | clave: 0</annotation>
		<annotation cp="0⃣" type="tts">clave: 0</annotation>
		<annotation cp="1⃣">clave | clave: 1</annotation>
		<annotation cp="1⃣" type="tts">clave: 1</annotation>
		<annotation cp="2⃣">clave | clave: 2</annotation>
		<annotation cp="2⃣" type="tts">clave: 2</annotation>
		<annotation cp="3⃣">clave | clave: 3</annotation>
		<annotation cp="3⃣" type="tts">clave: 3</annotation>
		<annotation cp="4⃣">clave | clave: 4</annotation>
		<annotation cp="4⃣" type="tts">clave: 4</annotation>
		<annotation cp="5⃣">clave | clave: 5</annotation>
		<annotation cp="5⃣" type="tts">clave: 5</annotation>
		<annotation cp="6⃣">clave | clave: 6</annotation>
		<annotation cp="6⃣" type="tts">clave: 6</annotation>
		<annotation cp="7⃣">clave | clave: 7</annotation>
		<annotation cp="7⃣" type="tts">clave: 7</annotation>
		<annotation cp="8⃣">clave | clave: 8</annotation>
		<annotation cp="8⃣" type="tts">clave: 8</annotation>
		<annotation cp="9⃣">clave | clave: 9</annotation>
		<annotation cp="9⃣" type="tts">clave: 9</annotation>
	</annotations>
</ldml>
