<?xml version="1.0" encoding="UTF-8" ?>
<!DOCTYPE ldml SYSTEM "../../common/dtd/ldml.dtd">
<!-- Copyright © 1991-2023 Unicode, Inc.
For terms of use, see http://www.unicode.org/copyright.html
SPDX-License-Identifier: Unicode-DFS-2016
CLDR data files are interpreted according to the LDML specification (http://unicode.org/reports/tr35/)

Derived short names and annotations, using GenerateDerivedAnnotations.java. See warnings in /annotations/ file.
-->
<ldml>
	<identity>
		<version number="$Revision$"/>
		<language type="ku"/>
	</identity>
	<annotations>
		<annotation cp="¤">(yekeya pereyê nenas)</annotation>
		<annotation cp="¤" type="tts">(yekeya pereyê nenas)</annotation>
		<annotation cp="֏">dramê ermenî</annotation>
		<annotation cp="֏" type="tts">dramê ermenî</annotation>
		<annotation cp="؋">efxaniyê efxanistanî</annotation>
		<annotation cp="؋" type="tts">efxaniyê efxanistanî</annotation>
		<annotation cp="৳">takayê bengladeşî</annotation>
		<annotation cp="৳" type="tts">takayê bengladeşî</annotation>
		<annotation cp="฿">bahtê taylandî</annotation>
		<annotation cp="฿" type="tts">bahtê taylandî</annotation>
		<annotation cp="៛">rîelê kamboçyayî</annotation>
		<annotation cp="៛" type="tts">rîelê kamboçyayî</annotation>
		<annotation cp="₡">kolonê kosta rîkayî</annotation>
		<annotation cp="₡" type="tts">kolonê kosta rîkayî</annotation>
		<annotation cp="₦">naîrayê nîjeryayî</annotation>
		<annotation cp="₦" type="tts">naîrayê nîjeryayî</annotation>
		<annotation cp="₪">şekelê nû yê îsraîlî</annotation>
		<annotation cp="₪" type="tts">şekelê nû yê îsraîlî</annotation>
		<annotation cp="₫">dongê vîetnamî</annotation>
		<annotation cp="₫" type="tts">dongê vîetnamî</annotation>
		<annotation cp="₭">kîpê laosî</annotation>
		<annotation cp="₭" type="tts">kîpê laosî</annotation>
		<annotation cp="₮">togrokê moxolî</annotation>
		<annotation cp="₮" type="tts">togrokê moxolî</annotation>
		<annotation cp="₲">gûaraniyê paragûayî</annotation>
		<annotation cp="₲" type="tts">gûaraniyê paragûayî</annotation>
		<annotation cp="₴">grîvnayê ûkraynî</annotation>
		<annotation cp="₴" type="tts">grîvnayê ûkraynî</annotation>
		<annotation cp="₵">cediyê ganayî</annotation>
		<annotation cp="₵" type="tts">cediyê ganayî</annotation>
		<annotation cp="₸">tengeyê qazaxistanî</annotation>
		<annotation cp="₸" type="tts">tengeyê qazaxistanî</annotation>
		<annotation cp="₺">lîreyê tirkî</annotation>
		<annotation cp="₺" type="tts">lîreyê tirkî</annotation>
		<annotation cp="₼">manatê azerbeycanî</annotation>
		<annotation cp="₼" type="tts">manatê azerbeycanî</annotation>
		<annotation cp="₾">lariyê gurcistanî</annotation>
		<annotation cp="₾" type="tts">lariyê gurcistanî</annotation>
	</annotations>
</ldml>
