<?xml version="1.0" encoding="UTF-8" ?>
<!DOCTYPE ldml SYSTEM "../../common/dtd/ldml.dtd">
<!-- Copyright © 1991-2023 Unicode, Inc.
For terms of use, see http://www.unicode.org/copyright.html
SPDX-License-Identifier: Unicode-DFS-2016
CLDR data files are interpreted according to the LDML specification (http://unicode.org/reports/tr35/)

Derived short names and annotations, using GenerateDerivedAnnotations.java. See warnings in /annotations/ file.
-->
<ldml>
	<identity>
		<version number="$Revision$"/>
		<language type="rm"/>
	</identity>
	<annotations>
		<annotation cp="🤵🏻">pel clera | persuna | persuna cun smoking | persuna cun smoking: pel clera | smoking | spus</annotation>
		<annotation cp="🤵🏻" type="tts">persuna cun smoking: pel clera</annotation>
		<annotation cp="🤵🏼">pel mez clera | persuna | persuna cun smoking | persuna cun smoking: pel mez clera | smoking | spus</annotation>
		<annotation cp="🤵🏼" type="tts">persuna cun smoking: pel mez clera</annotation>
		<annotation cp="🤵🏽">pel media | persuna | persuna cun smoking | persuna cun smoking: pel media | smoking | spus</annotation>
		<annotation cp="🤵🏽" type="tts">persuna cun smoking: pel media</annotation>
		<annotation cp="🤵🏾">pel mez stgira | persuna | persuna cun smoking | persuna cun smoking: pel mez stgira | smoking | spus</annotation>
		<annotation cp="🤵🏾" type="tts">persuna cun smoking: pel mez stgira</annotation>
		<annotation cp="🤵🏿">pel stgira | persuna | persuna cun smoking | persuna cun smoking: pel stgira | smoking | spus</annotation>
		<annotation cp="🤵🏿" type="tts">persuna cun smoking: pel stgira</annotation>
		<annotation cp="🤵🏻‍♂">pel clera | smoking | um | um cun smoking | um cun smoking: pel clera</annotation>
		<annotation cp="🤵🏻‍♂" type="tts">um cun smoking: pel clera</annotation>
		<annotation cp="🤵🏼‍♂">pel mez clera | smoking | um | um cun smoking | um cun smoking: pel mez clera</annotation>
		<annotation cp="🤵🏼‍♂" type="tts">um cun smoking: pel mez clera</annotation>
		<annotation cp="🤵🏽‍♂">pel media | smoking | um | um cun smoking | um cun smoking: pel media</annotation>
		<annotation cp="🤵🏽‍♂" type="tts">um cun smoking: pel media</annotation>
		<annotation cp="🤵🏾‍♂">pel mez stgira | smoking | um | um cun smoking | um cun smoking: pel mez stgira</annotation>
		<annotation cp="🤵🏾‍♂" type="tts">um cun smoking: pel mez stgira</annotation>
		<annotation cp="🤵🏿‍♂">pel stgira | smoking | um | um cun smoking | um cun smoking: pel stgira</annotation>
		<annotation cp="🤵🏿‍♂" type="tts">um cun smoking: pel stgira</annotation>
		<annotation cp="🤵🏻‍♀">dunna | dunna cun smoking | dunna cun smoking: pel clera | pel clera | smoking</annotation>
		<annotation cp="🤵🏻‍♀" type="tts">dunna cun smoking: pel clera</annotation>
		<annotation cp="🤵🏼‍♀">dunna | dunna cun smoking | dunna cun smoking: pel mez clera | pel mez clera | smoking</annotation>
		<annotation cp="🤵🏼‍♀" type="tts">dunna cun smoking: pel mez clera</annotation>
		<annotation cp="🤵🏽‍♀">dunna | dunna cun smoking | dunna cun smoking: pel media | pel media | smoking</annotation>
		<annotation cp="🤵🏽‍♀" type="tts">dunna cun smoking: pel media</annotation>
		<annotation cp="🤵🏾‍♀">dunna | dunna cun smoking | dunna cun smoking: pel mez stgira | pel mez stgira | smoking</annotation>
		<annotation cp="🤵🏾‍♀" type="tts">dunna cun smoking: pel mez stgira</annotation>
		<annotation cp="🤵🏿‍♀">dunna | dunna cun smoking | dunna cun smoking: pel stgira | pel stgira | smoking</annotation>
		<annotation cp="🤵🏿‍♀" type="tts">dunna cun smoking: pel stgira</annotation>
		<annotation cp="👰🏻">maridaglia | nozzas | pel clera | persuna | persuna cun vel | persuna cun vel: pel clera | spusa | vel</annotation>
		<annotation cp="👰🏻" type="tts">persuna cun vel: pel clera</annotation>
		<annotation cp="👰🏼">maridaglia | nozzas | pel mez clera | persuna | persuna cun vel | persuna cun vel: pel mez clera | spusa | vel</annotation>
		<annotation cp="👰🏼" type="tts">persuna cun vel: pel mez clera</annotation>
		<annotation cp="👰🏽">maridaglia | nozzas | pel media | persuna | persuna cun vel | persuna cun vel: pel media | spusa | vel</annotation>
		<annotation cp="👰🏽" type="tts">persuna cun vel: pel media</annotation>
		<annotation cp="👰🏾">maridaglia | nozzas | pel mez stgira | persuna | persuna cun vel | persuna cun vel: pel mez stgira | spusa | vel</annotation>
		<annotation cp="👰🏾" type="tts">persuna cun vel: pel mez stgira</annotation>
		<annotation cp="👰🏿">maridaglia | nozzas | pel stgira | persuna | persuna cun vel | persuna cun vel: pel stgira | spusa | vel</annotation>
		<annotation cp="👰🏿" type="tts">persuna cun vel: pel stgira</annotation>
		<annotation cp="👰🏻‍♂">pel clera | um | um cun vel | um cun vel: pel clera | vel</annotation>
		<annotation cp="👰🏻‍♂" type="tts">um cun vel: pel clera</annotation>
		<annotation cp="👰🏼‍♂">pel mez clera | um | um cun vel | um cun vel: pel mez clera | vel</annotation>
		<annotation cp="👰🏼‍♂" type="tts">um cun vel: pel mez clera</annotation>
		<annotation cp="👰🏽‍♂">pel media | um | um cun vel | um cun vel: pel media | vel</annotation>
		<annotation cp="👰🏽‍♂" type="tts">um cun vel: pel media</annotation>
		<annotation cp="👰🏾‍♂">pel mez stgira | um | um cun vel | um cun vel: pel mez stgira | vel</annotation>
		<annotation cp="👰🏾‍♂" type="tts">um cun vel: pel mez stgira</annotation>
		<annotation cp="👰🏿‍♂">pel stgira | um | um cun vel | um cun vel: pel stgira | vel</annotation>
		<annotation cp="👰🏿‍♂" type="tts">um cun vel: pel stgira</annotation>
		<annotation cp="👰🏻‍♀">dunna | dunna cun vel | dunna cun vel: pel clera | pel clera | vel</annotation>
		<annotation cp="👰🏻‍♀" type="tts">dunna cun vel: pel clera</annotation>
		<annotation cp="👰🏼‍♀">dunna | dunna cun vel | dunna cun vel: pel mez clera | pel mez clera | vel</annotation>
		<annotation cp="👰🏼‍♀" type="tts">dunna cun vel: pel mez clera</annotation>
		<annotation cp="👰🏽‍♀">dunna | dunna cun vel | dunna cun vel: pel media | pel media | vel</annotation>
		<annotation cp="👰🏽‍♀" type="tts">dunna cun vel: pel media</annotation>
		<annotation cp="👰🏾‍♀">dunna | dunna cun vel | dunna cun vel: pel mez stgira | pel mez stgira | vel</annotation>
		<annotation cp="👰🏾‍♀" type="tts">dunna cun vel: pel mez stgira</annotation>
		<annotation cp="👰🏿‍♀">dunna | dunna cun vel | dunna cun vel: pel stgira | pel stgira | vel</annotation>
		<annotation cp="👰🏿‍♀" type="tts">dunna cun vel: pel stgira</annotation>
		<annotation cp="¤">valuta nunenconuschenta</annotation>
		<annotation cp="¤" type="tts">valuta nunenconuschenta</annotation>
		<annotation cp="֏">dram armen</annotation>
		<annotation cp="֏" type="tts">dram armen</annotation>
		<annotation cp="؋">afgani afgan</annotation>
		<annotation cp="؋" type="tts">afgani afgan</annotation>
		<annotation cp="৳">taka bangladais</annotation>
		<annotation cp="৳" type="tts">taka bangladais</annotation>
		<annotation cp="฿">baht tailandais</annotation>
		<annotation cp="฿" type="tts">baht tailandais</annotation>
		<annotation cp="៛">riel cambodschan</annotation>
		<annotation cp="៛" type="tts">riel cambodschan</annotation>
		<annotation cp="₡">colon da la Costa Rica</annotation>
		<annotation cp="₡" type="tts">colon da la Costa Rica</annotation>
		<annotation cp="₦">naira nigeriana</annotation>
		<annotation cp="₦" type="tts">naira nigeriana</annotation>
		<annotation cp="₪">nov schekel israelian</annotation>
		<annotation cp="₪" type="tts">nov schekel israelian</annotation>
		<annotation cp="₫">dong vietnamais</annotation>
		<annotation cp="₫" type="tts">dong vietnamais</annotation>
		<annotation cp="₭">kip laot</annotation>
		<annotation cp="₭" type="tts">kip laot</annotation>
		<annotation cp="₮">tugrik mongolic</annotation>
		<annotation cp="₮" type="tts">tugrik mongolic</annotation>
		<annotation cp="₲">guarani paraguaian</annotation>
		<annotation cp="₲" type="tts">guarani paraguaian</annotation>
		<annotation cp="₴">hryvnia ucranaisa</annotation>
		<annotation cp="₴" type="tts">hryvnia ucranaisa</annotation>
		<annotation cp="₵">cedi ghanais</annotation>
		<annotation cp="₵" type="tts">cedi ghanais</annotation>
		<annotation cp="₸">tenge kasac</annotation>
		<annotation cp="₸" type="tts">tenge kasac</annotation>
		<annotation cp="₺">lira tirca</annotation>
		<annotation cp="₺" type="tts">lira tirca</annotation>
		<annotation cp="₼">manat aserbaidschan</annotation>
		<annotation cp="₼" type="tts">manat aserbaidschan</annotation>
		<annotation cp="₾">lari georgian</annotation>
		<annotation cp="₾" type="tts">lari georgian</annotation>
		<annotation cp="₧">peseta spagnola</annotation>
		<annotation cp="₧" type="tts">peseta spagnola</annotation>
	</annotations>
</ldml>
