<?xml version="1.0" encoding="UTF-8" ?>
<!DOCTYPE ldml SYSTEM "../../common/dtd/ldml.dtd">
<!-- Copyright © 1991-2023 Unicode, Inc.
For terms of use, see http://www.unicode.org/copyright.html
SPDX-License-Identifier: Unicode-DFS-2016
CLDR data files are interpreted according to the LDML specification (http://unicode.org/reports/tr35/)

Derived short names and annotations, using GenerateDerivedAnnotations.java. See warnings in /annotations/ file.
-->
<ldml>
	<identity>
		<version number="$Revision$"/>
		<language type="sat"/>
	</identity>
	<annotations>
		<annotation cp="🧑‍🦰">ᱟᱨᱟᱜ ᱩᱵ | ᱦᱚᱲ ᱜᱮ | ᱦᱚᱲ ᱜᱮ: ᱟᱨᱟᱜ ᱩᱵ</annotation>
		<annotation cp="🧑‍🦰" type="tts">ᱦᱚᱲ ᱜᱮ: ᱟᱨᱟᱜ ᱩᱵ</annotation>
		<annotation cp="🧑‍🦳">ᱦᱚᱲ ᱜᱮ | ᱦᱚᱲ ᱜᱮ: ᱯᱩᱸᱱᱰ ᱩᱵ | ᱯᱩᱸᱱᱰ ᱩᱵ</annotation>
		<annotation cp="🧑‍🦳" type="tts">ᱦᱚᱲ ᱜᱮ: ᱯᱩᱸᱱᱰ ᱩᱵ</annotation>
		<annotation cp="👨‍🦰">ᱟᱨᱟᱜ ᱩᱵ | ᱦᱚᱲ | ᱦᱚᱲ: ᱟᱨᱟᱜ ᱩᱵ</annotation>
		<annotation cp="👨‍🦰" type="tts">ᱦᱚᱲ: ᱟᱨᱟᱜ ᱩᱵ</annotation>
		<annotation cp="👨‍🦳">ᱦᱚᱲ | ᱦᱚᱲ: ᱯᱩᱸᱱᱰ ᱩᱵ | ᱯᱩᱸᱱᱰ ᱩᱵ</annotation>
		<annotation cp="👨‍🦳" type="tts">ᱦᱚᱲ: ᱯᱩᱸᱱᱰ ᱩᱵ</annotation>
		<annotation cp="👩‍🦰">ᱟᱨᱟᱜ ᱩᱵ | ᱢᱟᱹᱭᱡᱩ | ᱢᱟᱹᱭᱡᱩ: ᱟᱨᱟᱜ ᱩᱵ</annotation>
		<annotation cp="👩‍🦰" type="tts">ᱢᱟᱹᱭᱡᱩ: ᱟᱨᱟᱜ ᱩᱵ</annotation>
		<annotation cp="👩‍🦳">ᱢᱟᱹᱭᱡᱩ | ᱢᱟᱹᱭᱡᱩ: ᱯᱩᱸᱱᱰ ᱩᱵ | ᱯᱩᱸᱱᱰ ᱩᱵ</annotation>
		<annotation cp="👩‍🦳" type="tts">ᱢᱟᱹᱭᱡᱩ: ᱯᱩᱸᱱᱰ ᱩᱵ</annotation>
		<annotation cp="#⃣">ᱠᱤᱠᱮᱯ | ᱠᱤᱠᱮᱯ: #</annotation>
		<annotation cp="#⃣" type="tts">ᱠᱤᱠᱮᱯ: #</annotation>
		<annotation cp="*⃣">ᱠᱤᱠᱮᱯ | ᱠᱤᱠᱮᱯ: *</annotation>
		<annotation cp="*⃣" type="tts">ᱠᱤᱠᱮᱯ: *</annotation>
		<annotation cp="🔟">ᱠᱤᱠᱮᱯ | ᱠᱤᱠᱮᱯ: 10</annotation>
		<annotation cp="🔟" type="tts">ᱠᱤᱠᱮᱯ: 10</annotation>
		<annotation cp="🇦🇨">ᱪᱤᱨ | ᱪᱤᱨ: ᱟᱥᱮᱱᱥᱤᱭᱟᱹᱱ ᱟᱭᱞᱮᱸᱰ</annotation>
		<annotation cp="🇦🇨" type="tts">ᱪᱤᱨ: ᱟᱥᱮᱱᱥᱤᱭᱟᱹᱱ ᱟᱭᱞᱮᱸᱰ</annotation>
		<annotation cp="🇦🇩">ᱪᱤᱨ | ᱪᱤᱨ: ᱟᱱᱰᱚᱨᱟ</annotation>
		<annotation cp="🇦🇩" type="tts">ᱪᱤᱨ: ᱟᱱᱰᱚᱨᱟ</annotation>
		<annotation cp="🇦🇪">ᱪᱤᱨ | ᱪᱤᱨ: ᱡᱩᱢᱤᱫ ᱟᱨᱟᱹᱵ ᱮᱢᱤᱨᱮᱴᱥ</annotation>
		<annotation cp="🇦🇪" type="tts">ᱪᱤᱨ: ᱡᱩᱢᱤᱫ ᱟᱨᱟᱹᱵ ᱮᱢᱤᱨᱮᱴᱥ</annotation>
		<annotation cp="🇦🇫">ᱪᱤᱨ | ᱪᱤᱨ: ᱟᱯᱷᱜᱟᱱᱤᱥᱛᱟᱱ</annotation>
		<annotation cp="🇦🇫" type="tts">ᱪᱤᱨ: ᱟᱯᱷᱜᱟᱱᱤᱥᱛᱟᱱ</annotation>
		<annotation cp="🇦🇬">ᱪᱤᱨ | ᱪᱤᱨ: ᱟᱱᱴᱤᱜᱩᱣᱟ ᱟᱨ ᱵᱟᱹᱨᱢᱩᱱᱰᱟ</annotation>
		<annotation cp="🇦🇬" type="tts">ᱪᱤᱨ: ᱟᱱᱴᱤᱜᱩᱣᱟ ᱟᱨ ᱵᱟᱹᱨᱢᱩᱱᱰᱟ</annotation>
		<annotation cp="🇦🇮">ᱪᱤᱨ | ᱪᱤᱨ: ᱟᱹᱱᱜᱩᱭᱞᱟ</annotation>
		<annotation cp="🇦🇮" type="tts">ᱪᱤᱨ: ᱟᱹᱱᱜᱩᱭᱞᱟ</annotation>
		<annotation cp="🇦🇱">ᱪᱤᱨ | ᱪᱤᱨ: ᱟᱞᱵᱟᱱᱤᱭᱟ</annotation>
		<annotation cp="🇦🇱" type="tts">ᱪᱤᱨ: ᱟᱞᱵᱟᱱᱤᱭᱟ</annotation>
		<annotation cp="🇦🇲">ᱪᱤᱨ | ᱪᱤᱨ: ᱟᱨᱢᱮᱱᱤᱭᱟ</annotation>
		<annotation cp="🇦🇲" type="tts">ᱪᱤᱨ: ᱟᱨᱢᱮᱱᱤᱭᱟ</annotation>
		<annotation cp="🇦🇴">ᱪᱤᱨ | ᱪᱤᱨ: ᱟᱹᱱᱜᱚᱞᱟ</annotation>
		<annotation cp="🇦🇴" type="tts">ᱪᱤᱨ: ᱟᱹᱱᱜᱚᱞᱟ</annotation>
		<annotation cp="🇦🇶">ᱪᱤᱨ | ᱪᱤᱨ: ᱟᱱᱴᱟᱨᱠᱴᱤᱠᱟ</annotation>
		<annotation cp="🇦🇶" type="tts">ᱪᱤᱨ: ᱟᱱᱴᱟᱨᱠᱴᱤᱠᱟ</annotation>
		<annotation cp="🇦🇷">ᱪᱤᱨ | ᱪᱤᱨ: ᱟᱨᱡᱮᱱᱴᱤᱱᱟ</annotation>
		<annotation cp="🇦🇷" type="tts">ᱪᱤᱨ: ᱟᱨᱡᱮᱱᱴᱤᱱᱟ</annotation>
		<annotation cp="🇦🇸">ᱪᱤᱨ | ᱪᱤᱨ: ᱟᱢᱮᱨᱤᱠᱟᱹᱱ ᱥᱟᱢᱚᱣᱟ</annotation>
		<annotation cp="🇦🇸" type="tts">ᱪᱤᱨ: ᱟᱢᱮᱨᱤᱠᱟᱹᱱ ᱥᱟᱢᱚᱣᱟ</annotation>
		<annotation cp="🇦🇹">ᱪᱤᱨ | ᱪᱤᱨ: ᱟᱥᱴᱨᱮᱞᱤᱭᱟ</annotation>
		<annotation cp="🇦🇹" type="tts">ᱪᱤᱨ: ᱟᱥᱴᱨᱮᱞᱤᱭᱟ</annotation>
		<annotation cp="🇦🇺">ᱪᱤᱨ | ᱪᱤᱨ: ᱚᱥᱴᱨᱮᱞᱤᱭᱟ</annotation>
		<annotation cp="🇦🇺" type="tts">ᱪᱤᱨ: ᱚᱥᱴᱨᱮᱞᱤᱭᱟ</annotation>
		<annotation cp="🇦🇼">ᱪᱤᱨ | ᱪᱤᱨ: ᱟᱹᱨᱩᱵᱟ</annotation>
		<annotation cp="🇦🇼" type="tts">ᱪᱤᱨ: ᱟᱹᱨᱩᱵᱟ</annotation>
		<annotation cp="🇦🇽">ᱪᱤᱨ | ᱪᱤᱨ: ᱮᱞᱮᱸᱰ ᱫᱣᱤᱯᱫᱳᱞ</annotation>
		<annotation cp="🇦🇽" type="tts">ᱪᱤᱨ: ᱮᱞᱮᱸᱰ ᱫᱣᱤᱯᱫᱳᱞ</annotation>
		<annotation cp="🇦🇿">ᱪᱤᱨ | ᱪᱤᱨ: ᱟᱹᱡᱟᱹᱨᱵᱮᱭᱡᱟᱱ</annotation>
		<annotation cp="🇦🇿" type="tts">ᱪᱤᱨ: ᱟᱹᱡᱟᱹᱨᱵᱮᱭᱡᱟᱱ</annotation>
		<annotation cp="🇧🇦">ᱪᱤᱨ | ᱪᱤᱨ: ᱵᱚᱥᱱᱤᱭᱟ ᱟᱨ ᱦᱟᱹᱨᱡᱮᱜᱚᱣᱤᱭᱟ</annotation>
		<annotation cp="🇧🇦" type="tts">ᱪᱤᱨ: ᱵᱚᱥᱱᱤᱭᱟ ᱟᱨ ᱦᱟᱹᱨᱡᱮᱜᱚᱣᱤᱭᱟ</annotation>
		<annotation cp="🇧🇧">ᱪᱤᱨ | ᱪᱤᱨ: ᱵᱟᱨᱵᱟᱰᱚᱥ</annotation>
		<annotation cp="🇧🇧" type="tts">ᱪᱤᱨ: ᱵᱟᱨᱵᱟᱰᱚᱥ</annotation>
		<annotation cp="🇧🇩">ᱪᱤᱨ | ᱪᱤᱨ: ᱵᱟᱝᱞᱟᱫᱮᱥ</annotation>
		<annotation cp="🇧🇩" type="tts">ᱪᱤᱨ: ᱵᱟᱝᱞᱟᱫᱮᱥ</annotation>
		<annotation cp="🇧🇪">ᱪᱤᱨ | ᱪᱤᱨ: ᱵᱮᱞᱡᱤᱭᱟᱹᱢ</annotation>
		<annotation cp="🇧🇪" type="tts">ᱪᱤᱨ: ᱵᱮᱞᱡᱤᱭᱟᱹᱢ</annotation>
		<annotation cp="🇧🇫">ᱪᱤᱨ | ᱪᱤᱨ: ᱵᱩᱨᱠᱤᱱᱟ ᱯᱷᱟᱥᱚ</annotation>
		<annotation cp="🇧🇫" type="tts">ᱪᱤᱨ: ᱵᱩᱨᱠᱤᱱᱟ ᱯᱷᱟᱥᱚ</annotation>
		<annotation cp="🇧🇬">ᱪᱤᱨ | ᱪᱤᱨ: ᱵᱩᱞᱜᱟᱨᱤᱭᱟ</annotation>
		<annotation cp="🇧🇬" type="tts">ᱪᱤᱨ: ᱵᱩᱞᱜᱟᱨᱤᱭᱟ</annotation>
		<annotation cp="🇧🇭">ᱪᱤᱨ | ᱪᱤᱨ: ᱵᱟᱦᱨᱮᱱ</annotation>
		<annotation cp="🇧🇭" type="tts">ᱪᱤᱨ: ᱵᱟᱦᱨᱮᱱ</annotation>
		<annotation cp="🇧🇮">ᱪᱤᱨ | ᱪᱤᱨ: ᱵᱩᱨᱩᱱᱰᱤ</annotation>
		<annotation cp="🇧🇮" type="tts">ᱪᱤᱨ: ᱵᱩᱨᱩᱱᱰᱤ</annotation>
		<annotation cp="🇧🇯">ᱪᱤᱨ | ᱪᱤᱨ: ᱵᱮᱱᱤᱱ</annotation>
		<annotation cp="🇧🇯" type="tts">ᱪᱤᱨ: ᱵᱮᱱᱤᱱ</annotation>
		<annotation cp="🇧🇱">ᱪᱤᱨ | ᱪᱤᱨ: ᱮᱥ ᱴᱤ ᱵᱟᱨᱛᱷᱮᱞᱮᱢᱤ</annotation>
		<annotation cp="🇧🇱" type="tts">ᱪᱤᱨ: ᱮᱥ ᱴᱤ ᱵᱟᱨᱛᱷᱮᱞᱮᱢᱤ</annotation>
		<annotation cp="🇧🇲">ᱪᱤᱨ | ᱪᱤᱨ: ᱵᱟᱹᱨᱢᱩᱱᱰᱟ</annotation>
		<annotation cp="🇧🇲" type="tts">ᱪᱤᱨ: ᱵᱟᱹᱨᱢᱩᱱᱰᱟ</annotation>
		<annotation cp="🇧🇳">ᱪᱤᱨ | ᱪᱤᱨ: ᱵᱽᱨᱩᱱᱮᱭ</annotation>
		<annotation cp="🇧🇳" type="tts">ᱪᱤᱨ: ᱵᱽᱨᱩᱱᱮᱭ</annotation>
		<annotation cp="🇧🇴">ᱪᱤᱨ | ᱪᱤᱨ: ᱵᱚᱞᱤᱣᱤᱭᱟ</annotation>
		<annotation cp="🇧🇴" type="tts">ᱪᱤᱨ: ᱵᱚᱞᱤᱣᱤᱭᱟ</annotation>
		<annotation cp="🇧🇶">ᱪᱤᱨ | ᱪᱤᱨ: ᱠᱟᱹᱨᱮᱱᱤᱭᱟᱹᱱ ᱱᱮᱫᱚᱨᱞᱮᱸᱰ</annotation>
		<annotation cp="🇧🇶" type="tts">ᱪᱤᱨ: ᱠᱟᱹᱨᱮᱱᱤᱭᱟᱹᱱ ᱱᱮᱫᱚᱨᱞᱮᱸᱰ</annotation>
		<annotation cp="🇧🇷">ᱪᱤᱨ | ᱪᱤᱨ: ᱵᱨᱟᱡᱤᱞ</annotation>
		<annotation cp="🇧🇷" type="tts">ᱪᱤᱨ: ᱵᱨᱟᱡᱤᱞ</annotation>
		<annotation cp="🇧🇸">ᱪᱤᱨ | ᱪᱤᱨ: ᱵᱟᱦᱟᱢᱟᱥ</annotation>
		<annotation cp="🇧🇸" type="tts">ᱪᱤᱨ: ᱵᱟᱦᱟᱢᱟᱥ</annotation>
		<annotation cp="🇧🇹">ᱪᱤᱨ | ᱪᱤᱨ: ᱵᱷᱩᱴᱟᱱ</annotation>
		<annotation cp="🇧🇹" type="tts">ᱪᱤᱨ: ᱵᱷᱩᱴᱟᱱ</annotation>
		<annotation cp="🇧🇻">ᱪᱤᱨ | ᱪᱤᱨ: ᱵᱚᱣᱮᱴ ᱟᱭᱞᱮᱸᱰ</annotation>
		<annotation cp="🇧🇻" type="tts">ᱪᱤᱨ: ᱵᱚᱣᱮᱴ ᱟᱭᱞᱮᱸᱰ</annotation>
		<annotation cp="🇧🇼">ᱪᱤᱨ | ᱪᱤᱨ: ᱵᱚᱴᱥᱣᱟᱱᱟ</annotation>
		<annotation cp="🇧🇼" type="tts">ᱪᱤᱨ: ᱵᱚᱴᱥᱣᱟᱱᱟ</annotation>
		<annotation cp="🇧🇾">ᱪᱤᱨ | ᱪᱤᱨ: ᱵᱮᱞᱟᱨᱩᱥ</annotation>
		<annotation cp="🇧🇾" type="tts">ᱪᱤᱨ: ᱵᱮᱞᱟᱨᱩᱥ</annotation>
		<annotation cp="🇧🇿">ᱪᱤᱨ | ᱪᱤᱨ: ᱵᱮᱞᱤᱡᱽ</annotation>
		<annotation cp="🇧🇿" type="tts">ᱪᱤᱨ: ᱵᱮᱞᱤᱡᱽ</annotation>
		<annotation cp="🇨🇦">ᱪᱤᱨ | ᱪᱤᱨ: ᱠᱟᱱᱟᱰᱟ</annotation>
		<annotation cp="🇨🇦" type="tts">ᱪᱤᱨ: ᱠᱟᱱᱟᱰᱟ</annotation>
		<annotation cp="🇨🇨">ᱪᱤᱨ | ᱪᱤᱨ: ᱠᱚᱠᱚᱥ (ᱠᱤᱞᱤᱝ) ᱟᱭᱞᱮᱸᱰ</annotation>
		<annotation cp="🇨🇨" type="tts">ᱪᱤᱨ: ᱠᱚᱠᱚᱥ (ᱠᱤᱞᱤᱝ) ᱟᱭᱞᱮᱸᱰ</annotation>
		<annotation cp="🇨🇩">ᱪᱤᱨ | ᱪᱤᱨ: ᱠᱚᱝᱜᱚ ᱼ ᱠᱤᱱᱥᱟᱥᱟ</annotation>
		<annotation cp="🇨🇩" type="tts">ᱪᱤᱨ: ᱠᱚᱝᱜᱚ ᱼ ᱠᱤᱱᱥᱟᱥᱟ</annotation>
		<annotation cp="🇨🇫">ᱪᱤᱨ | ᱪᱤᱨ: ᱛᱟᱞᱟ ᱟᱯᱷᱨᱤᱠᱟ ᱟᱹᱯᱱᱟᱹᱛ</annotation>
		<annotation cp="🇨🇫" type="tts">ᱪᱤᱨ: ᱛᱟᱞᱟ ᱟᱯᱷᱨᱤᱠᱟ ᱟᱹᱯᱱᱟᱹᱛ</annotation>
		<annotation cp="🇨🇬">ᱪᱤᱨ | ᱪᱤᱨ: ᱠᱚᱝᱜᱚ ᱼ ᱵᱽᱨᱟᱡᱟᱣᱤᱞ</annotation>
		<annotation cp="🇨🇬" type="tts">ᱪᱤᱨ: ᱠᱚᱝᱜᱚ ᱼ ᱵᱽᱨᱟᱡᱟᱣᱤᱞ</annotation>
		<annotation cp="🇨🇭">ᱪᱤᱨ | ᱪᱤᱨ: ᱥᱮᱤᱡᱟᱹᱨᱞᱮᱸᱰ</annotation>
		<annotation cp="🇨🇭" type="tts">ᱪᱤᱨ: ᱥᱮᱤᱡᱟᱹᱨᱞᱮᱸᱰ</annotation>
		<annotation cp="🇨🇮">ᱪᱤᱨ | ᱪᱤᱨ: ᱠᱚᱛᱮ ᱫᱤᱣᱚᱭᱮᱨ</annotation>
		<annotation cp="🇨🇮" type="tts">ᱪᱤᱨ: ᱠᱚᱛᱮ ᱫᱤᱣᱚᱭᱮᱨ</annotation>
		<annotation cp="🇨🇰">ᱪᱤᱨ | ᱪᱤᱨ: ᱠᱩᱠ ᱟᱭᱞᱮᱸᱰ</annotation>
		<annotation cp="🇨🇰" type="tts">ᱪᱤᱨ: ᱠᱩᱠ ᱟᱭᱞᱮᱸᱰ</annotation>
		<annotation cp="🇨🇱">ᱪᱤᱨ | ᱪᱤᱨ: ᱪᱟᱭᱤᱞ</annotation>
		<annotation cp="🇨🇱" type="tts">ᱪᱤᱨ: ᱪᱟᱭᱤᱞ</annotation>
		<annotation cp="🇨🇲">ᱪᱤᱨ | ᱪᱤᱨ: ᱠᱟᱢᱮᱨᱩᱱ</annotation>
		<annotation cp="🇨🇲" type="tts">ᱪᱤᱨ: ᱠᱟᱢᱮᱨᱩᱱ</annotation>
		<annotation cp="🇨🇳">ᱪᱤᱨ | ᱪᱤᱨ: ᱪᱤᱱ</annotation>
		<annotation cp="🇨🇳" type="tts">ᱪᱤᱨ: ᱪᱤᱱ</annotation>
		<annotation cp="🇨🇴">ᱪᱤᱨ | ᱪᱤᱨ: ᱠᱚᱞᱚᱢᱵᱤᱭᱟ</annotation>
		<annotation cp="🇨🇴" type="tts">ᱪᱤᱨ: ᱠᱚᱞᱚᱢᱵᱤᱭᱟ</annotation>
		<annotation cp="🇨🇵">ᱪᱤᱨ | ᱪᱤᱨ: ᱠᱞᱤᱯᱮᱴᱨᱚᱱ ᱟᱭᱞᱮᱸᱰ</annotation>
		<annotation cp="🇨🇵" type="tts">ᱪᱤᱨ: ᱠᱞᱤᱯᱮᱴᱨᱚᱱ ᱟᱭᱞᱮᱸᱰ</annotation>
		<annotation cp="🇨🇷">ᱪᱤᱨ | ᱪᱤᱨ: ᱠᱚᱥᱴᱟ ᱨᱤᱠᱟ</annotation>
		<annotation cp="🇨🇷" type="tts">ᱪᱤᱨ: ᱠᱚᱥᱴᱟ ᱨᱤᱠᱟ</annotation>
		<annotation cp="🇨🇺">ᱪᱤᱨ | ᱪᱤᱨ: ᱠᱭᱩᱵᱟ</annotation>
		<annotation cp="🇨🇺" type="tts">ᱪᱤᱨ: ᱠᱭᱩᱵᱟ</annotation>
		<annotation cp="🇨🇻">ᱪᱤᱨ | ᱪᱤᱨ: ᱠᱮᱯ ᱣᱟᱹᱨᱰᱮ</annotation>
		<annotation cp="🇨🇻" type="tts">ᱪᱤᱨ: ᱠᱮᱯ ᱣᱟᱹᱨᱰᱮ</annotation>
		<annotation cp="🇨🇼">ᱪᱤᱨ | ᱪᱤᱨ: ᱠᱩᱨᱟᱠᱟᱣ</annotation>
		<annotation cp="🇨🇼" type="tts">ᱪᱤᱨ: ᱠᱩᱨᱟᱠᱟᱣ</annotation>
		<annotation cp="🇨🇽">ᱪᱤᱨ | ᱪᱤᱨ: ᱠᱨᱤᱥᱢᱟᱹᱥ ᱟᱭᱞᱮᱸᱰ</annotation>
		<annotation cp="🇨🇽" type="tts">ᱪᱤᱨ: ᱠᱨᱤᱥᱢᱟᱹᱥ ᱟᱭᱞᱮᱸᱰ</annotation>
		<annotation cp="🇨🇾">ᱪᱤᱨ | ᱪᱤᱨ: ᱥᱟᱭᱯᱨᱟᱹᱥ</annotation>
		<annotation cp="🇨🇾" type="tts">ᱪᱤᱨ: ᱥᱟᱭᱯᱨᱟᱹᱥ</annotation>
		<annotation cp="🇨🇿">ᱪᱤᱨ | ᱪᱤᱨ: ᱪᱮᱠᱤᱭᱟ</annotation>
		<annotation cp="🇨🇿" type="tts">ᱪᱤᱨ: ᱪᱮᱠᱤᱭᱟ</annotation>
		<annotation cp="🇩🇪">ᱪᱤᱨ | ᱪᱤᱨ: ᱡᱟᱨᱢᱟᱱᱤ</annotation>
		<annotation cp="🇩🇪" type="tts">ᱪᱤᱨ: ᱡᱟᱨᱢᱟᱱᱤ</annotation>
		<annotation cp="🇩🇬">ᱪᱤᱨ | ᱪᱤᱨ: ᱰᱤᱭᱮᱜᱚ ᱜᱟᱨᱥᱤᱭᱟ</annotation>
		<annotation cp="🇩🇬" type="tts">ᱪᱤᱨ: ᱰᱤᱭᱮᱜᱚ ᱜᱟᱨᱥᱤᱭᱟ</annotation>
		<annotation cp="🇩🇯">ᱪᱤᱨ | ᱪᱤᱨ: ᱡᱤᱵᱩᱛᱤ</annotation>
		<annotation cp="🇩🇯" type="tts">ᱪᱤᱨ: ᱡᱤᱵᱩᱛᱤ</annotation>
		<annotation cp="🇩🇰">ᱪᱤᱨ | ᱪᱤᱨ: ᱰᱮᱱᱢᱟᱨᱠ</annotation>
		<annotation cp="🇩🇰" type="tts">ᱪᱤᱨ: ᱰᱮᱱᱢᱟᱨᱠ</annotation>
		<annotation cp="🇩🇲">ᱪᱤᱨ | ᱪᱤᱨ: ᱰᱚᱢᱤᱱᱤᱠᱟ</annotation>
		<annotation cp="🇩🇲" type="tts">ᱪᱤᱨ: ᱰᱚᱢᱤᱱᱤᱠᱟ</annotation>
		<annotation cp="🇩🇴">ᱪᱤᱨ | ᱪᱤᱨ: ᱰᱚᱢᱤᱱᱤᱠᱟᱱ ᱨᱤᱯᱚᱵᱞᱤᱠ</annotation>
		<annotation cp="🇩🇴" type="tts">ᱪᱤᱨ: ᱰᱚᱢᱤᱱᱤᱠᱟᱱ ᱨᱤᱯᱚᱵᱞᱤᱠ</annotation>
		<annotation cp="🇩🇿">ᱪᱤᱨ | ᱪᱤᱨ: ᱟᱞᱡᱮᱨᱤᱭᱟ</annotation>
		<annotation cp="🇩🇿" type="tts">ᱪᱤᱨ: ᱟᱞᱡᱮᱨᱤᱭᱟ</annotation>
		<annotation cp="🇪🇦">ᱪᱤᱨ | ᱪᱤᱨ: ᱥᱮᱣᱴᱟ ᱟᱨ ᱢᱮᱞᱤᱞᱟ</annotation>
		<annotation cp="🇪🇦" type="tts">ᱪᱤᱨ: ᱥᱮᱣᱴᱟ ᱟᱨ ᱢᱮᱞᱤᱞᱟ</annotation>
		<annotation cp="🇪🇨">ᱪᱤᱨ | ᱪᱤᱨ: ᱤᱠᱣᱟᱰᱚᱨ</annotation>
		<annotation cp="🇪🇨" type="tts">ᱪᱤᱨ: ᱤᱠᱣᱟᱰᱚᱨ</annotation>
		<annotation cp="🇪🇪">ᱪᱤᱨ | ᱪᱤᱨ: ᱮᱥᱴᱚᱱᱤᱭᱟ</annotation>
		<annotation cp="🇪🇪" type="tts">ᱪᱤᱨ: ᱮᱥᱴᱚᱱᱤᱭᱟ</annotation>
		<annotation cp="🇪🇬">ᱪᱤᱨ | ᱪᱤᱨ: ᱤᱡᱤᱯᱴ</annotation>
		<annotation cp="🇪🇬" type="tts">ᱪᱤᱨ: ᱤᱡᱤᱯᱴ</annotation>
		<annotation cp="🇪🇭">ᱪᱤᱨ | ᱪᱤᱨ: ᱯᱟᱪᱮ ᱥᱟᱦᱟᱨᱟ</annotation>
		<annotation cp="🇪🇭" type="tts">ᱪᱤᱨ: ᱯᱟᱪᱮ ᱥᱟᱦᱟᱨᱟ</annotation>
		<annotation cp="🇪🇷">ᱪᱤᱨ | ᱪᱤᱨ: ᱤᱨᱤᱴᱨᱤᱭᱟ</annotation>
		<annotation cp="🇪🇷" type="tts">ᱪᱤᱨ: ᱤᱨᱤᱴᱨᱤᱭᱟ</annotation>
		<annotation cp="🇪🇸">ᱪᱤᱨ | ᱪᱤᱨ: ᱥᱯᱮᱱ</annotation>
		<annotation cp="🇪🇸" type="tts">ᱪᱤᱨ: ᱥᱯᱮᱱ</annotation>
		<annotation cp="🇪🇹">ᱪᱤᱨ | ᱪᱤᱨ: ᱤᱛᱷᱤᱭᱚᱯᱤᱭᱟ</annotation>
		<annotation cp="🇪🇹" type="tts">ᱪᱤᱨ: ᱤᱛᱷᱤᱭᱚᱯᱤᱭᱟ</annotation>
		<annotation cp="🇪🇺">ᱪᱤᱨ | ᱪᱤᱨ: ᱭᱩᱨᱚᱯᱤᱭᱟᱹᱱ ᱡᱩᱢᱤᱫ</annotation>
		<annotation cp="🇪🇺" type="tts">ᱪᱤᱨ: ᱭᱩᱨᱚᱯᱤᱭᱟᱹᱱ ᱡᱩᱢᱤᱫ</annotation>
		<annotation cp="🇫🇮">ᱪᱤᱨ | ᱪᱤᱨ: ᱯᱷᱤᱱᱞᱮᱸᱰ</annotation>
		<annotation cp="🇫🇮" type="tts">ᱪᱤᱨ: ᱯᱷᱤᱱᱞᱮᱸᱰ</annotation>
		<annotation cp="🇫🇯">ᱪᱤᱨ | ᱪᱤᱨ: ᱯᱷᱤᱡᱤ</annotation>
		<annotation cp="🇫🇯" type="tts">ᱪᱤᱨ: ᱯᱷᱤᱡᱤ</annotation>
		<annotation cp="🇫🇰">ᱪᱤᱨ | ᱪᱤᱨ: ᱯᱷᱟᱞᱠᱞᱮᱸᱰ ᱟᱭᱞᱮᱸᱰ</annotation>
		<annotation cp="🇫🇰" type="tts">ᱪᱤᱨ: ᱯᱷᱟᱞᱠᱞᱮᱸᱰ ᱟᱭᱞᱮᱸᱰ</annotation>
		<annotation cp="🇫🇲">ᱪᱤᱨ | ᱪᱤᱨ: ᱢᱟᱭᱠᱨᱚᱱᱮᱥᱤᱭᱟ</annotation>
		<annotation cp="🇫🇲" type="tts">ᱪᱤᱨ: ᱢᱟᱭᱠᱨᱚᱱᱮᱥᱤᱭᱟ</annotation>
		<annotation cp="🇫🇴">ᱪᱤᱨ | ᱪᱤᱨ: ᱯᱷᱮᱨᱚ ᱫᱣᱤᱯᱫᱳᱞ</annotation>
		<annotation cp="🇫🇴" type="tts">ᱪᱤᱨ: ᱯᱷᱮᱨᱚ ᱫᱣᱤᱯᱫᱳᱞ</annotation>
		<annotation cp="🇫🇷">ᱪᱤᱨ | ᱪᱤᱨ: ᱯᱷᱨᱟᱱᱥ</annotation>
		<annotation cp="🇫🇷" type="tts">ᱪᱤᱨ: ᱯᱷᱨᱟᱱᱥ</annotation>
		<annotation cp="🇬🇦">ᱪᱤᱨ | ᱪᱤᱨ: ᱜᱟᱵᱚᱱ</annotation>
		<annotation cp="🇬🇦" type="tts">ᱪᱤᱨ: ᱜᱟᱵᱚᱱ</annotation>
		<annotation cp="🇬🇧">ᱪᱤᱨ | ᱪᱤᱨ: ᱭᱩᱱᱤᱭᱴᱮᱰ ᱠᱤᱝᱰᱚᱢ</annotation>
		<annotation cp="🇬🇧" type="tts">ᱪᱤᱨ: ᱭᱩᱱᱤᱭᱴᱮᱰ ᱠᱤᱝᱰᱚᱢ</annotation>
		<annotation cp="🇬🇩">ᱪᱤᱨ | ᱪᱤᱨ: ᱜᱽᱨᱮᱱᱟᱰᱟ</annotation>
		<annotation cp="🇬🇩" type="tts">ᱪᱤᱨ: ᱜᱽᱨᱮᱱᱟᱰᱟ</annotation>
		<annotation cp="🇬🇪">ᱪᱤᱨ | ᱪᱤᱨ: ᱡᱭᱚᱨᱡᱤᱭᱟ</annotation>
		<annotation cp="🇬🇪" type="tts">ᱪᱤᱨ: ᱡᱭᱚᱨᱡᱤᱭᱟ</annotation>
		<annotation cp="🇬🇫">ᱪᱤᱨ | ᱪᱤᱨ: ᱯᱷᱨᱮᱧᱪ ᱜᱩᱭᱟᱱᱟ</annotation>
		<annotation cp="🇬🇫" type="tts">ᱪᱤᱨ: ᱯᱷᱨᱮᱧᱪ ᱜᱩᱭᱟᱱᱟ</annotation>
		<annotation cp="🇬🇬">ᱪᱤᱨ | ᱪᱤᱨ: ᱜᱣᱮᱨᱱᱮᱥᱭ</annotation>
		<annotation cp="🇬🇬" type="tts">ᱪᱤᱨ: ᱜᱣᱮᱨᱱᱮᱥᱭ</annotation>
		<annotation cp="🇬🇭">ᱪᱤᱨ | ᱪᱤᱨ: ᱜᱷᱟᱱᱟ</annotation>
		<annotation cp="🇬🇭" type="tts">ᱪᱤᱨ: ᱜᱷᱟᱱᱟ</annotation>
		<annotation cp="🇬🇮">ᱪᱤᱨ | ᱪᱤᱨ: ᱜᱤᱵᱽᱨᱟᱞᱴᱟᱹᱨ</annotation>
		<annotation cp="🇬🇮" type="tts">ᱪᱤᱨ: ᱜᱤᱵᱽᱨᱟᱞᱴᱟᱹᱨ</annotation>
		<annotation cp="🇬🇱">ᱪᱤᱨ | ᱪᱤᱨ: ᱜᱽᱨᱤᱱᱞᱮᱸᱰ</annotation>
		<annotation cp="🇬🇱" type="tts">ᱪᱤᱨ: ᱜᱽᱨᱤᱱᱞᱮᱸᱰ</annotation>
		<annotation cp="🇬🇲">ᱪᱤᱨ | ᱪᱤᱨ: ᱜᱟᱢᱵᱤᱭᱟ</annotation>
		<annotation cp="🇬🇲" type="tts">ᱪᱤᱨ: ᱜᱟᱢᱵᱤᱭᱟ</annotation>
		<annotation cp="🇬🇳">ᱪᱤᱨ | ᱪᱤᱨ: ᱜᱩᱭᱱᱤᱭᱟ</annotation>
		<annotation cp="🇬🇳" type="tts">ᱪᱤᱨ: ᱜᱩᱭᱱᱤᱭᱟ</annotation>
		<annotation cp="🇬🇵">ᱪᱤᱨ | ᱪᱤᱨ: ᱜᱩᱟᱰᱮᱞᱚᱣᱯ</annotation>
		<annotation cp="🇬🇵" type="tts">ᱪᱤᱨ: ᱜᱩᱟᱰᱮᱞᱚᱣᱯ</annotation>
		<annotation cp="🇬🇶">ᱪᱤᱨ | ᱪᱤᱨ: ᱤᱠᱣᱤᱴᱚᱨᱤᱭᱟᱹᱞ ᱜᱤᱱᱤ</annotation>
		<annotation cp="🇬🇶" type="tts">ᱪᱤᱨ: ᱤᱠᱣᱤᱴᱚᱨᱤᱭᱟᱹᱞ ᱜᱤᱱᱤ</annotation>
		<annotation cp="🇬🇷">ᱪᱤᱨ | ᱪᱤᱨ: ᱜᱽᱨᱤᱥ</annotation>
		<annotation cp="🇬🇷" type="tts">ᱪᱤᱨ: ᱜᱽᱨᱤᱥ</annotation>
		<annotation cp="🇬🇸">ᱪᱤᱨ | ᱪᱤᱨ: ᱠᱚᱸᱭᱮ ᱡᱤᱭᱚᱨᱡᱤᱭᱟ ᱟᱨ ᱠᱚᱸᱭᱮ ᱥᱮᱸᱰᱣᱤᱪ ᱟᱭᱞᱮᱸᱰ</annotation>
		<annotation cp="🇬🇸" type="tts">ᱪᱤᱨ: ᱠᱚᱸᱭᱮ ᱡᱤᱭᱚᱨᱡᱤᱭᱟ ᱟᱨ ᱠᱚᱸᱭᱮ ᱥᱮᱸᱰᱣᱤᱪ ᱟᱭᱞᱮᱸᱰ</annotation>
		<annotation cp="🇬🇹">ᱪᱤᱨ | ᱪᱤᱨ: ᱜᱩᱣᱟᱴᱮᱢᱟᱞᱟ</annotation>
		<annotation cp="🇬🇹" type="tts">ᱪᱤᱨ: ᱜᱩᱣᱟᱴᱮᱢᱟᱞᱟ</annotation>
		<annotation cp="🇬🇺">ᱪᱤᱨ | ᱪᱤᱨ: ᱜᱩᱣᱟᱢ</annotation>
		<annotation cp="🇬🇺" type="tts">ᱪᱤᱨ: ᱜᱩᱣᱟᱢ</annotation>
		<annotation cp="🇬🇼">ᱪᱤᱨ | ᱪᱤᱨ: ᱜᱩᱭᱱᱤᱭᱟᱼᱵᱤᱥᱟᱣ</annotation>
		<annotation cp="🇬🇼" type="tts">ᱪᱤᱨ: ᱜᱩᱭᱱᱤᱭᱟᱼᱵᱤᱥᱟᱣ</annotation>
		<annotation cp="🇬🇾">ᱪᱤᱨ | ᱪᱤᱨ: ᱜᱩᱭᱟᱱᱟ</annotation>
		<annotation cp="🇬🇾" type="tts">ᱪᱤᱨ: ᱜᱩᱭᱟᱱᱟ</annotation>
		<annotation cp="🇭🇰">ᱪᱤᱨ | ᱪᱤᱨ: ᱦᱚᱝ ᱠᱚᱝ ᱥᱟᱨ ᱪᱟᱭᱱᱟ</annotation>
		<annotation cp="🇭🇰" type="tts">ᱪᱤᱨ: ᱦᱚᱝ ᱠᱚᱝ ᱥᱟᱨ ᱪᱟᱭᱱᱟ</annotation>
		<annotation cp="🇭🇲">ᱪᱤᱨ | ᱪᱤᱨ: ᱦᱟᱹᱰ ᱟᱨ ᱢᱮᱠᱰᱚᱱᱟᱹᱞᱰ ᱟᱭᱞᱮᱸᱰ</annotation>
		<annotation cp="🇭🇲" type="tts">ᱪᱤᱨ: ᱦᱟᱹᱰ ᱟᱨ ᱢᱮᱠᱰᱚᱱᱟᱹᱞᱰ ᱟᱭᱞᱮᱸᱰ</annotation>
		<annotation cp="🇭🇳">ᱪᱤᱨ | ᱪᱤᱨ: ᱦᱚᱱᱰᱩᱨᱟᱥ</annotation>
		<annotation cp="🇭🇳" type="tts">ᱪᱤᱨ: ᱦᱚᱱᱰᱩᱨᱟᱥ</annotation>
		<annotation cp="🇭🇷">ᱪᱤᱨ | ᱪᱤᱨ: ᱠᱨᱚᱮᱥᱤᱭᱟ</annotation>
		<annotation cp="🇭🇷" type="tts">ᱪᱤᱨ: ᱠᱨᱚᱮᱥᱤᱭᱟ</annotation>
		<annotation cp="🇭🇹">ᱪᱤᱨ | ᱪᱤᱨ: ᱦᱟᱭᱴᱤ</annotation>
		<annotation cp="🇭🇹" type="tts">ᱪᱤᱨ: ᱦᱟᱭᱴᱤ</annotation>
		<annotation cp="🇭🇺">ᱪᱤᱨ | ᱪᱤᱨ: ᱦᱟᱹᱝᱜᱟᱨᱤ</annotation>
		<annotation cp="🇭🇺" type="tts">ᱪᱤᱨ: ᱦᱟᱹᱝᱜᱟᱨᱤ</annotation>
		<annotation cp="🇮🇨">ᱪᱤᱨ | ᱪᱤᱨ: ᱠᱟᱱᱟᱨᱭ ᱟᱭᱞᱮᱸᱰᱥ</annotation>
		<annotation cp="🇮🇨" type="tts">ᱪᱤᱨ: ᱠᱟᱱᱟᱨᱭ ᱟᱭᱞᱮᱸᱰᱥ</annotation>
		<annotation cp="🇮🇩">ᱪᱤᱨ | ᱪᱤᱨ: ᱤᱱᱰᱚᱱᱮᱥᱤᱭᱟ</annotation>
		<annotation cp="🇮🇩" type="tts">ᱪᱤᱨ: ᱤᱱᱰᱚᱱᱮᱥᱤᱭᱟ</annotation>
		<annotation cp="🇮🇪">ᱪᱤᱨ | ᱪᱤᱨ: ᱟᱭᱟᱹᱨᱞᱮᱸᱰ</annotation>
		<annotation cp="🇮🇪" type="tts">ᱪᱤᱨ: ᱟᱭᱟᱹᱨᱞᱮᱸᱰ</annotation>
		<annotation cp="🇮🇱">ᱪᱤᱨ | ᱪᱤᱨ: ᱤᱥᱨᱟᱭᱮᱞ</annotation>
		<annotation cp="🇮🇱" type="tts">ᱪᱤᱨ: ᱤᱥᱨᱟᱭᱮᱞ</annotation>
		<annotation cp="🇮🇲">ᱪᱤᱨ | ᱪᱤᱨ: ᱟᱭᱞ ᱚᱯᱷ ᱢᱮᱱ</annotation>
		<annotation cp="🇮🇲" type="tts">ᱪᱤᱨ: ᱟᱭᱞ ᱚᱯᱷ ᱢᱮᱱ</annotation>
		<annotation cp="🇮🇳">ᱪᱤᱨ | ᱪᱤᱨ: ᱤᱱᱰᱤᱭᱟ</annotation>
		<annotation cp="🇮🇳" type="tts">ᱪᱤᱨ: ᱤᱱᱰᱤᱭᱟ</annotation>
		<annotation cp="🇮🇴">ᱪᱤᱨ | ᱪᱤᱨ: ᱵᱽᱨᱤᱴᱤᱥ ᱵᱷᱟᱨᱚᱛ ᱢᱟᱦᱟᱥᱟᱜᱚᱨ ᱡᱟᱭᱜᱟ</annotation>
		<annotation cp="🇮🇴" type="tts">ᱪᱤᱨ: ᱵᱽᱨᱤᱴᱤᱥ ᱵᱷᱟᱨᱚᱛ ᱢᱟᱦᱟᱥᱟᱜᱚᱨ ᱡᱟᱭᱜᱟ</annotation>
		<annotation cp="🇮🇶">ᱪᱤᱨ | ᱪᱤᱨ: ᱤᱨᱟᱠ</annotation>
		<annotation cp="🇮🇶" type="tts">ᱪᱤᱨ: ᱤᱨᱟᱠ</annotation>
		<annotation cp="🇮🇷">ᱪᱤᱨ | ᱪᱤᱨ: ᱤᱨᱟᱱ</annotation>
		<annotation cp="🇮🇷" type="tts">ᱪᱤᱨ: ᱤᱨᱟᱱ</annotation>
		<annotation cp="🇮🇸">ᱪᱤᱨ | ᱪᱤᱨ: ᱟᱭᱥᱞᱮᱸᱰ</annotation>
		<annotation cp="🇮🇸" type="tts">ᱪᱤᱨ: ᱟᱭᱥᱞᱮᱸᱰ</annotation>
		<annotation cp="🇮🇹">ᱪᱤᱨ | ᱪᱤᱨ: ᱤᱴᱞᱤ</annotation>
		<annotation cp="🇮🇹" type="tts">ᱪᱤᱨ: ᱤᱴᱞᱤ</annotation>
		<annotation cp="🇯🇪">ᱪᱤᱨ | ᱪᱤᱨ: ᱡᱟᱹᱨᱥᱤ</annotation>
		<annotation cp="🇯🇪" type="tts">ᱪᱤᱨ: ᱡᱟᱹᱨᱥᱤ</annotation>
		<annotation cp="🇯🇲">ᱪᱤᱨ | ᱪᱤᱨ: ᱡᱟᱢᱟᱭᱠᱟ</annotation>
		<annotation cp="🇯🇲" type="tts">ᱪᱤᱨ: ᱡᱟᱢᱟᱭᱠᱟ</annotation>
		<annotation cp="🇯🇴">ᱪᱤᱨ | ᱪᱤᱨ: ᱡᱚᱨᱰᱟᱱ</annotation>
		<annotation cp="🇯🇴" type="tts">ᱪᱤᱨ: ᱡᱚᱨᱰᱟᱱ</annotation>
		<annotation cp="🇯🇵">ᱪᱤᱨ | ᱪᱤᱨ: ᱡᱟᱯᱟᱱ</annotation>
		<annotation cp="🇯🇵" type="tts">ᱪᱤᱨ: ᱡᱟᱯᱟᱱ</annotation>
		<annotation cp="🇰🇪">ᱪᱤᱨ | ᱪᱤᱨ: ᱠᱮᱱᱭᱟ</annotation>
		<annotation cp="🇰🇪" type="tts">ᱪᱤᱨ: ᱠᱮᱱᱭᱟ</annotation>
		<annotation cp="🇰🇬">ᱪᱤᱨ | ᱪᱤᱨ: ᱠᱤᱨᱜᱤᱥᱛᱟᱱ</annotation>
		<annotation cp="🇰🇬" type="tts">ᱪᱤᱨ: ᱠᱤᱨᱜᱤᱥᱛᱟᱱ</annotation>
		<annotation cp="🇰🇭">ᱪᱤᱨ | ᱪᱤᱨ: ᱠᱟᱹᱢᱵᱚᱰᱤᱭᱟ</annotation>
		<annotation cp="🇰🇭" type="tts">ᱪᱤᱨ: ᱠᱟᱹᱢᱵᱚᱰᱤᱭᱟ</annotation>
		<annotation cp="🇰🇮">ᱪᱤᱨ | ᱪᱤᱨ: ᱠᱤᱨᱤᱵᱚᱛᱤ</annotation>
		<annotation cp="🇰🇮" type="tts">ᱪᱤᱨ: ᱠᱤᱨᱤᱵᱚᱛᱤ</annotation>
		<annotation cp="🇰🇲">ᱪᱤᱨ | ᱪᱤᱨ: ᱠᱚᱢᱚᱨᱚᱥ</annotation>
		<annotation cp="🇰🇲" type="tts">ᱪᱤᱨ: ᱠᱚᱢᱚᱨᱚᱥ</annotation>
		<annotation cp="🇰🇳">ᱪᱤᱨ | ᱪᱤᱨ: ᱮᱥ ᱴᱤ ᱠᱤᱴᱥ ᱟᱨ ᱱᱮᱣᱤᱥ</annotation>
		<annotation cp="🇰🇳" type="tts">ᱪᱤᱨ: ᱮᱥ ᱴᱤ ᱠᱤᱴᱥ ᱟᱨ ᱱᱮᱣᱤᱥ</annotation>
		<annotation cp="🇰🇵">ᱪᱤᱨ | ᱪᱤᱨ: ᱮᱛᱚᱢ ᱠᱚᱨᱤᱭᱟ</annotation>
		<annotation cp="🇰🇵" type="tts">ᱪᱤᱨ: ᱮᱛᱚᱢ ᱠᱚᱨᱤᱭᱟ</annotation>
		<annotation cp="🇰🇷">ᱪᱤᱨ | ᱪᱤᱨ: ᱠᱚᱧᱮ ᱠᱚᱨᱤᱭᱟ</annotation>
		<annotation cp="🇰🇷" type="tts">ᱪᱤᱨ: ᱠᱚᱧᱮ ᱠᱚᱨᱤᱭᱟ</annotation>
		<annotation cp="🇰🇼">ᱪᱤᱨ | ᱪᱤᱨ: ᱠᱩᱣᱟᱹᱭᱛ</annotation>
		<annotation cp="🇰🇼" type="tts">ᱪᱤᱨ: ᱠᱩᱣᱟᱹᱭᱛ</annotation>
		<annotation cp="🇰🇾">ᱪᱤᱨ | ᱪᱤᱨ: ᱠᱮᱢᱮᱱ ᱟᱭᱞᱮᱸᱰᱥ</annotation>
		<annotation cp="🇰🇾" type="tts">ᱪᱤᱨ: ᱠᱮᱢᱮᱱ ᱟᱭᱞᱮᱸᱰᱥ</annotation>
		<annotation cp="🇰🇿">ᱪᱤᱨ | ᱪᱤᱨ: ᱠᱟᱡᱟᱠᱷᱟᱥᱛᱷᱟᱱ</annotation>
		<annotation cp="🇰🇿" type="tts">ᱪᱤᱨ: ᱠᱟᱡᱟᱠᱷᱟᱥᱛᱷᱟᱱ</annotation>
		<annotation cp="🇱🇦">ᱪᱤᱨ | ᱪᱤᱨ: ᱞᱟᱣᱚᱥ</annotation>
		<annotation cp="🇱🇦" type="tts">ᱪᱤᱨ: ᱞᱟᱣᱚᱥ</annotation>
		<annotation cp="🇱🇧">ᱪᱤᱨ | ᱪᱤᱨ: ᱞᱮᱵᱟᱱᱟᱱ</annotation>
		<annotation cp="🇱🇧" type="tts">ᱪᱤᱨ: ᱞᱮᱵᱟᱱᱟᱱ</annotation>
		<annotation cp="🇱🇨">ᱪᱤᱨ | ᱪᱤᱨ: ᱮᱥ ᱴᱤ ᱞᱩᱥᱤᱭᱟ</annotation>
		<annotation cp="🇱🇨" type="tts">ᱪᱤᱨ: ᱮᱥ ᱴᱤ ᱞᱩᱥᱤᱭᱟ</annotation>
		<annotation cp="🇱🇮">ᱪᱤᱨ | ᱪᱤᱨ: ᱞᱤᱪᱮᱥᱴᱤᱱ</annotation>
		<annotation cp="🇱🇮" type="tts">ᱪᱤᱨ: ᱞᱤᱪᱮᱥᱴᱤᱱ</annotation>
		<annotation cp="🇱🇰">ᱪᱤᱨ | ᱪᱤᱨ: ᱥᱨᱤ ᱞᱚᱝᱟ</annotation>
		<annotation cp="🇱🇰" type="tts">ᱪᱤᱨ: ᱥᱨᱤ ᱞᱚᱝᱟ</annotation>
		<annotation cp="🇱🇷">ᱪᱤᱨ | ᱪᱤᱨ: ᱞᱟᱭᱵᱮᱨᱤᱭᱟ</annotation>
		<annotation cp="🇱🇷" type="tts">ᱪᱤᱨ: ᱞᱟᱭᱵᱮᱨᱤᱭᱟ</annotation>
		<annotation cp="🇱🇸">ᱪᱤᱨ | ᱪᱤᱨ: ᱞᱮᱥᱚᱛᱷᱚ</annotation>
		<annotation cp="🇱🇸" type="tts">ᱪᱤᱨ: ᱞᱮᱥᱚᱛᱷᱚ</annotation>
		<annotation cp="🇱🇹">ᱪᱤᱨ | ᱪᱤᱨ: ᱞᱤᱛᱷᱩᱣᱟᱱᱤᱭᱟ</annotation>
		<annotation cp="🇱🇹" type="tts">ᱪᱤᱨ: ᱞᱤᱛᱷᱩᱣᱟᱱᱤᱭᱟ</annotation>
		<annotation cp="🇱🇺">ᱪᱤᱨ | ᱪᱤᱨ: ᱞᱤᱠᱡᱟᱹᱢᱵᱟᱹᱨᱜᱽ</annotation>
		<annotation cp="🇱🇺" type="tts">ᱪᱤᱨ: ᱞᱤᱠᱡᱟᱹᱢᱵᱟᱹᱨᱜᱽ</annotation>
		<annotation cp="🇱🇻">ᱪᱤᱨ | ᱪᱤᱨ: ᱞᱟᱛᱣᱤᱭᱟ</annotation>
		<annotation cp="🇱🇻" type="tts">ᱪᱤᱨ: ᱞᱟᱛᱣᱤᱭᱟ</annotation>
		<annotation cp="🇱🇾">ᱪᱤᱨ | ᱪᱤᱨ: ᱞᱤᱵᱭᱟ</annotation>
		<annotation cp="🇱🇾" type="tts">ᱪᱤᱨ: ᱞᱤᱵᱭᱟ</annotation>
		<annotation cp="🇲🇦">ᱪᱤᱨ | ᱪᱤᱨ: ᱢᱚᱨᱚᱠᱚ</annotation>
		<annotation cp="🇲🇦" type="tts">ᱪᱤᱨ: ᱢᱚᱨᱚᱠᱚ</annotation>
		<annotation cp="🇲🇨">ᱪᱤᱨ | ᱪᱤᱨ: ᱢᱚᱱᱟᱠᱚ</annotation>
		<annotation cp="🇲🇨" type="tts">ᱪᱤᱨ: ᱢᱚᱱᱟᱠᱚ</annotation>
		<annotation cp="🇲🇩">ᱪᱤᱨ | ᱪᱤᱨ: ᱢᱚᱞᱰᱚᱣᱟ</annotation>
		<annotation cp="🇲🇩" type="tts">ᱪᱤᱨ: ᱢᱚᱞᱰᱚᱣᱟ</annotation>
		<annotation cp="🇲🇪">ᱪᱤᱨ | ᱪᱤᱨ: ᱢᱚᱱᱴᱮᱱᱜᱽᱨᱚ</annotation>
		<annotation cp="🇲🇪" type="tts">ᱪᱤᱨ: ᱢᱚᱱᱴᱮᱱᱜᱽᱨᱚ</annotation>
		<annotation cp="🇲🇫">ᱪᱤᱨ | ᱪᱤᱨ: ᱮᱥ ᱴᱤ ᱢᱟᱨᱴᱤᱱ</annotation>
		<annotation cp="🇲🇫" type="tts">ᱪᱤᱨ: ᱮᱥ ᱴᱤ ᱢᱟᱨᱴᱤᱱ</annotation>
		<annotation cp="🇲🇬">ᱪᱤᱨ | ᱪᱤᱨ: ᱢᱟᱰᱟᱜᱟᱥᱠᱚᱨ</annotation>
		<annotation cp="🇲🇬" type="tts">ᱪᱤᱨ: ᱢᱟᱰᱟᱜᱟᱥᱠᱚᱨ</annotation>
		<annotation cp="🇲🇭">ᱪᱤᱨ | ᱪᱤᱨ: ᱢᱟᱨᱥᱟᱞ ᱟᱭᱞᱮᱸᱰ</annotation>
		<annotation cp="🇲🇭" type="tts">ᱪᱤᱨ: ᱢᱟᱨᱥᱟᱞ ᱟᱭᱞᱮᱸᱰ</annotation>
		<annotation cp="🇲🇰">ᱪᱤᱨ | ᱪᱤᱨ: ᱮᱛᱚᱢ ᱢᱟᱥᱮᱰᱚᱱᱤᱭᱟ</annotation>
		<annotation cp="🇲🇰" type="tts">ᱪᱤᱨ: ᱮᱛᱚᱢ ᱢᱟᱥᱮᱰᱚᱱᱤᱭᱟ</annotation>
		<annotation cp="🇲🇱">ᱪᱤᱨ | ᱪᱤᱨ: ᱢᱟᱞᱤ</annotation>
		<annotation cp="🇲🇱" type="tts">ᱪᱤᱨ: ᱢᱟᱞᱤ</annotation>
		<annotation cp="🇲🇲">ᱪᱤᱨ | ᱪᱤᱨ: ᱢᱭᱟᱱᱢᱟᱨ (ᱵᱟᱹᱨᱢᱟ)</annotation>
		<annotation cp="🇲🇲" type="tts">ᱪᱤᱨ: ᱢᱭᱟᱱᱢᱟᱨ (ᱵᱟᱹᱨᱢᱟ)</annotation>
		<annotation cp="🇲🇳">ᱪᱤᱨ | ᱪᱤᱨ: ᱢᱚᱝᱜᱚᱞᱤᱭᱟ</annotation>
		<annotation cp="🇲🇳" type="tts">ᱪᱤᱨ: ᱢᱚᱝᱜᱚᱞᱤᱭᱟ</annotation>
		<annotation cp="🇲🇴">ᱪᱤᱨ | ᱪᱤᱨ: ᱢᱟᱠᱟᱣ ᱥᱟᱨ ᱪᱟᱭᱱᱟ</annotation>
		<annotation cp="🇲🇴" type="tts">ᱪᱤᱨ: ᱢᱟᱠᱟᱣ ᱥᱟᱨ ᱪᱟᱭᱱᱟ</annotation>
		<annotation cp="🇲🇵">ᱪᱤᱨ | ᱪᱤᱨ: ᱮᱛᱚᱢ ᱢᱟᱨᱤᱭᱟᱱᱟ ᱟᱭᱞᱮᱸᱰ</annotation>
		<annotation cp="🇲🇵" type="tts">ᱪᱤᱨ: ᱮᱛᱚᱢ ᱢᱟᱨᱤᱭᱟᱱᱟ ᱟᱭᱞᱮᱸᱰ</annotation>
		<annotation cp="🇲🇶">ᱪᱤᱨ | ᱪᱤᱨ: ᱢᱟᱨᱴᱤᱱᱠᱤᱣ</annotation>
		<annotation cp="🇲🇶" type="tts">ᱪᱤᱨ: ᱢᱟᱨᱴᱤᱱᱠᱤᱣ</annotation>
		<annotation cp="🇲🇷">ᱪᱤᱨ | ᱪᱤᱨ: ᱢᱟᱣᱨᱤᱴᱟᱱᱤᱭᱟ</annotation>
		<annotation cp="🇲🇷" type="tts">ᱪᱤᱨ: ᱢᱟᱣᱨᱤᱴᱟᱱᱤᱭᱟ</annotation>
		<annotation cp="🇲🇸">ᱪᱤᱨ | ᱪᱤᱨ: ᱢᱚᱱᱴᱥᱮᱨᱟᱴ</annotation>
		<annotation cp="🇲🇸" type="tts">ᱪᱤᱨ: ᱢᱚᱱᱴᱥᱮᱨᱟᱴ</annotation>
		<annotation cp="🇲🇹">ᱪᱤᱨ | ᱪᱤᱨ: ᱢᱟᱞᱴᱟ</annotation>
		<annotation cp="🇲🇹" type="tts">ᱪᱤᱨ: ᱢᱟᱞᱴᱟ</annotation>
		<annotation cp="🇲🇺">ᱪᱤᱨ | ᱪᱤᱨ: ᱢᱚᱨᱤᱥᱟᱹᱥ</annotation>
		<annotation cp="🇲🇺" type="tts">ᱪᱤᱨ: ᱢᱚᱨᱤᱥᱟᱹᱥ</annotation>
		<annotation cp="🇲🇻">ᱪᱤᱨ | ᱪᱤᱨ: ᱢᱟᱞᱰᱤᱵᱷᱥ</annotation>
		<annotation cp="🇲🇻" type="tts">ᱪᱤᱨ: ᱢᱟᱞᱰᱤᱵᱷᱥ</annotation>
		<annotation cp="🇲🇼">ᱪᱤᱨ | ᱪᱤᱨ: ᱢᱟᱹᱞᱟᱣᱤ</annotation>
		<annotation cp="🇲🇼" type="tts">ᱪᱤᱨ: ᱢᱟᱹᱞᱟᱣᱤ</annotation>
		<annotation cp="🇲🇽">ᱪᱤᱨ | ᱪᱤᱨ: ᱢᱮᱠᱥᱤᱠᱚ</annotation>
		<annotation cp="🇲🇽" type="tts">ᱪᱤᱨ: ᱢᱮᱠᱥᱤᱠᱚ</annotation>
		<annotation cp="🇲🇾">ᱪᱤᱨ | ᱪᱤᱨ: ᱢᱟᱹᱞᱮᱥᱤᱭᱟ</annotation>
		<annotation cp="🇲🇾" type="tts">ᱪᱤᱨ: ᱢᱟᱹᱞᱮᱥᱤᱭᱟ</annotation>
		<annotation cp="🇲🇿">ᱪᱤᱨ | ᱪᱤᱨ: ᱢᱚᱡᱟᱢᱵᱤᱠ</annotation>
		<annotation cp="🇲🇿" type="tts">ᱪᱤᱨ: ᱢᱚᱡᱟᱢᱵᱤᱠ</annotation>
		<annotation cp="🇳🇦">ᱪᱤᱨ | ᱪᱤᱨ: ᱱᱟᱢᱤᱵᱤᱭᱟ</annotation>
		<annotation cp="🇳🇦" type="tts">ᱪᱤᱨ: ᱱᱟᱢᱤᱵᱤᱭᱟ</annotation>
		<annotation cp="🇳🇨">ᱪᱤᱨ | ᱪᱤᱨ: ᱱᱟᱶᱟ ᱠᱟᱞᱮᱰᱚᱱᱤᱭᱟ</annotation>
		<annotation cp="🇳🇨" type="tts">ᱪᱤᱨ: ᱱᱟᱶᱟ ᱠᱟᱞᱮᱰᱚᱱᱤᱭᱟ</annotation>
		<annotation cp="🇳🇪">ᱪᱤᱨ | ᱪᱤᱨ: ᱱᱟᱭᱡᱟᱹᱨ</annotation>
		<annotation cp="🇳🇪" type="tts">ᱪᱤᱨ: ᱱᱟᱭᱡᱟᱹᱨ</annotation>
		<annotation cp="🇳🇫">ᱪᱤᱨ | ᱪᱤᱨ: ᱱᱚᱨᱯᱷᱚᱞᱠ ᱟᱭᱞᱮᱸᱰ</annotation>
		<annotation cp="🇳🇫" type="tts">ᱪᱤᱨ: ᱱᱚᱨᱯᱷᱚᱞᱠ ᱟᱭᱞᱮᱸᱰ</annotation>
		<annotation cp="🇳🇬">ᱪᱤᱨ | ᱪᱤᱨ: ᱱᱟᱭᱡᱮᱨᱤᱭᱟ</annotation>
		<annotation cp="🇳🇬" type="tts">ᱪᱤᱨ: ᱱᱟᱭᱡᱮᱨᱤᱭᱟ</annotation>
		<annotation cp="🇳🇮">ᱪᱤᱨ | ᱪᱤᱨ: ᱱᱤᱠᱟᱨᱟᱜᱩᱣᱟ</annotation>
		<annotation cp="🇳🇮" type="tts">ᱪᱤᱨ: ᱱᱤᱠᱟᱨᱟᱜᱩᱣᱟ</annotation>
		<annotation cp="🇳🇱">ᱪᱤᱨ | ᱪᱤᱨ: ᱱᱮᱫᱚᱨᱞᱮᱸᱰ</annotation>
		<annotation cp="🇳🇱" type="tts">ᱪᱤᱨ: ᱱᱮᱫᱚᱨᱞᱮᱸᱰ</annotation>
		<annotation cp="🇳🇴">ᱪᱤᱨ | ᱪᱤᱨ: ᱱᱚᱨᱣᱮ</annotation>
		<annotation cp="🇳🇴" type="tts">ᱪᱤᱨ: ᱱᱚᱨᱣᱮ</annotation>
		<annotation cp="🇳🇵">ᱪᱤᱨ | ᱪᱤᱨ: ᱱᱮᱯᱟᱞ</annotation>
		<annotation cp="🇳🇵" type="tts">ᱪᱤᱨ: ᱱᱮᱯᱟᱞ</annotation>
		<annotation cp="🇳🇷">ᱪᱤᱨ | ᱪᱤᱨ: ᱱᱟᱶᱨᱩ</annotation>
		<annotation cp="🇳🇷" type="tts">ᱪᱤᱨ: ᱱᱟᱶᱨᱩ</annotation>
		<annotation cp="🇳🇺">ᱪᱤᱨ | ᱪᱤᱨ: ᱱᱟᱭᱩ</annotation>
		<annotation cp="🇳🇺" type="tts">ᱪᱤᱨ: ᱱᱟᱭᱩ</annotation>
		<annotation cp="🇳🇿">ᱪᱤᱨ | ᱪᱤᱨ: ᱱᱤᱭᱩ ᱡᱤᱞᱮᱸᱰ</annotation>
		<annotation cp="🇳🇿" type="tts">ᱪᱤᱨ: ᱱᱤᱭᱩ ᱡᱤᱞᱮᱸᱰ</annotation>
		<annotation cp="🇴🇲">ᱪᱤᱨ | ᱪᱤᱨ: ᱳᱢᱟᱱ</annotation>
		<annotation cp="🇴🇲" type="tts">ᱪᱤᱨ: ᱳᱢᱟᱱ</annotation>
		<annotation cp="🇵🇦">ᱪᱤᱨ | ᱪᱤᱨ: ᱯᱟᱱᱟᱢᱟ</annotation>
		<annotation cp="🇵🇦" type="tts">ᱪᱤᱨ: ᱯᱟᱱᱟᱢᱟ</annotation>
		<annotation cp="🇵🇪">ᱪᱤᱨ | ᱪᱤᱨ: ᱯᱮᱨᱩ</annotation>
		<annotation cp="🇵🇪" type="tts">ᱪᱤᱨ: ᱯᱮᱨᱩ</annotation>
		<annotation cp="🇵🇫">ᱪᱤᱨ | ᱪᱤᱨ: ᱯᱷᱨᱮᱧᱪ ᱯᱚᱞᱤᱱᱮᱥᱤᱭᱟ</annotation>
		<annotation cp="🇵🇫" type="tts">ᱪᱤᱨ: ᱯᱷᱨᱮᱧᱪ ᱯᱚᱞᱤᱱᱮᱥᱤᱭᱟ</annotation>
		<annotation cp="🇵🇬">ᱪᱤᱨ | ᱪᱤᱨ: ᱯᱟᱹᱯᱩᱣᱟ ᱱᱟᱶᱟ ᱡᱤᱱᱤᱭᱟ</annotation>
		<annotation cp="🇵🇬" type="tts">ᱪᱤᱨ: ᱯᱟᱹᱯᱩᱣᱟ ᱱᱟᱶᱟ ᱡᱤᱱᱤᱭᱟ</annotation>
		<annotation cp="🇵🇭">ᱪᱤᱨ | ᱪᱤᱨ: ᱯᱷᱤᱞᱤᱯᱤᱱᱥ</annotation>
		<annotation cp="🇵🇭" type="tts">ᱪᱤᱨ: ᱯᱷᱤᱞᱤᱯᱤᱱᱥ</annotation>
		<annotation cp="🇵🇰">ᱪᱤᱨ | ᱪᱤᱨ: ᱯᱟᱠᱮᱥᱛᱟᱱ</annotation>
		<annotation cp="🇵🇰" type="tts">ᱪᱤᱨ: ᱯᱟᱠᱮᱥᱛᱟᱱ</annotation>
		<annotation cp="🇵🇱">ᱪᱤᱨ | ᱪᱤᱨ: ᱯᱚᱞᱮᱸᱰ</annotation>
		<annotation cp="🇵🇱" type="tts">ᱪᱤᱨ: ᱯᱚᱞᱮᱸᱰ</annotation>
		<annotation cp="🇵🇲">ᱪᱤᱨ | ᱪᱤᱨ: ᱮᱥ ᱴᱤ ᱯᱟᱭᱨᱮ ᱟᱨ ᱢᱤᱠᱣᱮᱞᱮᱱ</annotation>
		<annotation cp="🇵🇲" type="tts">ᱪᱤᱨ: ᱮᱥ ᱴᱤ ᱯᱟᱭᱨᱮ ᱟᱨ ᱢᱤᱠᱣᱮᱞᱮᱱ</annotation>
		<annotation cp="🇵🇳">ᱪᱤᱨ | ᱪᱤᱨ: ᱯᱤᱴᱠᱮᱨᱱ ᱟᱭᱞᱮᱸᱰ</annotation>
		<annotation cp="🇵🇳" type="tts">ᱪᱤᱨ: ᱯᱤᱴᱠᱮᱨᱱ ᱟᱭᱞᱮᱸᱰ</annotation>
		<annotation cp="🇵🇷">ᱪᱤᱨ | ᱪᱤᱨ: ᱯᱩᱣᱮᱨᱴᱚ ᱨᱤᱠᱚ</annotation>
		<annotation cp="🇵🇷" type="tts">ᱪᱤᱨ: ᱯᱩᱣᱮᱨᱴᱚ ᱨᱤᱠᱚ</annotation>
		<annotation cp="🇵🇸">ᱪᱤᱨ | ᱪᱤᱨ: ᱯᱟᱞᱮᱥᱴᱤᱱᱤᱭᱟᱹᱱ ᱡᱟᱭᱜᱟ</annotation>
		<annotation cp="🇵🇸" type="tts">ᱪᱤᱨ: ᱯᱟᱞᱮᱥᱴᱤᱱᱤᱭᱟᱹᱱ ᱡᱟᱭᱜᱟ</annotation>
		<annotation cp="🇵🇹">ᱪᱤᱨ | ᱪᱤᱨ: ᱯᱚᱨᱛᱩᱜᱟᱞ</annotation>
		<annotation cp="🇵🇹" type="tts">ᱪᱤᱨ: ᱯᱚᱨᱛᱩᱜᱟᱞ</annotation>
		<annotation cp="🇵🇼">ᱪᱤᱨ | ᱪᱤᱨ: ᱯᱟᱞᱟᱣ</annotation>
		<annotation cp="🇵🇼" type="tts">ᱪᱤᱨ: ᱯᱟᱞᱟᱣ</annotation>
		<annotation cp="🇵🇾">ᱪᱤᱨ | ᱪᱤᱨ: ᱯᱟᱨᱟᱜᱩᱣᱮ</annotation>
		<annotation cp="🇵🇾" type="tts">ᱪᱤᱨ: ᱯᱟᱨᱟᱜᱩᱣᱮ</annotation>
		<annotation cp="🇶🇦">ᱪᱤᱨ | ᱪᱤᱨ: ᱠᱚᱛᱚᱨ</annotation>
		<annotation cp="🇶🇦" type="tts">ᱪᱤᱨ: ᱠᱚᱛᱚᱨ</annotation>
		<annotation cp="🇷🇪">ᱪᱤᱨ | ᱪᱤᱨ: ᱨᱤᱭᱩᱱᱤᱭᱟᱹᱱ</annotation>
		<annotation cp="🇷🇪" type="tts">ᱪᱤᱨ: ᱨᱤᱭᱩᱱᱤᱭᱟᱹᱱ</annotation>
		<annotation cp="🇷🇴">ᱪᱤᱨ | ᱪᱤᱨ: ᱨᱚᱢᱟᱱᱤᱭᱟ</annotation>
		<annotation cp="🇷🇴" type="tts">ᱪᱤᱨ: ᱨᱚᱢᱟᱱᱤᱭᱟ</annotation>
		<annotation cp="🇷🇸">ᱪᱤᱨ | ᱪᱤᱨ: ᱥᱟᱹᱨᱵᱤᱭᱟ</annotation>
		<annotation cp="🇷🇸" type="tts">ᱪᱤᱨ: ᱥᱟᱹᱨᱵᱤᱭᱟ</annotation>
		<annotation cp="🇷🇺">ᱪᱤᱨ | ᱪᱤᱨ: ᱨᱩᱥ</annotation>
		<annotation cp="🇷🇺" type="tts">ᱪᱤᱨ: ᱨᱩᱥ</annotation>
		<annotation cp="🇷🇼">ᱪᱤᱨ | ᱪᱤᱨ: ᱨᱟᱹᱣᱟᱹᱱᱰᱟ</annotation>
		<annotation cp="🇷🇼" type="tts">ᱪᱤᱨ: ᱨᱟᱹᱣᱟᱹᱱᱰᱟ</annotation>
		<annotation cp="🇸🇦">ᱪᱤᱨ | ᱪᱤᱨ: ᱥᱟᱹᱣᱫᱤ ᱚᱨᱚᱵ</annotation>
		<annotation cp="🇸🇦" type="tts">ᱪᱤᱨ: ᱥᱟᱹᱣᱫᱤ ᱚᱨᱚᱵ</annotation>
		<annotation cp="🇸🇧">ᱪᱤᱨ | ᱪᱤᱨ: ᱥᱚᱞᱚᱢᱚᱱ ᱟᱭᱞᱮᱸᱰ</annotation>
		<annotation cp="🇸🇧" type="tts">ᱪᱤᱨ: ᱥᱚᱞᱚᱢᱚᱱ ᱟᱭᱞᱮᱸᱰ</annotation>
		<annotation cp="🇸🇨">ᱪᱤᱨ | ᱪᱤᱨ: ᱥᱮᱥᱮᱞᱥ</annotation>
		<annotation cp="🇸🇨" type="tts">ᱪᱤᱨ: ᱥᱮᱥᱮᱞᱥ</annotation>
		<annotation cp="🇸🇩">ᱪᱤᱨ | ᱪᱤᱨ: ᱥᱩᱫᱟᱱ</annotation>
		<annotation cp="🇸🇩" type="tts">ᱪᱤᱨ: ᱥᱩᱫᱟᱱ</annotation>
		<annotation cp="🇸🇪">ᱪᱤᱨ | ᱪᱤᱨ: ᱥᱣᱤᱰᱮᱱ</annotation>
		<annotation cp="🇸🇪" type="tts">ᱪᱤᱨ: ᱥᱣᱤᱰᱮᱱ</annotation>
		<annotation cp="🇸🇬">ᱪᱤᱨ | ᱪᱤᱨ: ᱥᱤᱝᱜᱟᱯᱩᱨ</annotation>
		<annotation cp="🇸🇬" type="tts">ᱪᱤᱨ: ᱥᱤᱝᱜᱟᱯᱩᱨ</annotation>
		<annotation cp="🇸🇭">ᱪᱤᱨ | ᱪᱤᱨ: ᱮᱥ ᱴᱤ ᱦᱮᱞᱮᱱᱟ</annotation>
		<annotation cp="🇸🇭" type="tts">ᱪᱤᱨ: ᱮᱥ ᱴᱤ ᱦᱮᱞᱮᱱᱟ</annotation>
		<annotation cp="🇸🇮">ᱪᱤᱨ | ᱪᱤᱨ: ᱥᱞᱚᱣᱮᱱᱤᱭᱟ</annotation>
		<annotation cp="🇸🇮" type="tts">ᱪᱤᱨ: ᱥᱞᱚᱣᱮᱱᱤᱭᱟ</annotation>
		<annotation cp="🇸🇯">ᱪᱤᱨ | ᱪᱤᱨ: ᱥᱣᱟᱞᱵᱟᱰ ᱟᱨ ᱡᱟᱱ ᱢᱟᱭᱮᱱ</annotation>
		<annotation cp="🇸🇯" type="tts">ᱪᱤᱨ: ᱥᱣᱟᱞᱵᱟᱰ ᱟᱨ ᱡᱟᱱ ᱢᱟᱭᱮᱱ</annotation>
		<annotation cp="🇸🇰">ᱪᱤᱨ | ᱪᱤᱨ: ᱥᱞᱚᱣᱮᱠᱤᱭᱟ</annotation>
		<annotation cp="🇸🇰" type="tts">ᱪᱤᱨ: ᱥᱞᱚᱣᱮᱠᱤᱭᱟ</annotation>
		<annotation cp="🇸🇱">ᱪᱤᱨ | ᱪᱤᱨ: ᱥᱟᱭᱨᱟ ᱞᱮᱭᱚᱱᱤ</annotation>
		<annotation cp="🇸🇱" type="tts">ᱪᱤᱨ: ᱥᱟᱭᱨᱟ ᱞᱮᱭᱚᱱᱤ</annotation>
		<annotation cp="🇸🇲">ᱪᱤᱨ | ᱪᱤᱨ: ᱥᱟᱱ ᱢᱟᱨᱤᱱᱚ</annotation>
		<annotation cp="🇸🇲" type="tts">ᱪᱤᱨ: ᱥᱟᱱ ᱢᱟᱨᱤᱱᱚ</annotation>
		<annotation cp="🇸🇳">ᱪᱤᱨ | ᱪᱤᱨ: ᱥᱮᱱᱮᱜᱚᱞ</annotation>
		<annotation cp="🇸🇳" type="tts">ᱪᱤᱨ: ᱥᱮᱱᱮᱜᱚᱞ</annotation>
		<annotation cp="🇸🇴">ᱪᱤᱨ | ᱪᱤᱨ: ᱥᱚᱢᱟᱞᱤᱭᱟ</annotation>
		<annotation cp="🇸🇴" type="tts">ᱪᱤᱨ: ᱥᱚᱢᱟᱞᱤᱭᱟ</annotation>
		<annotation cp="🇸🇷">ᱪᱤᱨ | ᱪᱤᱨ: ᱥᱩᱨᱤᱱᱟᱢ</annotation>
		<annotation cp="🇸🇷" type="tts">ᱪᱤᱨ: ᱥᱩᱨᱤᱱᱟᱢ</annotation>
		<annotation cp="🇸🇸">ᱪᱤᱨ | ᱪᱤᱨ: ᱠᱚᱧᱮ ᱥᱩᱫᱟᱱ</annotation>
		<annotation cp="🇸🇸" type="tts">ᱪᱤᱨ: ᱠᱚᱧᱮ ᱥᱩᱫᱟᱱ</annotation>
		<annotation cp="🇸🇹">ᱪᱤᱨ | ᱪᱤᱨ: ᱥᱟᱣ ᱴᱚᱢ ᱟᱨ ᱯᱨᱤᱱᱥᱤᱯᱮ</annotation>
		<annotation cp="🇸🇹" type="tts">ᱪᱤᱨ: ᱥᱟᱣ ᱴᱚᱢ ᱟᱨ ᱯᱨᱤᱱᱥᱤᱯᱮ</annotation>
		<annotation cp="🇸🇻">ᱪᱤᱨ | ᱪᱤᱨ: ᱮᱞ ᱥᱟᱞᱣᱟᱰᱚᱨ</annotation>
		<annotation cp="🇸🇻" type="tts">ᱪᱤᱨ: ᱮᱞ ᱥᱟᱞᱣᱟᱰᱚᱨ</annotation>
		<annotation cp="🇸🇽">ᱪᱤᱨ | ᱪᱤᱨ: ᱥᱤᱱᱴ ᱢᱟᱨᱴᱮᱱ</annotation>
		<annotation cp="🇸🇽" type="tts">ᱪᱤᱨ: ᱥᱤᱱᱴ ᱢᱟᱨᱴᱮᱱ</annotation>
		<annotation cp="🇸🇾">ᱪᱤᱨ | ᱪᱤᱨ: ᱥᱤᱨᱤᱭᱟ</annotation>
		<annotation cp="🇸🇾" type="tts">ᱪᱤᱨ: ᱥᱤᱨᱤᱭᱟ</annotation>
		<annotation cp="🇸🇿">ᱪᱤᱨ | ᱪᱤᱨ: ᱮᱥᱣᱟᱴᱤᱱᱟ</annotation>
		<annotation cp="🇸🇿" type="tts">ᱪᱤᱨ: ᱮᱥᱣᱟᱴᱤᱱᱟ</annotation>
		<annotation cp="🇹🇦">ᱪᱤᱨ | ᱪᱤᱨ: ᱛᱨᱤᱥᱛᱟᱱ ᱰᱟ ᱠᱩᱱᱦᱟ</annotation>
		<annotation cp="🇹🇦" type="tts">ᱪᱤᱨ: ᱛᱨᱤᱥᱛᱟᱱ ᱰᱟ ᱠᱩᱱᱦᱟ</annotation>
		<annotation cp="🇹🇨">ᱪᱤᱨ | ᱪᱤᱨ: ᱛᱩᱨᱠᱥ ᱟᱨ ᱠᱟᱭᱠᱚᱥ ᱟᱭᱞᱮᱸᱰ</annotation>
		<annotation cp="🇹🇨" type="tts">ᱪᱤᱨ: ᱛᱩᱨᱠᱥ ᱟᱨ ᱠᱟᱭᱠᱚᱥ ᱟᱭᱞᱮᱸᱰ</annotation>
		<annotation cp="🇹🇩">ᱪᱤᱨ | ᱪᱤᱨ: ᱪᱟᱰ</annotation>
		<annotation cp="🇹🇩" type="tts">ᱪᱤᱨ: ᱪᱟᱰ</annotation>
		<annotation cp="🇹🇫">ᱪᱤᱨ | ᱪᱤᱨ: ᱯᱷᱨᱟᱱᱥᱤᱥ ᱠᱚᱧᱮ ᱡᱟᱭᱜᱟ</annotation>
		<annotation cp="🇹🇫" type="tts">ᱪᱤᱨ: ᱯᱷᱨᱟᱱᱥᱤᱥ ᱠᱚᱧᱮ ᱡᱟᱭᱜᱟ</annotation>
		<annotation cp="🇹🇬">ᱪᱤᱨ | ᱪᱤᱨ: ᱴᱚᱜᱚ</annotation>
		<annotation cp="🇹🇬" type="tts">ᱪᱤᱨ: ᱴᱚᱜᱚ</annotation>
		<annotation cp="🇹🇭">ᱪᱤᱨ | ᱪᱤᱨ: ᱛᱷᱟᱭᱞᱮᱸᱰ</annotation>
		<annotation cp="🇹🇭" type="tts">ᱪᱤᱨ: ᱛᱷᱟᱭᱞᱮᱸᱰ</annotation>
		<annotation cp="🇹🇯">ᱪᱤᱨ | ᱪᱤᱨ: ᱛᱟᱡᱤᱠᱤᱥᱛᱟᱱ</annotation>
		<annotation cp="🇹🇯" type="tts">ᱪᱤᱨ: ᱛᱟᱡᱤᱠᱤᱥᱛᱟᱱ</annotation>
		<annotation cp="🇹🇰">ᱪᱤᱨ | ᱪᱤᱨ: ᱴᱚᱠᱮᱞᱟᱣ</annotation>
		<annotation cp="🇹🇰" type="tts">ᱪᱤᱨ: ᱴᱚᱠᱮᱞᱟᱣ</annotation>
		<annotation cp="🇹🇱">ᱪᱤᱨ | ᱪᱤᱨ: ᱴᱤᱢᱚᱨᱼᱞᱮᱥᱴᱮ</annotation>
		<annotation cp="🇹🇱" type="tts">ᱪᱤᱨ: ᱴᱤᱢᱚᱨᱼᱞᱮᱥᱴᱮ</annotation>
		<annotation cp="🇹🇲">ᱪᱤᱨ | ᱪᱤᱨ: ᱛᱩᱨᱠᱢᱮᱱᱤᱥᱛᱟᱱ</annotation>
		<annotation cp="🇹🇲" type="tts">ᱪᱤᱨ: ᱛᱩᱨᱠᱢᱮᱱᱤᱥᱛᱟᱱ</annotation>
		<annotation cp="🇹🇳">ᱪᱤᱨ | ᱪᱤᱨ: ᱴᱩᱱᱤᱥᱤᱭᱟ</annotation>
		<annotation cp="🇹🇳" type="tts">ᱪᱤᱨ: ᱴᱩᱱᱤᱥᱤᱭᱟ</annotation>
		<annotation cp="🇹🇴">ᱪᱤᱨ | ᱪᱤᱨ: ᱴᱚᱝᱜᱟ</annotation>
		<annotation cp="🇹🇴" type="tts">ᱪᱤᱨ: ᱴᱚᱝᱜᱟ</annotation>
		<annotation cp="🇹🇷">ᱪᱤᱨ | ᱪᱤᱨ: ᱛᱟᱹᱨᱠᱤ</annotation>
		<annotation cp="🇹🇷" type="tts">ᱪᱤᱨ: ᱛᱟᱹᱨᱠᱤ</annotation>
		<annotation cp="🇹🇹">ᱪᱤᱨ | ᱪᱤᱨ: ᱴᱨᱤᱱᱤᱰᱟᱰ ᱟᱨ ᱴᱚᱵᱟᱜᱚ</annotation>
		<annotation cp="🇹🇹" type="tts">ᱪᱤᱨ: ᱴᱨᱤᱱᱤᱰᱟᱰ ᱟᱨ ᱴᱚᱵᱟᱜᱚ</annotation>
		<annotation cp="🇹🇻">ᱪᱤᱨ | ᱪᱤᱨ: ᱴᱩᱣᱟᱞᱩ</annotation>
		<annotation cp="🇹🇻" type="tts">ᱪᱤᱨ: ᱴᱩᱣᱟᱞᱩ</annotation>
		<annotation cp="🇹🇼">ᱪᱤᱨ | ᱪᱤᱨ: ᱛᱟᱭᱣᱟᱱ</annotation>
		<annotation cp="🇹🇼" type="tts">ᱪᱤᱨ: ᱛᱟᱭᱣᱟᱱ</annotation>
		<annotation cp="🇹🇿">ᱪᱤᱨ | ᱪᱤᱨ: ᱛᱟᱹᱱᱡᱟᱱᱤᱭᱟ</annotation>
		<annotation cp="🇹🇿" type="tts">ᱪᱤᱨ: ᱛᱟᱹᱱᱡᱟᱱᱤᱭᱟ</annotation>
		<annotation cp="🇺🇦">ᱪᱤᱨ | ᱪᱤᱨ: ᱭᱩᱠᱨᱮᱱ</annotation>
		<annotation cp="🇺🇦" type="tts">ᱪᱤᱨ: ᱭᱩᱠᱨᱮᱱ</annotation>
		<annotation cp="🇺🇬">ᱪᱤᱨ | ᱪᱤᱨ: ᱩᱜᱟᱱᱰᱟ</annotation>
		<annotation cp="🇺🇬" type="tts">ᱪᱤᱨ: ᱩᱜᱟᱱᱰᱟ</annotation>
		<annotation cp="🇺🇲">ᱪᱤᱨ | ᱪᱤᱨ: ᱭᱩ ᱮᱥ ᱵᱟᱷᱨᱮ ᱟᱭᱞᱮᱸᱰ</annotation>
		<annotation cp="🇺🇲" type="tts">ᱪᱤᱨ: ᱭᱩ ᱮᱥ ᱵᱟᱷᱨᱮ ᱟᱭᱞᱮᱸᱰ</annotation>
		<annotation cp="🇺🇳">ᱪᱤᱨ | ᱪᱤᱨ: ᱡᱩᱢᱤᱫ ᱫᱤᱥᱚᱢ</annotation>
		<annotation cp="🇺🇳" type="tts">ᱪᱤᱨ: ᱡᱩᱢᱤᱫ ᱫᱤᱥᱚᱢ</annotation>
		<annotation cp="🇺🇸">ᱪᱤᱨ | ᱪᱤᱨ: ᱭᱩᱱᱟᱭᱴᱮᱰ ᱮᱥᱴᱮᱴ</annotation>
		<annotation cp="🇺🇸" type="tts">ᱪᱤᱨ: ᱭᱩᱱᱟᱭᱴᱮᱰ ᱮᱥᱴᱮᱴ</annotation>
		<annotation cp="🇺🇾">ᱪᱤᱨ | ᱪᱤᱨ: ᱩᱨᱩᱜᱩᱣᱮ</annotation>
		<annotation cp="🇺🇾" type="tts">ᱪᱤᱨ: ᱩᱨᱩᱜᱩᱣᱮ</annotation>
		<annotation cp="🇺🇿">ᱪᱤᱨ | ᱪᱤᱨ: ᱩᱡᱽᱵᱮᱠᱤᱥᱛᱟᱱ</annotation>
		<annotation cp="🇺🇿" type="tts">ᱪᱤᱨ: ᱩᱡᱽᱵᱮᱠᱤᱥᱛᱟᱱ</annotation>
		<annotation cp="🇻🇦">ᱪᱤᱨ | ᱪᱤᱨ: ᱣᱟᱴᱤᱠᱟᱱ ᱥᱚᱦᱚᱨ</annotation>
		<annotation cp="🇻🇦" type="tts">ᱪᱤᱨ: ᱣᱟᱴᱤᱠᱟᱱ ᱥᱚᱦᱚᱨ</annotation>
		<annotation cp="🇻🇨">ᱪᱤᱨ | ᱪᱤᱨ: ᱮᱥ ᱴᱤ ᱵᱷᱤᱱᱥᱮᱴ ᱟᱨ ᱜᱽᱨᱮᱱᱟᱰᱤᱱᱥ</annotation>
		<annotation cp="🇻🇨" type="tts">ᱪᱤᱨ: ᱮᱥ ᱴᱤ ᱵᱷᱤᱱᱥᱮᱴ ᱟᱨ ᱜᱽᱨᱮᱱᱟᱰᱤᱱᱥ</annotation>
		<annotation cp="🇻🇪">ᱪᱤᱨ | ᱪᱤᱨ: ᱣᱮᱱᱮᱡᱣᱮᱞᱟ</annotation>
		<annotation cp="🇻🇪" type="tts">ᱪᱤᱨ: ᱣᱮᱱᱮᱡᱣᱮᱞᱟ</annotation>
		<annotation cp="🇻🇬">ᱪᱤᱨ | ᱪᱤᱨ: ᱵᱽᱨᱤᱴᱤᱥ ᱣᱟᱹᱨᱡᱤᱱ ᱟᱭᱞᱮᱸᱰ</annotation>
		<annotation cp="🇻🇬" type="tts">ᱪᱤᱨ: ᱵᱽᱨᱤᱴᱤᱥ ᱣᱟᱹᱨᱡᱤᱱ ᱟᱭᱞᱮᱸᱰ</annotation>
		<annotation cp="🇻🇮">ᱪᱤᱨ | ᱪᱤᱨ: ᱭᱩ ᱮᱥ ᱣᱟᱹᱨᱡᱤᱱ ᱟᱭᱞᱮᱸᱰ</annotation>
		<annotation cp="🇻🇮" type="tts">ᱪᱤᱨ: ᱭᱩ ᱮᱥ ᱣᱟᱹᱨᱡᱤᱱ ᱟᱭᱞᱮᱸᱰ</annotation>
		<annotation cp="🇻🇳">ᱪᱤᱨ | ᱪᱤᱨ: ᱣᱤᱭᱮᱛᱱᱟᱢ</annotation>
		<annotation cp="🇻🇳" type="tts">ᱪᱤᱨ: ᱣᱤᱭᱮᱛᱱᱟᱢ</annotation>
		<annotation cp="🇻🇺">ᱪᱤᱨ | ᱪᱤᱨ: ᱵᱷᱟᱱᱩᱟᱴᱩ</annotation>
		<annotation cp="🇻🇺" type="tts">ᱪᱤᱨ: ᱵᱷᱟᱱᱩᱟᱴᱩ</annotation>
		<annotation cp="🇼🇫">ᱪᱤᱨ | ᱪᱤᱨ: ᱣᱟᱞᱤᱥ ᱟᱨ ᱯᱷᱩᱴᱩᱱᱟ</annotation>
		<annotation cp="🇼🇫" type="tts">ᱪᱤᱨ: ᱣᱟᱞᱤᱥ ᱟᱨ ᱯᱷᱩᱴᱩᱱᱟ</annotation>
		<annotation cp="🇼🇸">ᱪᱤᱨ | ᱪᱤᱨ: ᱥᱟᱢᱚᱣᱟ</annotation>
		<annotation cp="🇼🇸" type="tts">ᱪᱤᱨ: ᱥᱟᱢᱚᱣᱟ</annotation>
		<annotation cp="🇽🇰">ᱪᱤᱨ | ᱪᱤᱨ: ᱠᱚᱥᱚᱣᱚ</annotation>
		<annotation cp="🇽🇰" type="tts">ᱪᱤᱨ: ᱠᱚᱥᱚᱣᱚ</annotation>
		<annotation cp="🇾🇪">ᱪᱤᱨ | ᱪᱤᱨ: ᱭᱮᱢᱮᱱ</annotation>
		<annotation cp="🇾🇪" type="tts">ᱪᱤᱨ: ᱭᱮᱢᱮᱱ</annotation>
		<annotation cp="🇾🇹">ᱪᱤᱨ | ᱪᱤᱨ: ᱢᱟᱭᱚᱴᱮ</annotation>
		<annotation cp="🇾🇹" type="tts">ᱪᱤᱨ: ᱢᱟᱭᱚᱴᱮ</annotation>
		<annotation cp="🇿🇦">ᱪᱤᱨ | ᱪᱤᱨ: ᱠᱚᱧᱮ ᱟᱯᱷᱨᱤᱠᱟ</annotation>
		<annotation cp="🇿🇦" type="tts">ᱪᱤᱨ: ᱠᱚᱧᱮ ᱟᱯᱷᱨᱤᱠᱟ</annotation>
		<annotation cp="🇿🇲">ᱪᱤᱨ | ᱪᱤᱨ: ᱡᱟᱢᱵᱤᱭᱟ</annotation>
		<annotation cp="🇿🇲" type="tts">ᱪᱤᱨ: ᱡᱟᱢᱵᱤᱭᱟ</annotation>
		<annotation cp="🇿🇼">ᱪᱤᱨ | ᱪᱤᱨ: ᱡᱤᱢᱵᱟᱣᱮ</annotation>
		<annotation cp="🇿🇼" type="tts">ᱪᱤᱨ: ᱡᱤᱢᱵᱟᱣᱮ</annotation>
		<annotation cp="¤">ᱵᱟᱝᱩᱨᱩᱢ ᱠᱟᱨᱮᱱᱥᱤ</annotation>
		<annotation cp="¤" type="tts">ᱵᱟᱝᱩᱨᱩᱢ ᱠᱟᱨᱮᱱᱥᱤ</annotation>
		<annotation cp="0⃣">ᱠᱤᱠᱮᱯ | ᱠᱤᱠᱮᱯ: 0</annotation>
		<annotation cp="0⃣" type="tts">ᱠᱤᱠᱮᱯ: 0</annotation>
		<annotation cp="1⃣">ᱠᱤᱠᱮᱯ | ᱠᱤᱠᱮᱯ: 1</annotation>
		<annotation cp="1⃣" type="tts">ᱠᱤᱠᱮᱯ: 1</annotation>
		<annotation cp="2⃣">ᱠᱤᱠᱮᱯ | ᱠᱤᱠᱮᱯ: 2</annotation>
		<annotation cp="2⃣" type="tts">ᱠᱤᱠᱮᱯ: 2</annotation>
		<annotation cp="3⃣">ᱠᱤᱠᱮᱯ | ᱠᱤᱠᱮᱯ: 3</annotation>
		<annotation cp="3⃣" type="tts">ᱠᱤᱠᱮᱯ: 3</annotation>
		<annotation cp="4⃣">ᱠᱤᱠᱮᱯ | ᱠᱤᱠᱮᱯ: 4</annotation>
		<annotation cp="4⃣" type="tts">ᱠᱤᱠᱮᱯ: 4</annotation>
		<annotation cp="5⃣">ᱠᱤᱠᱮᱯ | ᱠᱤᱠᱮᱯ: 5</annotation>
		<annotation cp="5⃣" type="tts">ᱠᱤᱠᱮᱯ: 5</annotation>
		<annotation cp="6⃣">ᱠᱤᱠᱮᱯ | ᱠᱤᱠᱮᱯ: 6</annotation>
		<annotation cp="6⃣" type="tts">ᱠᱤᱠᱮᱯ: 6</annotation>
		<annotation cp="7⃣">ᱠᱤᱠᱮᱯ | ᱠᱤᱠᱮᱯ: 7</annotation>
		<annotation cp="7⃣" type="tts">ᱠᱤᱠᱮᱯ: 7</annotation>
		<annotation cp="8⃣">ᱠᱤᱠᱮᱯ | ᱠᱤᱠᱮᱯ: 8</annotation>
		<annotation cp="8⃣" type="tts">ᱠᱤᱠᱮᱯ: 8</annotation>
		<annotation cp="9⃣">ᱠᱤᱠᱮᱯ | ᱠᱤᱠᱮᱯ: 9</annotation>
		<annotation cp="9⃣" type="tts">ᱠᱤᱠᱮᱯ: 9</annotation>
	</annotations>
</ldml>
