<?xml version="1.0" encoding="UTF-8" ?>
<!DOCTYPE ldml SYSTEM "../../common/dtd/ldml.dtd">
<!-- Copyright © 1991-2023 Unicode, Inc.
For terms of use, see http://www.unicode.org/copyright.html
SPDX-License-Identifier: Unicode-DFS-2016
CLDR data files are interpreted according to the LDML specification (http://unicode.org/reports/tr35/)

Derived short names and annotations, using GenerateDerivedAnnotations.java. See warnings in /annotations/ file.
-->
<ldml>
	<identity>
		<version number="$Revision$"/>
		<language type="sw"/>
		<territory type="KE"/>
	</identity>
	<annotations>
		<annotation cp="👊🏻">konde | kunja ngumi | mkono | mwili | ngozi nyeupe | ngumi | ngumi iliyonyooshewa | ngumi iliyonyooshewa: ngozi nyeupe</annotation>
		<annotation cp="👊🏻" type="tts">ngumi iliyonyooshewa: ngozi nyeupe</annotation>
		<annotation cp="👊🏼">konde | kunja ngumi | mkono | mwili | ngozi nyeupe kiasi | ngumi | ngumi iliyonyooshewa | ngumi iliyonyooshewa: ngozi nyeupe kiasi</annotation>
		<annotation cp="👊🏼" type="tts">ngumi iliyonyooshewa: ngozi nyeupe kiasi</annotation>
		<annotation cp="👊🏽">konde | kunja ngumi | mkono | mwili | ngozi ya kahawia | ngumi | ngumi iliyonyooshewa | ngumi iliyonyooshewa: ngozi ya kahawia</annotation>
		<annotation cp="👊🏽" type="tts">ngumi iliyonyooshewa: ngozi ya kahawia</annotation>
		<annotation cp="👊🏾">konde | kunja ngumi | mkono | mwili | ngozi nyeusi kiasi | ngumi | ngumi iliyonyooshewa | ngumi iliyonyooshewa: ngozi nyeusi kiasi</annotation>
		<annotation cp="👊🏾" type="tts">ngumi iliyonyooshewa: ngozi nyeusi kiasi</annotation>
		<annotation cp="👊🏿">konde | kunja ngumi | mkono | mwili | ngozi nyeusi | ngumi | ngumi iliyonyooshewa | ngumi iliyonyooshewa: ngozi nyeusi</annotation>
		<annotation cp="👊🏿" type="tts">ngumi iliyonyooshewa: ngozi nyeusi</annotation>
		<annotation cp="🤦🏻‍♀">ishara | kutoamini | mwanamke anayeashiria kutoamini | mwanamke anayeashiria kutoamini: ngozi nyeupe | mwanamke anayueashiria kutoamini | ngozi nyeupe</annotation>
		<annotation cp="🤦🏻‍♀" type="tts">mwanamke anayeashiria kutoamini: ngozi nyeupe</annotation>
		<annotation cp="🤦🏼‍♀">ishara | kutoamini | mwanamke anayeashiria kutoamini | mwanamke anayeashiria kutoamini: ngozi nyeupe kiasi | mwanamke anayueashiria kutoamini | ngozi nyeupe kiasi</annotation>
		<annotation cp="🤦🏼‍♀" type="tts">mwanamke anayeashiria kutoamini: ngozi nyeupe kiasi</annotation>
		<annotation cp="🤦🏽‍♀">ishara | kutoamini | mwanamke anayeashiria kutoamini | mwanamke anayeashiria kutoamini: ngozi ya kahawia | mwanamke anayueashiria kutoamini | ngozi ya kahawia</annotation>
		<annotation cp="🤦🏽‍♀" type="tts">mwanamke anayeashiria kutoamini: ngozi ya kahawia</annotation>
		<annotation cp="🤦🏾‍♀">ishara | kutoamini | mwanamke anayeashiria kutoamini | mwanamke anayeashiria kutoamini: ngozi nyeusi kiasi | mwanamke anayueashiria kutoamini | ngozi nyeusi kiasi</annotation>
		<annotation cp="🤦🏾‍♀" type="tts">mwanamke anayeashiria kutoamini: ngozi nyeusi kiasi</annotation>
		<annotation cp="🤦🏿‍♀">ishara | kutoamini | mwanamke anayeashiria kutoamini | mwanamke anayeashiria kutoamini: ngozi nyeusi | mwanamke anayueashiria kutoamini | ngozi nyeusi</annotation>
		<annotation cp="🤦🏿‍♀" type="tts">mwanamke anayeashiria kutoamini: ngozi nyeusi</annotation>
		<annotation cp="👨🏻‍🎓">fuzu | hitimu | kofia | mahafali | mwanafunzi na kofia ya kufuzu | ngozi nyeupe</annotation>
		<annotation cp="👨🏼‍🎓">fuzu | hitimu | kofia | mahafali | mwanafunzi na kofia ya kufuzu | ngozi nyeupe kiasi</annotation>
		<annotation cp="👨🏽‍🎓">fuzu | hitimu | kofia | mahafali | mwanafunzi na kofia ya kufuzu | ngozi ya kahawia</annotation>
		<annotation cp="👨🏾‍🎓">fuzu | hitimu | kofia | mahafali | mwanafunzi na kofia ya kufuzu | ngozi nyeusi kiasi</annotation>
		<annotation cp="👨🏿‍🎓">fuzu | hitimu | kofia | mahafali | mwanafunzi na kofia ya kufuzu | ngozi nyeusi</annotation>
		<annotation cp="👩🏻‍🎓">fuzu | hitimu | kofia | mahafali | mwanafunzi wa kike na kofia ya kufuzu | ngozi nyeupe</annotation>
		<annotation cp="👩🏼‍🎓">fuzu | hitimu | kofia | mahafali | mwanafunzi wa kike na kofia ya kufuzu | ngozi nyeupe kiasi</annotation>
		<annotation cp="👩🏽‍🎓">fuzu | hitimu | kofia | mahafali | mwanafunzi wa kike na kofia ya kufuzu | ngozi ya kahawia</annotation>
		<annotation cp="👩🏾‍🎓">fuzu | hitimu | kofia | mahafali | mwanafunzi wa kike na kofia ya kufuzu | ngozi nyeusi kiasi</annotation>
		<annotation cp="👩🏿‍🎓">fuzu | hitimu | kofia | mahafali | mwanafunzi wa kike na kofia ya kufuzu | ngozi nyeusi</annotation>
		<annotation cp="👮🏻">afisa | afisa wa polisi | afisa wa polisi: ngozi nyeupe | ngozi nyeupe | polisi</annotation>
		<annotation cp="👮🏻" type="tts">afisa wa polisi: ngozi nyeupe</annotation>
		<annotation cp="👮🏼">afisa | afisa wa polisi | afisa wa polisi: ngozi nyeupe kiasi | ngozi nyeupe kiasi | polisi</annotation>
		<annotation cp="👮🏼" type="tts">afisa wa polisi: ngozi nyeupe kiasi</annotation>
		<annotation cp="👮🏽">afisa | afisa wa polisi | afisa wa polisi: ngozi ya kahawia | ngozi ya kahawia | polisi</annotation>
		<annotation cp="👮🏽" type="tts">afisa wa polisi: ngozi ya kahawia</annotation>
		<annotation cp="👮🏾">afisa | afisa wa polisi | afisa wa polisi: ngozi nyeusi kiasi | ngozi nyeusi kiasi | polisi</annotation>
		<annotation cp="👮🏾" type="tts">afisa wa polisi: ngozi nyeusi kiasi</annotation>
		<annotation cp="👮🏿">afisa | afisa wa polisi | afisa wa polisi: ngozi nyeusi | ngozi nyeusi | polisi</annotation>
		<annotation cp="👮🏿" type="tts">afisa wa polisi: ngozi nyeusi</annotation>
		<annotation cp="🤰🏻">mjamzito | mwanamke | ngozi nyeupe</annotation>
		<annotation cp="🤰🏼">mjamzito | mwanamke | ngozi nyeupe kiasi</annotation>
		<annotation cp="🤰🏽">mjamzito | mwanamke | ngozi ya kahawia</annotation>
		<annotation cp="🤰🏾">mjamzito | mwanamke | ngozi nyeusi kiasi</annotation>
		<annotation cp="🤰🏿">mjamzito | mwanamke | ngozi nyeusi</annotation>
		<annotation cp="🏋🏻‍♂">mbeba vyuma | mwanamume anayebeba vyuma vizito | ngozi nyeupe | uzani | uzito</annotation>
		<annotation cp="🏋🏼‍♂">mbeba vyuma | mwanamume anayebeba vyuma vizito | ngozi nyeupe kiasi | uzani | uzito</annotation>
		<annotation cp="🏋🏽‍♂">mbeba vyuma | mwanamume anayebeba vyuma vizito | ngozi ya kahawia | uzani | uzito</annotation>
		<annotation cp="🏋🏾‍♂">mbeba vyuma | mwanamume anayebeba vyuma vizito | ngozi nyeusi kiasi | uzani | uzito</annotation>
		<annotation cp="🏋🏿‍♂">mbeba vyuma | mwanamume anayebeba vyuma vizito | ngozi nyeusi | uzani | uzito</annotation>
		<annotation cp="🏋🏻‍♀">mbeba vyuma | mwanamke anayebeba vyuma vizito | ngozi nyeupe | uzani | uzito</annotation>
		<annotation cp="🏋🏼‍♀">mbeba vyuma | mwanamke anayebeba vyuma vizito | ngozi nyeupe kiasi | uzani | uzito</annotation>
		<annotation cp="🏋🏽‍♀">mbeba vyuma | mwanamke anayebeba vyuma vizito | ngozi ya kahawia | uzani | uzito</annotation>
		<annotation cp="🏋🏾‍♀">mbeba vyuma | mwanamke anayebeba vyuma vizito | ngozi nyeusi kiasi | uzani | uzito</annotation>
		<annotation cp="🏋🏿‍♀">mbeba vyuma | mwanamke anayebeba vyuma vizito | ngozi nyeusi | uzani | uzito</annotation>
		<annotation cp="🤹🏻">mtu anayecheza mipira mingi | mtu anayecheza mipira mingi: ngozi nyeupe | ngozi nyeupe | shughuli nyingi</annotation>
		<annotation cp="🤹🏻" type="tts">mtu anayecheza mipira mingi: ngozi nyeupe</annotation>
		<annotation cp="🤹🏼">mtu anayecheza mipira mingi | mtu anayecheza mipira mingi: ngozi nyeupe kiasi | ngozi nyeupe kiasi | shughuli nyingi</annotation>
		<annotation cp="🤹🏼" type="tts">mtu anayecheza mipira mingi: ngozi nyeupe kiasi</annotation>
		<annotation cp="🤹🏽">mtu anayecheza mipira mingi | mtu anayecheza mipira mingi: ngozi ya kahawia | ngozi ya kahawia | shughuli nyingi</annotation>
		<annotation cp="🤹🏽" type="tts">mtu anayecheza mipira mingi: ngozi ya kahawia</annotation>
		<annotation cp="🤹🏾">mtu anayecheza mipira mingi | mtu anayecheza mipira mingi: ngozi nyeusi kiasi | ngozi nyeusi kiasi | shughuli nyingi</annotation>
		<annotation cp="🤹🏾" type="tts">mtu anayecheza mipira mingi: ngozi nyeusi kiasi</annotation>
		<annotation cp="🤹🏿">mtu anayecheza mipira mingi | mtu anayecheza mipira mingi: ngozi nyeusi | ngozi nyeusi | shughuli nyingi</annotation>
		<annotation cp="🤹🏿" type="tts">mtu anayecheza mipira mingi: ngozi nyeusi</annotation>
		<annotation cp="🇦🇫">bendera | bendera: Afghanistani</annotation>
		<annotation cp="🇦🇫" type="tts">bendera: Afghanistani</annotation>
		<annotation cp="🇦🇬">bendera | bendera: Antigua na Babuda</annotation>
		<annotation cp="🇦🇬" type="tts">bendera: Antigua na Babuda</annotation>
		<annotation cp="🇦🇮">bendera | bendera: Anguila</annotation>
		<annotation cp="🇦🇮" type="tts">bendera: Anguila</annotation>
		<annotation cp="🇦🇶">bendera | bendera: Antaktika</annotation>
		<annotation cp="🇦🇶" type="tts">bendera: Antaktika</annotation>
		<annotation cp="🇦🇿">bendera | bendera: Azabajani</annotation>
		<annotation cp="🇦🇿" type="tts">bendera: Azabajani</annotation>
		<annotation cp="🇧🇧">bendera | bendera: Babados</annotation>
		<annotation cp="🇧🇧" type="tts">bendera: Babados</annotation>
		<annotation cp="🇧🇯">bendera | bendera: Benini</annotation>
		<annotation cp="🇧🇯" type="tts">bendera: Benini</annotation>
		<annotation cp="🇧🇸">bendera | bendera: Bahamas</annotation>
		<annotation cp="🇧🇸" type="tts">bendera: Bahamas</annotation>
		<annotation cp="🇧🇹">bendera | bendera: Bhutani</annotation>
		<annotation cp="🇧🇹" type="tts">bendera: Bhutani</annotation>
		<annotation cp="🇧🇾">bendera | bendera: Belarusi</annotation>
		<annotation cp="🇧🇾" type="tts">bendera: Belarusi</annotation>
		<annotation cp="🇨🇨">bendera | bendera: Visiwa vya Kokos (Keeling)</annotation>
		<annotation cp="🇨🇨" type="tts">bendera: Visiwa vya Kokos (Keeling)</annotation>
		<annotation cp="🇨🇩">bendera | bendera: Kongo - Kinshasa</annotation>
		<annotation cp="🇨🇩" type="tts">bendera: Kongo - Kinshasa</annotation>
		<annotation cp="🇨🇻">bendera | bendera: Kepuvede</annotation>
		<annotation cp="🇨🇻" type="tts">bendera: Kepuvede</annotation>
		<annotation cp="🇨🇼">bendera | bendera: Kurakao</annotation>
		<annotation cp="🇨🇼" type="tts">bendera: Kurakao</annotation>
		<annotation cp="🇪🇦">bendera | bendera: Keuta na Melilla</annotation>
		<annotation cp="🇪🇦" type="tts">bendera: Keuta na Melilla</annotation>
		<annotation cp="🇪🇨">bendera | bendera: Ekwado</annotation>
		<annotation cp="🇪🇨" type="tts">bendera: Ekwado</annotation>
		<annotation cp="🇬🇦">bendera | bendera: Gaboni</annotation>
		<annotation cp="🇬🇦" type="tts">bendera: Gaboni</annotation>
		<annotation cp="🇬🇵">bendera | bendera: Gwadelupe</annotation>
		<annotation cp="🇬🇵" type="tts">bendera: Gwadelupe</annotation>
		<annotation cp="🇬🇸">bendera | bendera: Visiwa vya Jojia Kusini na Sandwich Kusini</annotation>
		<annotation cp="🇬🇸" type="tts">bendera: Visiwa vya Jojia Kusini na Sandwich Kusini</annotation>
		<annotation cp="🇬🇹">bendera | bendera: Gwatemala</annotation>
		<annotation cp="🇬🇹" type="tts">bendera: Gwatemala</annotation>
		<annotation cp="🇬🇺">bendera | bendera: Guami</annotation>
		<annotation cp="🇬🇺" type="tts">bendera: Guami</annotation>
		<annotation cp="🇭🇷">bendera | bendera: Kroashia</annotation>
		<annotation cp="🇭🇷" type="tts">bendera: Kroashia</annotation>
		<annotation cp="🇯🇴">bendera | bendera: Yordani</annotation>
		<annotation cp="🇯🇴" type="tts">bendera: Yordani</annotation>
		<annotation cp="🇱🇦">bendera | bendera: Laosi</annotation>
		<annotation cp="🇱🇦" type="tts">bendera: Laosi</annotation>
		<annotation cp="🇱🇧">bendera | bendera: Lebanoni</annotation>
		<annotation cp="🇱🇧" type="tts">bendera: Lebanoni</annotation>
		<annotation cp="🇱🇮">bendera | bendera: Lishenteni</annotation>
		<annotation cp="🇱🇮" type="tts">bendera: Lishenteni</annotation>
		<annotation cp="🇱🇸">bendera | bendera: Lesotho</annotation>
		<annotation cp="🇱🇸" type="tts">bendera: Lesotho</annotation>
		<annotation cp="🇱🇺">bendera | bendera: Lasembagi</annotation>
		<annotation cp="🇱🇺" type="tts">bendera: Lasembagi</annotation>
		<annotation cp="🇱🇻">bendera | bendera: Lativia</annotation>
		<annotation cp="🇱🇻" type="tts">bendera: Lativia</annotation>
		<annotation cp="🇲🇦">bendera | bendera: Moroko</annotation>
		<annotation cp="🇲🇦" type="tts">bendera: Moroko</annotation>
		<annotation cp="🇲🇨">bendera | bendera: Monako</annotation>
		<annotation cp="🇲🇨" type="tts">bendera: Monako</annotation>
		<annotation cp="🇲🇰">bendera | bendera: Masedonia</annotation>
		<annotation cp="🇲🇰" type="tts">bendera: Masedonia</annotation>
		<annotation cp="🇲🇲">bendera | bendera: Myama (Burma)</annotation>
		<annotation cp="🇲🇲" type="tts">bendera: Myama (Burma)</annotation>
		<annotation cp="🇲🇸">bendera | bendera: Montserati</annotation>
		<annotation cp="🇲🇸" type="tts">bendera: Montserati</annotation>
		<annotation cp="🇳🇨">bendera | bendera: Nyukaledonia</annotation>
		<annotation cp="🇳🇨" type="tts">bendera: Nyukaledonia</annotation>
		<annotation cp="🇳🇪">bendera | bendera: Nijeri</annotation>
		<annotation cp="🇳🇪" type="tts">bendera: Nijeri</annotation>
		<annotation cp="🇳🇴">bendera | bendera: Norwe</annotation>
		<annotation cp="🇳🇴" type="tts">bendera: Norwe</annotation>
		<annotation cp="🇳🇵">bendera | bendera: Nepali</annotation>
		<annotation cp="🇳🇵" type="tts">bendera: Nepali</annotation>
		<annotation cp="🇴🇲">bendera | bendera: Omani</annotation>
		<annotation cp="🇴🇲" type="tts">bendera: Omani</annotation>
		<annotation cp="🇵🇫">bendera | bendera: Polinesia ya Ufaransa</annotation>
		<annotation cp="🇵🇫" type="tts">bendera: Polinesia ya Ufaransa</annotation>
		<annotation cp="🇵🇬">bendera | bendera: Papua Guinea Mpya</annotation>
		<annotation cp="🇵🇬" type="tts">bendera: Papua Guinea Mpya</annotation>
		<annotation cp="🇵🇱">bendera | bendera: Polandi</annotation>
		<annotation cp="🇵🇱" type="tts">bendera: Polandi</annotation>
		<annotation cp="🇵🇲">bendera | bendera: St. Pierre na Miquelon</annotation>
		<annotation cp="🇵🇲" type="tts">bendera: St. Pierre na Miquelon</annotation>
		<annotation cp="🇵🇷">bendera | bendera: Pwetoriko</annotation>
		<annotation cp="🇵🇷" type="tts">bendera: Pwetoriko</annotation>
		<annotation cp="🇵🇸">bendera | bendera: Himaya za Palestina</annotation>
		<annotation cp="🇵🇸" type="tts">bendera: Himaya za Palestina</annotation>
		<annotation cp="🇵🇾">bendera | bendera: Paragwai</annotation>
		<annotation cp="🇵🇾" type="tts">bendera: Paragwai</annotation>
		<annotation cp="🇶🇦">bendera | bendera: Katari</annotation>
		<annotation cp="🇶🇦" type="tts">bendera: Katari</annotation>
		<annotation cp="🇸🇬">bendera | bendera: Singapuri</annotation>
		<annotation cp="🇸🇬" type="tts">bendera: Singapuri</annotation>
		<annotation cp="🇸🇹">bendera | bendera: Sao Tome na Prinsipe</annotation>
		<annotation cp="🇸🇹" type="tts">bendera: Sao Tome na Prinsipe</annotation>
		<annotation cp="🇸🇻">bendera | bendera: Elsalvado</annotation>
		<annotation cp="🇸🇻" type="tts">bendera: Elsalvado</annotation>
		<annotation cp="🇸🇾">bendera | bendera: Shamu</annotation>
		<annotation cp="🇸🇾" type="tts">bendera: Shamu</annotation>
		<annotation cp="🇹🇩">bendera | bendera: Chadi</annotation>
		<annotation cp="🇹🇩" type="tts">bendera: Chadi</annotation>
		<annotation cp="🇹🇭">bendera | bendera: Thailandi</annotation>
		<annotation cp="🇹🇭" type="tts">bendera: Thailandi</annotation>
		<annotation cp="🇹🇲">bendera | bendera: Turukimenstani</annotation>
		<annotation cp="🇹🇲" type="tts">bendera: Turukimenstani</annotation>
		<annotation cp="🇹🇼">bendera | bendera: Taiwani</annotation>
		<annotation cp="🇹🇼" type="tts">bendera: Taiwani</annotation>
		<annotation cp="🇺🇦">bendera | bendera: Ukreni</annotation>
		<annotation cp="🇺🇦" type="tts">bendera: Ukreni</annotation>
		<annotation cp="🇺🇾">bendera | bendera: Urugwai</annotation>
		<annotation cp="🇺🇾" type="tts">bendera: Urugwai</annotation>
		<annotation cp="🇻🇦">bendera | bendera: Mji wa Vatikani</annotation>
		<annotation cp="🇻🇦" type="tts">bendera: Mji wa Vatikani</annotation>
		<annotation cp="🇻🇬">bendera | bendera: Visiwa vya Virgin vya Uingereza</annotation>
		<annotation cp="🇻🇬" type="tts">bendera: Visiwa vya Virgin vya Uingereza</annotation>
		<annotation cp="🇻🇮">bendera | bendera: Visiwa vya Virgin vya Marekani</annotation>
		<annotation cp="🇻🇮" type="tts">bendera: Visiwa vya Virgin vya Marekani</annotation>
		<annotation cp="🇾🇹">bendera | bendera: Mayote</annotation>
		<annotation cp="🇾🇹" type="tts">bendera: Mayote</annotation>
		<annotation cp="🏴󠁧󠁢󠁷󠁬󠁳󠁿">bendera | bendera: Wales</annotation>
		<annotation cp="🏴󠁧󠁢󠁷󠁬󠁳󠁿" type="tts">bendera: Wales</annotation>
		<annotation cp="¤">Sarafu Isiyojulikana</annotation>
		<annotation cp="¤" type="tts">Sarafu Isiyojulikana</annotation>
		<annotation cp="؋">Afghani ya Afghanistani</annotation>
		<annotation cp="؋" type="tts">Afghani ya Afghanistani</annotation>
		<annotation cp="৳">Taka ya Bangladeshi</annotation>
		<annotation cp="৳" type="tts">Taka ya Bangladeshi</annotation>
		<annotation cp="฿">Bahti ya Tailandi</annotation>
		<annotation cp="฿" type="tts">Bahti ya Tailandi</annotation>
		<annotation cp="៛">Rieli ya Kambodia</annotation>
		<annotation cp="៛" type="tts">Rieli ya Kambodia</annotation>
		<annotation cp="₦">Naira ya Naijeria</annotation>
		<annotation cp="₦" type="tts">Naira ya Naijeria</annotation>
		<annotation cp="₫">Dong ya Vietnamu</annotation>
		<annotation cp="₫" type="tts">Dong ya Vietnamu</annotation>
		<annotation cp="₴">Hryvnia ya Ukraini</annotation>
		<annotation cp="₴" type="tts">Hryvnia ya Ukraini</annotation>
		<annotation cp="₵">Sidi ya Ghana</annotation>
		<annotation cp="₵" type="tts">Sidi ya Ghana</annotation>
		<annotation cp="₸">Tenge ya Kazakistani</annotation>
		<annotation cp="₸" type="tts">Tenge ya Kazakistani</annotation>
		<annotation cp="₼">Manati ya Azabajani</annotation>
		<annotation cp="₼" type="tts">Manati ya Azabajani</annotation>
		<annotation cp="₾">Lari ya Jiojia</annotation>
		<annotation cp="₾" type="tts">Lari ya Jiojia</annotation>
	</annotations>
</ldml>
